EXAMPLE_ID,RANK_1,RANK_2,RANK_3,RANK_4,RANK_5
valid_ic_seq_0001_60,MEASURE VIA CD,DEPOSIT BARRIER METAL,MEASURE SHEET RESISTANCE,DEPOSIT METAL 1,MEASURE VIA RESISTANCE
valid_ic_seq_0001_80,PASSIVATION ETCH PAD OPENING,PASSIVATION ETCH,VIA ETCH THROUGH DIELECTRIC,VIA ETCH,SWITCHING TEST
valid_ic_seq_0002_60,STRIP PHOTORESIST,STRIP RESIST,STRIP RESIST LEVEL 2,HARD BAKE,DEVELOP PHOTORESIST
valid_ic_seq_0002_80,MEASURE PASSIVATION THICKNESS,MEASURE PASSIVATION QUALITY,MEASURE FILM THICKNESS,MEASURE OXIDE THICKNESS,DEPOSIT PASSIVATION LAYER
valid_ic_seq_0003_60,CLEAN AFTER VIA ETCH,CLEAN AFTER ETCH,CLEAN AFTER METAL ETCH,CLEAN AFTER POLY ETCH,DEPOSIT TUNGSTEN SEED
valid_ic_seq_0003_80,MEASURE PASSIVATION THICKNESS,MEASURE PASSIVATION QUALITY,MEASURE FILM THICKNESS,MEASURE OXIDE THICKNESS,PASSIVATION ETCH PAD OPENING
valid_ic_seq_0004_60,DEPOSIT BARRIER METAL,MEASURE VIA CD,DEPOSIT POLYSILICON,IMPLANT N-TYPE,DEPOSIT PASSIVATION
valid_ic_seq_0004_80,DEVELOP PHOTORESIST,DEVELOP PAD WINDOW,POST EXPOSE BAKE,OPEN PAD WINDOW LITHO,PAD WINDOW LITHO
valid_ic_seq_0005_60,CLEAN AFTER VIA ETCH,CLEAN AFTER ETCH,CLEAN AFTER METAL ETCH,CLEAN PAD OPENING,DEPOSIT TUNGSTEN SEED
valid_ic_seq_0005_80,OPEN PAD WINDOW LITHO,PAD WINDOW LITHO,DEVELOP PAD WINDOW,OPEN BOND PAD WINDOW,OPEN PAD WINDOW
valid_ic_seq_0006_60,CLEAN AFTER VIA ETCH,CLEAN AFTER ETCH,DEPOSIT TUNGSTEN SEED,CLEAN AFTER METAL ETCH,CLEAN PAD OPENING
valid_ic_seq_0006_80,OPEN PAD WINDOW LITHO,PAD WINDOW LITHO,DEVELOP PAD WINDOW,OPEN BOND PAD WINDOW,OPEN PAD WINDOW
valid_ic_seq_0007_60,STRIP RESIST,STRIP PHOTORESIST,STRIP RESIST LEVEL 2,HARD BAKE,DEVELOP PHOTORESIST
valid_ic_seq_0007_80,DEVELOP PHOTORESIST,DEVELOP PAD WINDOW,POST EXPOSE BAKE,OPEN PAD WINDOW LITHO,PARAMETRIC TEST
valid_ic_seq_0008_60,CLEAN AFTER VIA ETCH,CLEAN AFTER ETCH,CLEAN AFTER METAL ETCH,CLEAN AFTER POLY ETCH,CLEAN PAD OPENING
valid_ic_seq_0008_80,OPEN PAD WINDOW LITHO,PAD WINDOW LITHO,OPEN BOND PAD WINDOW,OPEN PAD WINDOW,DEVELOP PAD WINDOW
valid_ic_seq_0009_60,MEASURE VIA CD,DEPOSIT BARRIER METAL,SPIN COAT PHOTORESIST,MEASURE SHEET RESISTANCE,DEPOSIT METAL 1
valid_ic_seq_0009_80,PASSIVATION ETCH PAD OPENING,PASSIVATION ETCH,SWITCHING TEST,SHIP LOT,THRESHOLD VOLTAGE TEST
valid_ic_seq_0010_60,STRIP PHOTORESIST,STRIP RESIST,STRIP RESIST LEVEL 2,HARD BAKE,DEVELOP PHOTORESIST
valid_ic_seq_0010_80,OPEN PAD WINDOW,OPEN BOND PAD WINDOW,PAD WINDOW LITHO,OPEN PAD WINDOW LITHO,DEVELOP PAD WINDOW
valid_ic_seq_0011_60,MEASURE VIA CD,DEPOSIT BARRIER METAL,MEASURE SHEET RESISTANCE,SPIN COAT PHOTORESIST,DEPOSIT METAL 1
valid_ic_seq_0011_80,OPEN PAD WINDOW,OPEN BOND PAD WINDOW,PAD WINDOW LITHO,OPEN PAD WINDOW LITHO,FINAL LOT RELEASE
valid_ic_seq_0012_60,MEASURE VIA CD,DEPOSIT BARRIER METAL,SPIN COAT PHOTORESIST,MEASURE SHEET RESISTANCE,DEPOSIT METAL 1
valid_ic_seq_0012_80,DEVELOP PAD WINDOW,DEVELOP PHOTORESIST,POST EXPOSE BAKE,PARAMETRIC TEST,OPEN PAD WINDOW LITHO
valid_ic_seq_0013_60,CLEAN AFTER VIA ETCH,ALIGN MASK LEVEL 3,DEPOSIT TUNGSTEN SEED,CLEAN AFTER ETCH,CLEAN PAD OPENING
valid_ic_seq_0013_80,PAD WINDOW LITHO,OPEN PAD WINDOW LITHO,OPEN BOND PAD WINDOW,OPEN PAD WINDOW,DEVELOP PAD WINDOW
valid_ic_seq_0014_60,STRIP RESIST,STRIP PHOTORESIST,STRIP RESIST LEVEL 2,HARD BAKE,DEVELOP PHOTORESIST
valid_ic_seq_0014_80,OPEN PAD WINDOW,OPEN BOND PAD WINDOW,PAD WINDOW LITHO,OPEN PAD WINDOW LITHO,DEVELOP PAD WINDOW
valid_ic_seq_0015_60,CLEAN AFTER VIA ETCH,ALIGN MASK LEVEL 3,DEPOSIT TUNGSTEN SEED,CLEAN AFTER ETCH,CLEAN PAD OPENING
valid_ic_seq_0015_80,OPEN PAD WINDOW LITHO,PAD WINDOW LITHO,OPEN BOND PAD WINDOW,OPEN PAD WINDOW,DEVELOP PAD WINDOW
valid_ic_seq_0016_60,MEASURE VIA CD,DEPOSIT BARRIER METAL,SPIN COAT PHOTORESIST,MEASURE SHEET RESISTANCE,DEPOSIT METAL 1
valid_ic_seq_0016_80,PASSIVATION ETCH PAD OPENING,PASSIVATION ETCH,SWITCHING TEST,VIA ETCH THROUGH DIELECTRIC,VIA ETCH
valid_ic_seq_0017_60,MEASURE VIA CD,DEPOSIT BARRIER METAL,SPIN COAT PHOTORESIST,MEASURE METAL THICKNESS,DEPOSIT METAL 1
valid_ic_seq_0017_80,OPEN PAD WINDOW LITHO,PAD WINDOW LITHO,DEVELOP PAD WINDOW,OPEN BOND PAD WINDOW,OPEN PAD WINDOW
valid_ic_seq_0018_60,DEPOSIT BARRIER METAL,MEASURE VIA CD,IMPLANT N-TYPE,DEPOSIT POLYSILICON,DEPOSIT PASSIVATION
valid_ic_seq_0018_80,PASSIVATION ETCH PAD OPENING,PASSIVATION ETCH,MEASURE PASSIVATION THICKNESS,MEASURE PASSIVATION QUALITY,DEPOSIT PASSIVATION LAYER
valid_ic_seq_0019_60,CLEAN AFTER VIA ETCH,CLEAN AFTER ETCH,DEPOSIT TUNGSTEN SEED,ALIGN MASK LEVEL 3,CLEAN AFTER METAL ETCH
valid_ic_seq_0019_80,OPEN PAD WINDOW LITHO,PAD WINDOW LITHO,DEVELOP PAD WINDOW,OPEN BOND PAD WINDOW,OPEN PAD WINDOW
valid_ic_seq_0020_60,CLEAN AFTER VIA ETCH,DEPOSIT TUNGSTEN SEED,CLEAN AFTER ETCH,ALIGN MASK LEVEL 3,CLEAN AFTER METAL ETCH
valid_ic_seq_0020_80,PAD WINDOW LITHO,OPEN PAD WINDOW LITHO,OPEN BOND PAD WINDOW,OPEN PAD WINDOW,DEVELOP PAD WINDOW
valid_ic_seq_0021_60,HARD BAKE,VIA ETCH THROUGH DIELECTRIC,VIA ETCH,DIELECTRIC ETCH VIA,POLYSILICON ETCH DRY
valid_ic_seq_0021_80,MEASURE PASSIVATION QUALITY,MEASURE PASSIVATION THICKNESS,MEASURE FILM THICKNESS,MEASURE OXIDE THICKNESS,DEPOSIT PASSIVATION LAYER
valid_ic_seq_0022_60,STRIP PHOTORESIST,STRIP RESIST,STRIP RESIST LEVEL 2,HARD BAKE,DEVELOP PHOTORESIST
valid_ic_seq_0022_80,OPEN PAD WINDOW,OPEN BOND PAD WINDOW,PAD WINDOW LITHO,OPEN PAD WINDOW LITHO,DEVELOP PAD WINDOW
valid_ic_seq_0023_60,MEASURE VIA CD,DEPOSIT BARRIER METAL,MEASURE SHEET RESISTANCE,ANNEAL METAL,SPIN COAT PHOTORESIST
valid_ic_seq_0023_80,PASSIVATION ETCH PAD OPENING,PASSIVATION ETCH,VIA ETCH THROUGH DIELECTRIC,DIELECTRIC ETCH VIA,SWITCHING TEST
valid_ic_seq_0024_60,STRIP PHOTORESIST,STRIP RESIST,STRIP RESIST LEVEL 2,HARD BAKE,DEVELOP PHOTORESIST
valid_ic_seq_0024_80,OPEN PAD WINDOW,OPEN BOND PAD WINDOW,PAD WINDOW LITHO,OPEN PAD WINDOW LITHO,DEVELOP PAD WINDOW
valid_ic_seq_0025_60,CLEAN AFTER VIA ETCH,CLEAN AFTER ETCH,CLEAN AFTER METAL ETCH,CLEAN AFTER POLY ETCH,CLEAN PAD OPENING
valid_ic_seq_0025_80,OPEN PAD WINDOW,OPEN BOND PAD WINDOW,PAD WINDOW LITHO,OPEN PAD WINDOW LITHO,DEVELOP PAD WINDOW
valid_ic_seq_0026_60,MEASURE VIA CD,DEPOSIT BARRIER METAL,MEASURE SHEET RESISTANCE,DEPOSIT METAL 1,MEASURE VIA RESISTANCE
valid_ic_seq_0026_80,OPEN PAD WINDOW LITHO,PAD WINDOW LITHO,DEVELOP PAD WINDOW,OPEN BOND PAD WINDOW,OPEN PAD WINDOW
valid_ic_seq_0027_60,STRIP PHOTORESIST,STRIP RESIST,STRIP RESIST LEVEL 2,HARD BAKE,DEVELOP PHOTORESIST
valid_ic_seq_0027_80,OPEN BOND PAD WINDOW,OPEN PAD WINDOW,PAD WINDOW LITHO,OPEN PAD WINDOW LITHO,PASSIVATION ETCH PAD OPENING
valid_ic_seq_0028_60,MEASURE VIA CD,DEPOSIT BARRIER METAL,DEPOSIT METAL 1,MEASURE SHEET RESISTANCE,DEPOSIT TOP METAL
valid_ic_seq_0028_80,PAD WINDOW LITHO,OPEN PAD WINDOW LITHO,OPEN BOND PAD WINDOW,OPEN PAD WINDOW,DEVELOP PAD WINDOW
valid_ic_seq_0029_60,CLEAN AFTER VIA ETCH,CLEAN AFTER ETCH,DEPOSIT TUNGSTEN SEED,CLEAN AFTER METAL ETCH,CLEAN PAD OPENING
valid_ic_seq_0029_80,DEVELOP PAD WINDOW,DEVELOP PHOTORESIST,POST EXPOSE BAKE,PARAMETRIC TEST,THRESHOLD VOLTAGE TEST
valid_ic_seq_0030_60,MEASURE VIA CD,DEPOSIT BARRIER METAL,MEASURE SHEET RESISTANCE,SPIN COAT PHOTORESIST,DEPOSIT METAL 1
valid_ic_seq_0030_80,OPEN PAD WINDOW LITHO,PAD WINDOW LITHO,DEVELOP PAD WINDOW,OPEN BOND PAD WINDOW,OPEN PAD WINDOW
valid_ic_seq_0031_60,VIA ETCH,VIA ETCH THROUGH DIELECTRIC,DIELECTRIC ETCH VIA,HARD BAKE,DEPOSIT INTERLEVEL DIELECTRIC
valid_ic_seq_0031_80,OPEN PAD WINDOW,OPEN BOND PAD WINDOW,PAD WINDOW LITHO,OPEN PAD WINDOW LITHO,DEVELOP PAD WINDOW
valid_ic_seq_0032_60,DEPOSIT BARRIER METAL,MEASURE VIA CD,IMPLANT N-TYPE,DEPOSIT POLYSILICON,DEPOSIT PASSIVATION
valid_ic_seq_0032_80,PASSIVATION ETCH,PASSIVATION ETCH PAD OPENING,MEASURE PASSIVATION THICKNESS,VIA ETCH THROUGH DIELECTRIC,MEASURE PASSIVATION QUALITY
valid_ic_seq_0033_60,CLEAN AFTER VIA ETCH,CLEAN AFTER ETCH,CLEAN PAD OPENING,CLEAN AFTER METAL ETCH,CLEAN AFTER POLY ETCH
valid_ic_seq_0033_80,OPEN PAD WINDOW LITHO,PAD WINDOW LITHO,DEVELOP PAD WINDOW,OPEN BOND PAD WINDOW,OPEN PAD WINDOW
valid_ic_seq_0034_60,STRIP PHOTORESIST,STRIP RESIST,STRIP RESIST LEVEL 2,HARD BAKE,DEVELOP PHOTORESIST
valid_ic_seq_0034_80,OPEN PAD WINDOW LITHO,PAD WINDOW LITHO,OPEN BOND PAD WINDOW,DEVELOP PAD WINDOW,OPEN PAD WINDOW
valid_ic_seq_0035_60,MEASURE VIA CD,DEPOSIT BARRIER METAL,MEASURE SHEET RESISTANCE,SPIN COAT PHOTORESIST,DEPOSIT METAL 1
valid_ic_seq_0035_80,OPEN PAD WINDOW LITHO,PAD WINDOW LITHO,OPEN BOND PAD WINDOW,OPEN PAD WINDOW,DEVELOP PAD WINDOW
valid_ic_seq_0036_60,MEASURE VIA CD,DEPOSIT BARRIER METAL,MEASURE SHEET RESISTANCE,SPIN COAT PHOTORESIST,DEPOSIT METAL 1
valid_ic_seq_0036_80,OPEN PAD WINDOW LITHO,PAD WINDOW LITHO,DEVELOP PAD WINDOW,OPEN BOND PAD WINDOW,OPEN PAD WINDOW
valid_ic_seq_0037_60,MEASURE VIA CD,DEPOSIT BARRIER METAL,MEASURE SHEET RESISTANCE,DEPOSIT METAL 1,MEASURE VIA RESISTANCE
valid_ic_seq_0037_80,DEVELOP PAD WINDOW,DEVELOP PHOTORESIST,POST EXPOSE BAKE,PARAMETRIC TEST,OPEN PAD WINDOW LITHO
valid_ic_seq_0038_60,CLEAN AFTER VIA ETCH,CLEAN AFTER ETCH,DEPOSIT TUNGSTEN SEED,ALIGN MASK LEVEL 3,CLEAN AFTER POLY ETCH
valid_ic_seq_0038_80,OPEN BOND PAD WINDOW,OPEN PAD WINDOW,PAD WINDOW LITHO,OPEN PAD WINDOW LITHO,FINAL LOT RELEASE
valid_ic_seq_0039_60,MEASURE VIA CD,DEPOSIT BARRIER METAL,DEPOSIT METAL 1,MEASURE VIA RESISTANCE,DEPOSIT TOP METAL
valid_ic_seq_0039_80,PASSIVATION ETCH,PASSIVATION ETCH PAD OPENING,VIA ETCH THROUGH DIELECTRIC,MEASURE PASSIVATION THICKNESS,VIA ETCH
valid_ic_seq_0040_60,CLEAN AFTER VIA ETCH,CLEAN AFTER ETCH,CLEAN AFTER METAL ETCH,CLEAN AFTER POLY ETCH,CLEAN PAD OPENING
valid_ic_seq_0040_80,OPEN BOND PAD WINDOW,OPEN PAD WINDOW,PAD WINDOW LITHO,OPEN PAD WINDOW LITHO,PASSIVATION ETCH PAD OPENING
valid_ic_seq_0041_60,CLEAN AFTER VIA ETCH,DEPOSIT TUNGSTEN SEED,CLEAN AFTER ETCH,ALIGN MASK LEVEL 3,CLEAN AFTER METAL ETCH
valid_ic_seq_0041_80,OPEN BOND PAD WINDOW,OPEN PAD WINDOW,PAD WINDOW LITHO,OPEN PAD WINDOW LITHO,MEASURE SHEET RESISTANCE
valid_ic_seq_0042_60,CLEAN AFTER VIA ETCH,CLEAN AFTER ETCH,DEPOSIT TUNGSTEN SEED,CLEAN AFTER METAL ETCH,SURFACE PREP FOR DEPOSITION
valid_ic_seq_0042_80,DEVELOP PAD WINDOW,DEVELOP PHOTORESIST,POST EXPOSE BAKE,PARAMETRIC TEST,OPEN PAD WINDOW LITHO
valid_ic_seq_0043_60,MEASURE VIA CD,DEPOSIT BARRIER METAL,SPIN COAT PHOTORESIST,DEPOSIT METAL 1,DEPOSIT TOP METAL
valid_ic_seq_0043_80,PAD WINDOW LITHO,OPEN PAD WINDOW LITHO,OPEN BOND PAD WINDOW,OPEN PAD WINDOW,DEVELOP PAD WINDOW
valid_ic_seq_0044_60,CLEAN AFTER VIA ETCH,CLEAN AFTER METAL ETCH,CLEAN AFTER ETCH,CLEAN AFTER POLY ETCH,DEPOSIT TUNGSTEN SEED
valid_ic_seq_0044_80,MEASURE PASSIVATION QUALITY,MEASURE PASSIVATION THICKNESS,MEASURE FILM THICKNESS,DEPOSIT PASSIVATION LAYER,MEASURE OXIDE THICKNESS
valid_ic_seq_0045_60,HARD BAKE,VIA ETCH,DIELECTRIC ETCH VIA,VIA ETCH THROUGH DIELECTRIC,POLYSILICON ETCH DRY
valid_ic_seq_0045_80,OPEN PAD WINDOW,OPEN BOND PAD WINDOW,PAD WINDOW LITHO,OPEN PAD WINDOW LITHO,PASSIVATION ETCH PAD OPENING
valid_ic_seq_0046_60,STRIP RESIST,STRIP PHOTORESIST,STRIP RESIST LEVEL 2,HARD BAKE,DEVELOP PHOTORESIST
valid_ic_seq_0046_80,OPEN PAD WINDOW,OPEN BOND PAD WINDOW,PAD WINDOW LITHO,OPEN PAD WINDOW LITHO,DEVELOP PAD WINDOW
valid_ic_seq_0047_60,STRIP PHOTORESIST,STRIP RESIST,STRIP RESIST LEVEL 2,HARD BAKE,DEVELOP PHOTORESIST
valid_ic_seq_0047_80,OPEN BOND PAD WINDOW,OPEN PAD WINDOW,PAD WINDOW LITHO,OPEN PAD WINDOW LITHO,PASSIVATION ETCH PAD OPENING
valid_ic_seq_0048_60,VIA ETCH,VIA ETCH THROUGH DIELECTRIC,DIELECTRIC ETCH VIA,HARD BAKE,DEPOSIT INTERLEVEL DIELECTRIC
valid_ic_seq_0048_80,OPEN PAD WINDOW LITHO,PAD WINDOW LITHO,OPEN BOND PAD WINDOW,DEVELOP PAD WINDOW,OPEN PAD WINDOW
valid_ic_seq_0049_60,MEASURE VIA CD,DEPOSIT BARRIER METAL,DEPOSIT METAL 1,MEASURE SHEET RESISTANCE,MEASURE CD LEVEL 1
valid_ic_seq_0049_80,OPEN PAD WINDOW LITHO,PAD WINDOW LITHO,OPEN BOND PAD WINDOW,DEVELOP PAD WINDOW,OPEN PAD WINDOW
valid_ic_seq_0050_60,DIELECTRIC ETCH VIA,VIA ETCH,HARD BAKE,VIA ETCH THROUGH DIELECTRIC,POLYSILICON ETCH DRY
valid_ic_seq_0050_80,PAD WINDOW LITHO,OPEN PAD WINDOW LITHO,DEVELOP PAD WINDOW,OPEN BOND PAD WINDOW,OPEN PAD WINDOW
valid_ic_seq_0051_60,DEPOSIT BARRIER METAL,MEASURE VIA CD,DEPOSIT POLYSILICON,IMPLANT N-TYPE,DEPOSIT METAL 1
valid_ic_seq_0051_80,OPEN PAD WINDOW LITHO,PAD WINDOW LITHO,DEVELOP PAD WINDOW,OPEN BOND PAD WINDOW,OPEN PAD WINDOW
valid_ic_seq_0052_60,MEASURE VIA CD,DEPOSIT BARRIER METAL,MEASURE SHEET RESISTANCE,SPIN COAT PHOTORESIST,DEPOSIT METAL 1
valid_ic_seq_0052_80,OPEN PAD WINDOW LITHO,PAD WINDOW LITHO,DEVELOP PAD WINDOW,OPEN BOND PAD WINDOW,OPEN PAD WINDOW
valid_ic_seq_0053_60,CLEAN AFTER VIA ETCH,CLEAN AFTER ETCH,CLEAN AFTER METAL ETCH,CLEAN AFTER POLY ETCH,CLEAN PAD OPENING
valid_ic_seq_0053_80,OPEN PAD WINDOW,OPEN BOND PAD WINDOW,PAD WINDOW LITHO,OPEN PAD WINDOW LITHO,DEVELOP PAD WINDOW
valid_ic_seq_0054_60,HARD BAKE,VIA ETCH THROUGH DIELECTRIC,VIA ETCH,DIELECTRIC ETCH VIA,POLYSILICON ETCH DRY
valid_ic_seq_0054_80,MEASURE PASSIVATION QUALITY,MEASURE PASSIVATION THICKNESS,MEASURE FILM THICKNESS,DEPOSIT PASSIVATION LAYER,MEASURE OXIDE THICKNESS
valid_ic_seq_0055_60,HARD BAKE,VIA ETCH THROUGH DIELECTRIC,DIELECTRIC ETCH VIA,VIA ETCH,POLYSILICON ETCH DRY
valid_ic_seq_0055_80,OPEN PAD WINDOW,OPEN BOND PAD WINDOW,PAD WINDOW LITHO,OPEN PAD WINDOW LITHO,DEVELOP PAD WINDOW
valid_ic_seq_0056_60,MEASURE VIA CD,DEPOSIT BARRIER METAL,MEASURE SHEET RESISTANCE,SPIN COAT PHOTORESIST,DEPOSIT METAL 1
valid_ic_seq_0056_80,PAD WINDOW LITHO,OPEN PAD WINDOW LITHO,OPEN BOND PAD WINDOW,DEVELOP PAD WINDOW,OPEN PAD WINDOW
valid_ic_seq_0057_60,DEPOSIT BARRIER METAL,MEASURE VIA CD,DEPOSIT POLYSILICON,DEPOSIT INTERLAYER DIELECTRIC,DEPOSIT INTERLEVEL DIELECTRIC
valid_ic_seq_0057_80,STRIP PHOTORESIST,STRIP RESIST,STRIP RESIST LEVEL 2,HARD BAKE,DEVELOP PHOTORESIST
valid_ic_seq_0058_60,CLEAN AFTER VIA ETCH,CLEAN AFTER ETCH,CLEAN PAD OPENING,CLEAN AFTER METAL ETCH,RCA CLEAN 2
valid_ic_seq_0058_80,OPEN PAD WINDOW LITHO,PAD WINDOW LITHO,DEVELOP PAD WINDOW,OPEN BOND PAD WINDOW,OPEN PAD WINDOW
valid_ic_seq_0059_60,DEPOSIT TUNGSTEN SEED,FILL VIA TUNGSTEN,RINSE WET WAFER_EDGE,ANNEAL POLYSILICON,CLEAN AFTER VIA ETCH
valid_ic_seq_0059_80,PASSIVATION ETCH PAD OPENING,PASSIVATION ETCH,VIA ETCH,VIA ETCH THROUGH DIELECTRIC,DIELECTRIC ETCH VIA
valid_ic_seq_0060_60,CLEAN AFTER VIA ETCH,CLEAN AFTER ETCH,CLEAN PAD OPENING,CLEAN AFTER METAL ETCH,RCA CLEAN 2
valid_ic_seq_0060_80,OPEN BOND PAD WINDOW,OPEN PAD WINDOW,PAD WINDOW LITHO,OPEN PAD WINDOW LITHO,DEVELOP PAD WINDOW
valid_ic_seq_0061_60,DEPOSIT BARRIER METAL,MEASURE VIA CD,IMPLANT N-TYPE,DEPOSIT POLYSILICON,DEPOSIT PASSIVATION
valid_ic_seq_0061_80,DEVELOP PHOTORESIST,DEVELOP PAD WINDOW,POST EXPOSE BAKE,OPEN PAD WINDOW LITHO,PAD WINDOW LITHO
valid_ic_seq_0062_60,CLEAN AFTER VIA ETCH,CLEAN AFTER ETCH,CLEAN PAD OPENING,CLEAN AFTER METAL ETCH,RCA CLEAN 2
valid_ic_seq_0062_80,OPEN PAD WINDOW,OPEN BOND PAD WINDOW,PAD WINDOW LITHO,OPEN PAD WINDOW LITHO,DEVELOP PAD WINDOW
valid_ic_seq_0063_60,STRIP PHOTORESIST,STRIP RESIST,STRIP RESIST LEVEL 2,HARD BAKE,DEVELOP PHOTORESIST
valid_ic_seq_0063_80,OPEN PAD WINDOW,OPEN BOND PAD WINDOW,PAD WINDOW LITHO,OPEN PAD WINDOW LITHO,DEVELOP PAD WINDOW
valid_ic_seq_0064_60,CLEAN AFTER VIA ETCH,CLEAN AFTER ETCH,DEPOSIT TUNGSTEN SEED,CLEAN AFTER METAL ETCH,CLEAN AFTER POLY ETCH
valid_ic_seq_0064_80,MEASURE PASSIVATION QUALITY,MEASURE PASSIVATION THICKNESS,MEASURE FILM THICKNESS,MEASURE OXIDE THICKNESS,DEPOSIT PASSIVATION LAYER
valid_ic_seq_0065_60,STRIP PHOTORESIST,STRIP RESIST,STRIP RESIST LEVEL 2,HARD BAKE,DEVELOP PHOTORESIST
valid_ic_seq_0065_80,OPEN BOND PAD WINDOW,OPEN PAD WINDOW,PAD WINDOW LITHO,OPEN PAD WINDOW LITHO,PASSIVATION ETCH PAD OPENING
valid_ic_seq_0066_60,CLEAN AFTER VIA ETCH,CLEAN AFTER ETCH,CLEAN AFTER METAL ETCH,DEPOSIT TUNGSTEN SEED,CLEAN PAD OPENING
valid_ic_seq_0066_80,PAD WINDOW LITHO,OPEN PAD WINDOW LITHO,OPEN BOND PAD WINDOW,OPEN PAD WINDOW,DEVELOP PAD WINDOW
valid_ic_seq_0067_60,STRIP PHOTORESIST,STRIP RESIST,STRIP RESIST LEVEL 2,HARD BAKE,DEVELOP PHOTORESIST
valid_ic_seq_0067_80,OPEN PAD WINDOW,OPEN BOND PAD WINDOW,PAD WINDOW LITHO,OPEN PAD WINDOW LITHO,DEVELOP PAD WINDOW
valid_ic_seq_0068_60,DEPOSIT BARRIER METAL,MEASURE VIA CD,DEPOSIT POLYSILICON,IMPLANT N-TYPE,DEPOSIT PASSIVATION
valid_ic_seq_0068_80,DEVELOP PAD WINDOW,DEVELOP PHOTORESIST,POST EXPOSE BAKE,PARAMETRIC TEST,OPEN PAD WINDOW LITHO
valid_ic_seq_0069_60,MEASURE VIA CD,DEPOSIT BARRIER METAL,SPIN COAT PHOTORESIST,MEASURE SHEET RESISTANCE,MEASURE CD LEVEL 1
valid_ic_seq_0069_80,OPEN PAD WINDOW LITHO,PAD WINDOW LITHO,OPEN BOND PAD WINDOW,OPEN PAD WINDOW,DEVELOP PAD WINDOW
valid_ic_seq_0070_60,CLEAN AFTER VIA ETCH,DEPOSIT TUNGSTEN SEED,ALIGN MASK LEVEL 3,CLEAN AFTER ETCH,CLEAN PAD OPENING
valid_ic_seq_0070_80,DEVELOP PHOTORESIST,DEVELOP PAD WINDOW,POST EXPOSE BAKE,OPEN PAD WINDOW LITHO,PAD WINDOW LITHO
valid_ic_seq_0071_60,STRIP PHOTORESIST,STRIP RESIST,STRIP RESIST LEVEL 2,HARD BAKE,DEVELOP PHOTORESIST
valid_ic_seq_0071_80,OPEN PAD WINDOW,OPEN BOND PAD WINDOW,PAD WINDOW LITHO,OPEN PAD WINDOW LITHO,DEVELOP PAD WINDOW
valid_ic_seq_0072_60,MEASURE VIA CD,DEPOSIT BARRIER METAL,MEASURE SHEET RESISTANCE,SPIN COAT PHOTORESIST,DEPOSIT METAL 1
valid_ic_seq_0072_80,DEVELOP PAD WINDOW,DEVELOP PHOTORESIST,POST EXPOSE BAKE,OPEN PAD WINDOW LITHO,PAD WINDOW LITHO
valid_ic_seq_0073_60,DEPOSIT TUNGSTEN SEED,FILL VIA TUNGSTEN,ANNEAL POLYSILICON,RINSE WET WAFER_EDGE,SURFACE PREP FOR DEPOSITION
valid_ic_seq_0073_80,DEVELOP PAD WINDOW,DEVELOP PHOTORESIST,POST EXPOSE BAKE,PARAMETRIC TEST,OPEN PAD WINDOW LITHO
valid_ic_seq_0074_60,HARD BAKE,VIA ETCH THROUGH DIELECTRIC,VIA ETCH,DIELECTRIC ETCH VIA,POLYSILICON ETCH DRY
valid_ic_seq_0074_80,MEASURE PASSIVATION QUALITY,MEASURE PASSIVATION THICKNESS,MEASURE FILM THICKNESS,DEPOSIT PASSIVATION LAYER,MEASURE OXIDE THICKNESS
valid_ic_seq_0075_60,CLEAN AFTER VIA ETCH,CLEAN AFTER ETCH,CLEAN AFTER METAL ETCH,DEPOSIT TUNGSTEN SEED,CLEAN PAD OPENING
valid_ic_seq_0075_80,OPEN PAD WINDOW,OPEN BOND PAD WINDOW,PAD WINDOW LITHO,OPEN PAD WINDOW LITHO,DEVELOP PAD WINDOW
valid_ic_seq_0076_60,STRIP PHOTORESIST,STRIP RESIST,STRIP RESIST LEVEL 2,HARD BAKE,DEVELOP PHOTORESIST
valid_ic_seq_0076_80,OPEN PAD WINDOW,OPEN BOND PAD WINDOW,PAD WINDOW LITHO,OPEN PAD WINDOW LITHO,DEVELOP PAD WINDOW
valid_ic_seq_0077_60,CLEAN AFTER VIA ETCH,CLEAN AFTER ETCH,CLEAN PAD OPENING,CLEAN AFTER METAL ETCH,RCA CLEAN 2
valid_ic_seq_0077_80,OPEN PAD WINDOW,OPEN BOND PAD WINDOW,PAD WINDOW LITHO,OPEN PAD WINDOW LITHO,DEVELOP PAD WINDOW
valid_ic_seq_0078_60,MEASURE VIA CD,DEPOSIT BARRIER METAL,MEASURE SHEET RESISTANCE,DEPOSIT METAL 1,SPIN COAT PHOTORESIST
valid_ic_seq_0078_80,DEVELOP PAD WINDOW,DEVELOP PHOTORESIST,POST EXPOSE BAKE,OPEN PAD WINDOW LITHO,PAD WINDOW LITHO
valid_ic_seq_0079_60,HARD BAKE,VIA ETCH THROUGH DIELECTRIC,VIA ETCH,DIELECTRIC ETCH VIA,POLYSILICON ETCH DRY
valid_ic_seq_0079_80,MEASURE PASSIVATION THICKNESS,MEASURE PASSIVATION QUALITY,MEASURE FILM THICKNESS,DEPOSIT PASSIVATION LAYER,MEASURE OXIDE THICKNESS
valid_ic_seq_0080_60,MEASURE VIA CD,DEPOSIT BARRIER METAL,MEASURE SHEET RESISTANCE,DEPOSIT METAL 1,MEASURE VIA RESISTANCE
valid_ic_seq_0080_80,OPEN BOND PAD WINDOW,OPEN PAD WINDOW,PAD WINDOW LITHO,OPEN PAD WINDOW LITHO,FINAL LOT RELEASE
valid_ic_seq_0081_60,CLEAN AFTER VIA ETCH,CLEAN AFTER ETCH,CLEAN AFTER METAL ETCH,CLEAN PAD OPENING,CLEAN AFTER POLY ETCH
valid_ic_seq_0081_80,OPEN PAD WINDOW LITHO,PAD WINDOW LITHO,DEVELOP PAD WINDOW,OPEN BOND PAD WINDOW,OPEN PAD WINDOW
valid_ic_seq_0082_60,CLEAN AFTER VIA ETCH,CLEAN AFTER ETCH,CLEAN AFTER METAL ETCH,CLEAN PAD OPENING,CLEAN AFTER POLY ETCH
valid_ic_seq_0082_80,OPEN PAD WINDOW,OPEN BOND PAD WINDOW,PAD WINDOW LITHO,OPEN PAD WINDOW LITHO,DEVELOP PAD WINDOW
valid_ic_seq_0083_60,DEPOSIT BARRIER METAL,MEASURE VIA CD,DEPOSIT POLYSILICON,IMPLANT N-TYPE,DEPOSIT PASSIVATION
valid_ic_seq_0083_80,DEVELOP PAD WINDOW,DEVELOP PHOTORESIST,POST EXPOSE BAKE,OPEN PAD WINDOW LITHO,PAD WINDOW LITHO
valid_ic_seq_0084_60,MEASURE VIA CD,DEPOSIT BARRIER METAL,MEASURE SHEET RESISTANCE,SPIN COAT PHOTORESIST,DEPOSIT METAL 1
valid_ic_seq_0084_80,DEVELOP PHOTORESIST,DEVELOP PAD WINDOW,POST EXPOSE BAKE,OPEN PAD WINDOW LITHO,PARAMETRIC TEST
valid_ic_seq_0085_60,MEASURE VIA CD,DEPOSIT BARRIER METAL,SPIN COAT PHOTORESIST,MEASURE SHEET RESISTANCE,DEPOSIT METAL 1
valid_ic_seq_0085_80,OPEN PAD WINDOW LITHO,PAD WINDOW LITHO,DEVELOP PAD WINDOW,OPEN BOND PAD WINDOW,OPEN PAD WINDOW
valid_ic_seq_0086_60,MEASURE VIA CD,DEPOSIT BARRIER METAL,DEPOSIT METAL 1,MEASURE VIA RESISTANCE,DEPOSIT TOP METAL
valid_ic_seq_0086_80,PAD WINDOW LITHO,OPEN PAD WINDOW LITHO,OPEN BOND PAD WINDOW,DEVELOP PAD WINDOW,OPEN PAD WINDOW
valid_ic_seq_0087_60,STRIP PHOTORESIST,STRIP RESIST,STRIP RESIST LEVEL 2,HARD BAKE,DEVELOP PHOTORESIST
valid_ic_seq_0087_80,OPEN PAD WINDOW,OPEN BOND PAD WINDOW,PAD WINDOW LITHO,OPEN PAD WINDOW LITHO,DEVELOP PAD WINDOW
valid_ic_seq_0088_60,MEASURE VIA CD,DEPOSIT BARRIER METAL,SPIN COAT PHOTORESIST,MEASURE SHEET RESISTANCE,DEPOSIT METAL 1
valid_ic_seq_0088_80,OPEN PAD WINDOW LITHO,PAD WINDOW LITHO,DEVELOP PAD WINDOW,OPEN BOND PAD WINDOW,OPEN PAD WINDOW
valid_ic_seq_0089_60,CLEAN AFTER VIA ETCH,CLEAN AFTER ETCH,CLEAN PAD OPENING,CLEAN AFTER METAL ETCH,DEPOSIT TUNGSTEN SEED
valid_ic_seq_0089_80,OPEN PAD WINDOW LITHO,PAD WINDOW LITHO,DEVELOP PAD WINDOW,OPEN BOND PAD WINDOW,OPEN PAD WINDOW
valid_ic_seq_0090_60,CLEAN AFTER VIA ETCH,CLEAN AFTER ETCH,DEPOSIT TUNGSTEN SEED,CLEAN AFTER METAL ETCH,CLEAN PAD OPENING
valid_ic_seq_0090_80,OPEN PAD WINDOW LITHO,PAD WINDOW LITHO,DEVELOP PAD WINDOW,OPEN BOND PAD WINDOW,OPEN PAD WINDOW
valid_ic_seq_0091_60,MEASURE VIA CD,DEPOSIT BARRIER METAL,MEASURE SHEET RESISTANCE,DEPOSIT METAL 1,MEASURE VIA RESISTANCE
valid_ic_seq_0091_80,OPEN PAD WINDOW LITHO,PAD WINDOW LITHO,DEVELOP PAD WINDOW,OPEN BOND PAD WINDOW,OPEN PAD WINDOW
valid_ic_seq_0092_60,MEASURE VIA CD,DEPOSIT BARRIER METAL,DEPOSIT METAL 1,SPIN COAT PHOTORESIST,DEPOSIT TOP METAL
valid_ic_seq_0092_80,OPEN PAD WINDOW LITHO,PAD WINDOW LITHO,DEVELOP PAD WINDOW,OPEN BOND PAD WINDOW,OPEN PAD WINDOW
valid_ic_seq_0093_60,HARD BAKE,VIA ETCH THROUGH DIELECTRIC,DIELECTRIC ETCH VIA,VIA ETCH,POLYSILICON ETCH DRY
valid_ic_seq_0093_80,CURE PASSIVATION,ANNEAL POLYSILICON,RINSE WET WAFER_EDGE,DRY WAFER BACKSIDE,FILL VIA TUNGSTEN
valid_ic_seq_0094_60,STRIP RESIST,STRIP PHOTORESIST,STRIP RESIST LEVEL 2,HARD BAKE,DEVELOP PHOTORESIST
valid_ic_seq_0094_80,MEASURE PASSIVATION THICKNESS,MEASURE PASSIVATION QUALITY,PASSIVATION ETCH PAD OPENING,PASSIVATION ETCH,MEASURE FILM THICKNESS
valid_ic_seq_0095_60,CLEAN AFTER VIA ETCH,CLEAN AFTER ETCH,CLEAN AFTER METAL ETCH,DEPOSIT TUNGSTEN SEED,CLEAN AFTER POLY ETCH
valid_ic_seq_0095_80,OPEN PAD WINDOW LITHO,PAD WINDOW LITHO,OPEN BOND PAD WINDOW,OPEN PAD WINDOW,DEVELOP PAD WINDOW
valid_ic_seq_0096_60,MEASURE VIA CD,DEPOSIT BARRIER METAL,MEASURE SHEET RESISTANCE,DEPOSIT METAL 1,SPIN COAT PHOTORESIST
valid_ic_seq_0096_80,DEVELOP PAD WINDOW,DEVELOP PHOTORESIST,POST EXPOSE BAKE,OPEN PAD WINDOW LITHO,PARAMETRIC TEST
valid_ic_seq_0097_60,CLEAN AFTER VIA ETCH,CLEAN AFTER ETCH,DEPOSIT TUNGSTEN SEED,CLEAN AFTER METAL ETCH,CLEAN AFTER POLY ETCH
valid_ic_seq_0097_80,OPEN PAD WINDOW LITHO,PAD WINDOW LITHO,DEVELOP PAD WINDOW,OPEN BOND PAD WINDOW,OPEN PAD WINDOW
valid_ic_seq_0098_60,STRIP PHOTORESIST,STRIP RESIST,STRIP RESIST LEVEL 2,HARD BAKE,DEVELOP PHOTORESIST
valid_ic_seq_0098_80,OPEN PAD WINDOW LITHO,PAD WINDOW LITHO,DEVELOP PAD WINDOW,OPEN BOND PAD WINDOW,OPEN PAD WINDOW
valid_ic_seq_0099_60,STRIP PHOTORESIST,STRIP RESIST,STRIP RESIST LEVEL 2,HARD BAKE,DEVELOP PHOTORESIST
valid_ic_seq_0099_80,CURE PASSIVATION,ANNEAL POLYSILICON,DRY WAFER BACKSIDE,RINSE WET WAFER_EDGE,BACKSIDE ANNEAL
valid_ic_seq_0100_60,HARD BAKE,DIELECTRIC ETCH VIA,VIA ETCH,VIA ETCH THROUGH DIELECTRIC,POLYSILICON ETCH DRY
valid_ic_seq_0100_80,OPEN PAD WINDOW,OPEN BOND PAD WINDOW,PAD WINDOW LITHO,OPEN PAD WINDOW LITHO,MEASURE SHEET RESISTANCE
valid_ic_seq_0101_60,CLEAN AFTER VIA ETCH,DEPOSIT TUNGSTEN SEED,ALIGN MASK LEVEL 3,CLEAN AFTER ETCH,CLEAN AFTER METAL ETCH
valid_ic_seq_0101_80,OPEN PAD WINDOW,OPEN BOND PAD WINDOW,PAD WINDOW LITHO,OPEN PAD WINDOW LITHO,DEVELOP PAD WINDOW
valid_ic_seq_0102_60,CLEAN AFTER VIA ETCH,CLEAN AFTER ETCH,CLEAN PAD OPENING,CLEAN AFTER METAL ETCH,CLEAN AFTER POLY ETCH
valid_ic_seq_0102_80,OPEN PAD WINDOW LITHO,PAD WINDOW LITHO,DEVELOP PAD WINDOW,OPEN BOND PAD WINDOW,OPEN PAD WINDOW
valid_ic_seq_0103_60,VIA ETCH THROUGH DIELECTRIC,VIA ETCH,DIELECTRIC ETCH VIA,HARD BAKE,DEPOSIT INTERLAYER DIELECTRIC
valid_ic_seq_0103_80,OPEN BOND PAD WINDOW,OPEN PAD WINDOW,PAD WINDOW LITHO,OPEN PAD WINDOW LITHO,DEVELOP PAD WINDOW
valid_ic_seq_0104_60,MEASURE VIA CD,DEPOSIT BARRIER METAL,MEASURE SHEET RESISTANCE,MEASURE CD LEVEL 1,DEPOSIT POLYSILICON
valid_ic_seq_0104_80,OPEN PAD WINDOW,OPEN BOND PAD WINDOW,PAD WINDOW LITHO,OPEN PAD WINDOW LITHO,DEVELOP PAD WINDOW
valid_ic_seq_0105_60,STRIP PHOTORESIST,STRIP RESIST,STRIP RESIST LEVEL 2,HARD BAKE,DEVELOP PHOTORESIST
valid_ic_seq_0105_80,OPEN PAD WINDOW,OPEN BOND PAD WINDOW,PAD WINDOW LITHO,OPEN PAD WINDOW LITHO,MEASURE SHEET RESISTANCE
valid_ic_seq_0106_60,CLEAN AFTER VIA ETCH,CLEAN AFTER ETCH,CLEAN AFTER METAL ETCH,ALIGN MASK LEVEL 3,DEPOSIT TUNGSTEN SEED
valid_ic_seq_0106_80,OPEN BOND PAD WINDOW,OPEN PAD WINDOW,PAD WINDOW LITHO,OPEN PAD WINDOW LITHO,DEVELOP PAD WINDOW
valid_ic_seq_0107_60,STRIP PHOTORESIST,STRIP RESIST,STRIP RESIST LEVEL 2,HARD BAKE,DEVELOP PHOTORESIST
valid_ic_seq_0107_80,OPEN PAD WINDOW LITHO,PAD WINDOW LITHO,DEVELOP PAD WINDOW,OPEN BOND PAD WINDOW,OPEN PAD WINDOW
valid_ic_seq_0108_60,CLEAN AFTER VIA ETCH,CLEAN AFTER ETCH,CLEAN PAD OPENING,CLEAN AFTER METAL ETCH,RCA CLEAN 2
valid_ic_seq_0108_80,OPEN PAD WINDOW LITHO,PAD WINDOW LITHO,DEVELOP PAD WINDOW,OPEN BOND PAD WINDOW,OPEN PAD WINDOW
valid_ic_seq_0109_60,CLEAN AFTER VIA ETCH,CLEAN AFTER ETCH,ALIGN MASK LEVEL 3,DEPOSIT TUNGSTEN SEED,CLEAN PAD OPENING
valid_ic_seq_0109_80,OPEN PAD WINDOW,OPEN BOND PAD WINDOW,PAD WINDOW LITHO,OPEN PAD WINDOW LITHO,DEVELOP PAD WINDOW
valid_ic_seq_0110_60,VIA OPENING INSPECTION,VIA INSPECTION,PRE CLEAN INSPECTION,INITIAL WAFER INSPECTION,MEASURE LINE WIDTH
valid_ic_seq_0110_80,CURE PASSIVATION,ANNEAL POLYSILICON,BACKSIDE ANNEAL,DRY WAFER BACKSIDE,RINSE WET WAFER_EDGE
valid_ic_seq_0111_60,CLEAN AFTER VIA ETCH,DEPOSIT TUNGSTEN SEED,ALIGN MASK LEVEL 3,CLEAN AFTER ETCH,CLEAN PAD OPENING
valid_ic_seq_0111_80,OPEN PAD WINDOW LITHO,PAD WINDOW LITHO,OPEN BOND PAD WINDOW,OPEN PAD WINDOW,DEVELOP PAD WINDOW
valid_ic_seq_0112_60,DEPOSIT TUNGSTEN SEED,FILL VIA TUNGSTEN,ANNEAL POLYSILICON,CURE PASSIVATION,RINSE WET WAFER_EDGE
valid_ic_seq_0112_80,DEVELOP PAD WINDOW,DEVELOP PHOTORESIST,POST EXPOSE BAKE,PARAMETRIC TEST,OPEN PAD WINDOW LITHO
valid_ic_seq_0113_60,DEPOSIT BARRIER METAL,MEASURE VIA CD,DEPOSIT POLYSILICON,IMPLANT N-TYPE,DEPOSIT INTERLAYER DIELECTRIC
valid_ic_seq_0113_80,PASSIVATION ETCH,PASSIVATION ETCH PAD OPENING,SHIP LOT,VIA ETCH THROUGH DIELECTRIC,VIA ETCH
valid_ic_seq_0114_60,CLEAN AFTER VIA ETCH,CLEAN AFTER ETCH,CLEAN PAD OPENING,CLEAN AFTER METAL ETCH,RCA CLEAN 2
valid_ic_seq_0114_80,PAD WINDOW LITHO,OPEN PAD WINDOW LITHO,DEVELOP PAD WINDOW,OPEN BOND PAD WINDOW,OPEN PAD WINDOW
valid_ic_seq_0115_60,MEASURE VIA CD,DEPOSIT BARRIER METAL,MEASURE SHEET RESISTANCE,SPIN COAT PHOTORESIST,DEPOSIT METAL 1
valid_ic_seq_0115_80,DEVELOP PHOTORESIST,DEVELOP PAD WINDOW,POST EXPOSE BAKE,OPEN PAD WINDOW LITHO,PAD WINDOW LITHO
valid_ic_seq_0116_60,CLEAN AFTER VIA ETCH,CLEAN AFTER ETCH,CLEAN PAD OPENING,CLEAN AFTER METAL ETCH,RCA CLEAN 2
valid_ic_seq_0116_80,OPEN PAD WINDOW,OPEN BOND PAD WINDOW,PAD WINDOW LITHO,OPEN PAD WINDOW LITHO,DEVELOP PAD WINDOW
valid_ic_seq_0117_60,MEASURE VIA CD,DEPOSIT BARRIER METAL,DEPOSIT METAL 1,MEASURE VIA RESISTANCE,MEASURE SHEET RESISTANCE
valid_ic_seq_0117_80,OPEN PAD WINDOW LITHO,PAD WINDOW LITHO,DEVELOP PAD WINDOW,OPEN BOND PAD WINDOW,OPEN PAD WINDOW
valid_ic_seq_0118_60,STRIP PHOTORESIST,STRIP RESIST,STRIP RESIST LEVEL 2,HARD BAKE,DEVELOP PHOTORESIST
valid_ic_seq_0118_80,OPEN PAD WINDOW LITHO,PAD WINDOW LITHO,DEVELOP PAD WINDOW,OPEN BOND PAD WINDOW,OPEN PAD WINDOW
valid_ic_seq_0119_60,MEASURE VIA CD,DEPOSIT BARRIER METAL,DEPOSIT METAL 1,SPIN COAT PHOTORESIST,MEASURE VIA RESISTANCE
valid_ic_seq_0119_80,DEVELOP PHOTORESIST,DEVELOP PAD WINDOW,POST EXPOSE BAKE,OPEN PAD WINDOW LITHO,PAD WINDOW LITHO
valid_ic_seq_0120_60,DEPOSIT BARRIER METAL,MEASURE VIA CD,DEPOSIT POLYSILICON,IMPLANT N-TYPE,DEPOSIT METAL 1
valid_ic_seq_0120_80,DEVELOP PHOTORESIST,DEVELOP PAD WINDOW,POST EXPOSE BAKE,OPEN PAD WINDOW LITHO,PAD WINDOW LITHO
valid_ic_seq_0121_60,STRIP RESIST,STRIP PHOTORESIST,STRIP RESIST LEVEL 2,HARD BAKE,DEVELOP PHOTORESIST
valid_ic_seq_0121_80,MEASURE PASSIVATION THICKNESS,MEASURE PASSIVATION QUALITY,DEPOSIT PASSIVATION LAYER,MEASURE FILM THICKNESS,PASSIVATION ETCH PAD OPENING
valid_ic_seq_0122_60,DEPOSIT BARRIER METAL,MEASURE VIA CD,DEPOSIT POLYSILICON,IMPLANT N-TYPE,DEPOSIT PASSIVATION
valid_ic_seq_0122_80,DEVELOP PAD WINDOW,DEVELOP PHOTORESIST,POST EXPOSE BAKE,PARAMETRIC TEST,OPEN PAD WINDOW LITHO
valid_ic_seq_0123_60,DEPOSIT BARRIER METAL,MEASURE VIA CD,IMPLANT N-TYPE,DEPOSIT POLYSILICON,DEPOSIT PASSIVATION
valid_ic_seq_0123_80,DEVELOP PHOTORESIST,DEVELOP PAD WINDOW,POST EXPOSE BAKE,OPEN PAD WINDOW LITHO,PARAMETRIC TEST
valid_ic_seq_0124_60,DEPOSIT BARRIER METAL,MEASURE VIA CD,IMPLANT N-TYPE,DEPOSIT POLYSILICON,DEPOSIT PASSIVATION
valid_ic_seq_0124_80,PAD WINDOW LITHO,OPEN PAD WINDOW LITHO,DEVELOP PAD WINDOW,OPEN BOND PAD WINDOW,OPEN PAD WINDOW
valid_ic_seq_0125_60,CLEAN AFTER VIA ETCH,CLEAN AFTER ETCH,CLEAN AFTER METAL ETCH,CLEAN AFTER POLY ETCH,DEPOSIT TUNGSTEN SEED
valid_ic_seq_0125_80,DEVELOP PAD WINDOW,DEVELOP PHOTORESIST,POST EXPOSE BAKE,OPEN PAD WINDOW LITHO,PAD WINDOW LITHO
valid_ic_seq_0126_60,STRIP RESIST,STRIP PHOTORESIST,STRIP RESIST LEVEL 2,HARD BAKE,DEVELOP PHOTORESIST
valid_ic_seq_0126_80,MEASURE PASSIVATION QUALITY,MEASURE PASSIVATION THICKNESS,MEASURE FILM THICKNESS,MEASURE OXIDE THICKNESS,DEPOSIT PASSIVATION LAYER
valid_ic_seq_0127_60,MEASURE VIA CD,DEPOSIT BARRIER METAL,SPIN COAT PHOTORESIST,MEASURE SHEET RESISTANCE,DEPOSIT METAL 1
valid_ic_seq_0127_80,DEVELOP PAD WINDOW,DEVELOP PHOTORESIST,POST EXPOSE BAKE,PARAMETRIC TEST,OPEN PAD WINDOW LITHO
valid_ic_seq_0128_60,STRIP PHOTORESIST,STRIP RESIST,STRIP RESIST LEVEL 2,HARD BAKE,DEVELOP PHOTORESIST
valid_ic_seq_0128_80,MEASURE PASSIVATION QUALITY,MEASURE PASSIVATION THICKNESS,MEASURE FILM THICKNESS,DEPOSIT PASSIVATION LAYER,MEASURE OXIDE THICKNESS
valid_ic_seq_0129_60,MEASURE VIA CD,DEPOSIT BARRIER METAL,MEASURE CD LEVEL 1,DEPOSIT POLYSILICON,DEPOSIT METAL 1
valid_ic_seq_0129_80,OPEN PAD WINDOW LITHO,PAD WINDOW LITHO,DEVELOP PAD WINDOW,OPEN BOND PAD WINDOW,OPEN PAD WINDOW
valid_ic_seq_0130_60,DEPOSIT BARRIER METAL,MEASURE VIA CD,DEPOSIT POLYSILICON,DEPOSIT METAL 1,IMPLANT N-TYPE
valid_ic_seq_0130_80,OPEN PAD WINDOW LITHO,PAD WINDOW LITHO,DEVELOP PAD WINDOW,OPEN BOND PAD WINDOW,OPEN PAD WINDOW
valid_ic_seq_0131_60,CLEAN AFTER VIA ETCH,CLEAN AFTER ETCH,CLEAN AFTER METAL ETCH,CLEAN PAD OPENING,CLEAN AFTER POLY ETCH
valid_ic_seq_0131_80,OPEN PAD WINDOW,OPEN BOND PAD WINDOW,PAD WINDOW LITHO,OPEN PAD WINDOW LITHO,DEVELOP PAD WINDOW
valid_ic_seq_0132_60,STRIP PHOTORESIST,STRIP RESIST,STRIP RESIST LEVEL 2,HARD BAKE,DEVELOP PHOTORESIST
valid_ic_seq_0132_80,OPEN PAD WINDOW LITHO,PAD WINDOW LITHO,DEVELOP PAD WINDOW,OPEN BOND PAD WINDOW,OPEN PAD WINDOW
valid_ic_seq_0133_60,VIA INSPECTION,VIA OPENING INSPECTION,PRE CLEAN INSPECTION,INITIAL WAFER INSPECTION,FINAL PARTICLE INSPECTION
valid_ic_seq_0133_80,CURE PASSIVATION,ANNEAL POLYSILICON,FILL VIA TUNGSTEN,RINSE WET WAFER_EDGE,DRY WAFER BACKSIDE
valid_ic_seq_0134_60,DEPOSIT TUNGSTEN SEED,FILL VIA TUNGSTEN,ANNEAL POLYSILICON,RINSE WET WAFER_EDGE,SURFACE PREP FOR DEPOSITION
valid_ic_seq_0134_80,PASSIVATION ETCH,PASSIVATION ETCH PAD OPENING,VIA ETCH THROUGH DIELECTRIC,VIA ETCH,MEASURE PASSIVATION THICKNESS
valid_ic_seq_0135_60,CLEAN AFTER VIA ETCH,CLEAN AFTER ETCH,CLEAN PAD OPENING,CLEAN AFTER METAL ETCH,RCA CLEAN 2
valid_ic_seq_0135_80,PAD WINDOW LITHO,OPEN PAD WINDOW LITHO,DEVELOP PAD WINDOW,STRIP RESIST,OPEN BOND PAD WINDOW
valid_ic_seq_0136_60,STRIP PHOTORESIST,STRIP RESIST,STRIP RESIST LEVEL 2,HARD BAKE,DEVELOP PHOTORESIST
valid_ic_seq_0136_80,MEASURE PASSIVATION QUALITY,MEASURE PASSIVATION THICKNESS,PASSIVATION ETCH,PASSIVATION ETCH PAD OPENING,MEASURE FILM THICKNESS
valid_ic_seq_0137_60,MEASURE VIA CD,DEPOSIT BARRIER METAL,SPIN COAT PHOTORESIST,MEASURE SHEET RESISTANCE,MEASURE CD LEVEL 1
valid_ic_seq_0137_80,DEVELOP PAD WINDOW,DEVELOP PHOTORESIST,POST EXPOSE BAKE,OPEN PAD WINDOW LITHO,PAD WINDOW LITHO
valid_ic_seq_0138_60,STRIP PHOTORESIST,STRIP RESIST,STRIP RESIST LEVEL 2,HARD BAKE,DEVELOP PHOTORESIST
valid_ic_seq_0138_80,OPEN PAD WINDOW LITHO,PAD WINDOW LITHO,DEVELOP PAD WINDOW,OPEN BOND PAD WINDOW,OPEN PAD WINDOW
valid_ic_seq_0139_60,MEASURE VIA CD,DEPOSIT BARRIER METAL,SPIN COAT PHOTORESIST,MEASURE SHEET RESISTANCE,DEPOSIT METAL 1
valid_ic_seq_0139_80,DEVELOP PHOTORESIST,DEVELOP PAD WINDOW,POST EXPOSE BAKE,OPEN PAD WINDOW LITHO,PAD WINDOW LITHO
valid_ic_seq_0140_60,DEPOSIT BARRIER METAL,MEASURE VIA CD,IMPLANT N-TYPE,DEPOSIT POLYSILICON,DEPOSIT PASSIVATION
valid_ic_seq_0140_80,PAD WINDOW LITHO,OPEN PAD WINDOW LITHO,OPEN BOND PAD WINDOW,OPEN PAD WINDOW,DEVELOP PAD WINDOW
valid_ic_seq_0141_60,CLEAN AFTER VIA ETCH,CLEAN AFTER ETCH,DEPOSIT TUNGSTEN SEED,CLEAN AFTER METAL ETCH,CLEAN PAD OPENING
valid_ic_seq_0141_80,OPEN PAD WINDOW LITHO,PAD WINDOW LITHO,DEVELOP PAD WINDOW,OPEN BOND PAD WINDOW,OPEN PAD WINDOW
valid_ic_seq_0142_60,HARD BAKE,VIA ETCH THROUGH DIELECTRIC,VIA ETCH,DIELECTRIC ETCH VIA,POLYSILICON ETCH DRY
valid_ic_seq_0142_80,CURE PASSIVATION,ANNEAL POLYSILICON,FILL VIA TUNGSTEN,RINSE WET WAFER_EDGE,BACKSIDE ANNEAL
valid_ic_seq_0143_60,HARD BAKE,DIELECTRIC ETCH VIA,VIA ETCH,VIA ETCH THROUGH DIELECTRIC,POLYSILICON ETCH DRY
valid_ic_seq_0143_80,CURE PASSIVATION,ANNEAL POLYSILICON,FILL VIA TUNGSTEN,RINSE WET WAFER_EDGE,BACKSIDE ANNEAL
valid_ic_seq_0144_60,STRIP RESIST,STRIP PHOTORESIST,STRIP RESIST LEVEL 2,HARD BAKE,DEVELOP PHOTORESIST
valid_ic_seq_0144_80,OPEN PAD WINDOW LITHO,PAD WINDOW LITHO,DEVELOP PAD WINDOW,OPEN BOND PAD WINDOW,OPEN PAD WINDOW
valid_ic_seq_0145_60,STRIP RESIST,STRIP PHOTORESIST,STRIP RESIST LEVEL 2,HARD BAKE,DEVELOP PHOTORESIST
valid_ic_seq_0145_80,OPEN BOND PAD WINDOW,OPEN PAD WINDOW,PAD WINDOW LITHO,OPEN PAD WINDOW LITHO,PASSIVATION ETCH PAD OPENING
valid_ic_seq_0146_60,DEPOSIT TUNGSTEN SEED,FILL VIA TUNGSTEN,ANNEAL POLYSILICON,CURE PASSIVATION,RINSE WET WAFER_EDGE
valid_ic_seq_0146_80,PAD WINDOW LITHO,OPEN PAD WINDOW LITHO,OPEN BOND PAD WINDOW,OPEN PAD WINDOW,DEVELOP PAD WINDOW
valid_ic_seq_0147_60,STRIP PHOTORESIST,STRIP RESIST,STRIP RESIST LEVEL 2,HARD BAKE,DEVELOP PHOTORESIST
valid_ic_seq_0147_80,MEASURE PASSIVATION QUALITY,MEASURE PASSIVATION THICKNESS,MEASURE FILM THICKNESS,MEASURE OXIDE THICKNESS,PASSIVATION ETCH PAD OPENING
valid_ic_seq_0148_60,STRIP PHOTORESIST,STRIP RESIST,STRIP RESIST LEVEL 2,HARD BAKE,DEVELOP PHOTORESIST
valid_ic_seq_0148_80,OPEN PAD WINDOW LITHO,PAD WINDOW LITHO,DEVELOP PAD WINDOW,OPEN BOND PAD WINDOW,OPEN PAD WINDOW
valid_ic_seq_0149_60,DEPOSIT BARRIER METAL,MEASURE VIA CD,DEPOSIT POLYSILICON,DEPOSIT METAL 1,IMPLANT N-TYPE
valid_ic_seq_0149_80,PASSIVATION ETCH,PASSIVATION ETCH PAD OPENING,VIA ETCH THROUGH DIELECTRIC,VIA ETCH,DIELECTRIC ETCH VIA
valid_ic_seq_0150_60,STRIP PHOTORESIST,STRIP RESIST,STRIP RESIST LEVEL 2,HARD BAKE,DEVELOP PHOTORESIST
valid_ic_seq_0150_80,MEASURE PASSIVATION THICKNESS,MEASURE PASSIVATION QUALITY,PASSIVATION ETCH,PASSIVATION ETCH PAD OPENING,MEASURE FILM THICKNESS
valid_ic_seq_0151_60,STRIP RESIST,STRIP PHOTORESIST,STRIP RESIST LEVEL 2,HARD BAKE,DEVELOP PHOTORESIST
valid_ic_seq_0151_80,OPEN PAD WINDOW,OPEN BOND PAD WINDOW,PAD WINDOW LITHO,OPEN PAD WINDOW LITHO,MEASURE SHEET RESISTANCE
valid_ic_seq_0152_60,STRIP PHOTORESIST,STRIP RESIST,STRIP RESIST LEVEL 2,HARD BAKE,DEVELOP PHOTORESIST
valid_ic_seq_0152_80,OPEN PAD WINDOW LITHO,PAD WINDOW LITHO,DEVELOP PAD WINDOW,OPEN BOND PAD WINDOW,OPEN PAD WINDOW
valid_ic_seq_0153_60,CLEAN AFTER VIA ETCH,CLEAN AFTER ETCH,CLEAN AFTER METAL ETCH,CLEAN PAD OPENING,CLEAN AFTER POLY ETCH
valid_ic_seq_0153_80,OPEN PAD WINDOW LITHO,PAD WINDOW LITHO,DEVELOP PAD WINDOW,OPEN BOND PAD WINDOW,OPEN PAD WINDOW
valid_ic_seq_0154_60,STRIP PHOTORESIST,STRIP RESIST,STRIP RESIST LEVEL 2,HARD BAKE,DEVELOP PHOTORESIST
valid_ic_seq_0154_80,OPEN BOND PAD WINDOW,OPEN PAD WINDOW,PAD WINDOW LITHO,OPEN PAD WINDOW LITHO,PASSIVATION ETCH PAD OPENING
valid_ic_seq_0155_60,DEPOSIT BARRIER METAL,MEASURE VIA CD,DEPOSIT POLYSILICON,IMPLANT N-TYPE,DEPOSIT PASSIVATION
valid_ic_seq_0155_80,STRIP PHOTORESIST,STRIP RESIST,STRIP RESIST LEVEL 2,HARD BAKE,DEVELOP PHOTORESIST
valid_ic_seq_0156_60,DEPOSIT BARRIER METAL,MEASURE VIA CD,IMPLANT N-TYPE,DEPOSIT POLYSILICON,DEPOSIT PASSIVATION
valid_ic_seq_0156_80,PASSIVATION ETCH PAD OPENING,PASSIVATION ETCH,SWITCHING TEST,THRESHOLD VOLTAGE TEST,DIELECTRIC ETCH VIA
valid_ic_seq_0157_60,MEASURE VIA CD,DEPOSIT BARRIER METAL,DEPOSIT METAL 1,MEASURE VIA RESISTANCE,DEPOSIT TOP METAL
valid_ic_seq_0157_80,OPEN PAD WINDOW,OPEN BOND PAD WINDOW,PAD WINDOW LITHO,OPEN PAD WINDOW LITHO,FINAL LOT RELEASE
valid_ic_seq_0158_60,DEPOSIT BARRIER METAL,MEASURE VIA CD,IMPLANT N-TYPE,DEPOSIT POLYSILICON,DEPOSIT INTERLAYER DIELECTRIC
valid_ic_seq_0158_80,PASSIVATION ETCH,PASSIVATION ETCH PAD OPENING,SWITCHING TEST,DIELECTRIC ETCH VIA,THRESHOLD VOLTAGE TEST
valid_ic_seq_0159_60,MEASURE VIA CD,DEPOSIT BARRIER METAL,SPIN COAT PHOTORESIST,DEPOSIT METAL 1,MEASURE SHEET RESISTANCE
valid_ic_seq_0159_80,OPEN PAD WINDOW LITHO,PAD WINDOW LITHO,DEVELOP PAD WINDOW,OPEN BOND PAD WINDOW,OPEN PAD WINDOW
valid_ic_seq_0160_60,VIA ETCH,VIA ETCH THROUGH DIELECTRIC,DIELECTRIC ETCH VIA,HARD BAKE,DEPOSIT INTERLEVEL DIELECTRIC
valid_ic_seq_0160_80,MEASURE PASSIVATION THICKNESS,MEASURE PASSIVATION QUALITY,MEASURE FILM THICKNESS,MEASURE OXIDE THICKNESS,DEPOSIT PASSIVATION LAYER
valid_ic_seq_0161_60,MEASURE VIA CD,DEPOSIT BARRIER METAL,MEASURE SHEET RESISTANCE,ANNEAL METAL,DEPOSIT METAL 1
valid_ic_seq_0161_80,DEVELOP PHOTORESIST,DEVELOP PAD WINDOW,POST EXPOSE BAKE,OPEN PAD WINDOW LITHO,PAD WINDOW LITHO
valid_ic_seq_0162_60,MEASURE VIA CD,DEPOSIT BARRIER METAL,MEASURE SHEET RESISTANCE,DEPOSIT METAL 1,MEASURE VIA RESISTANCE
valid_ic_seq_0162_80,OPEN PAD WINDOW LITHO,PAD WINDOW LITHO,DEVELOP PAD WINDOW,OPEN BOND PAD WINDOW,OPEN PAD WINDOW
valid_ic_seq_0163_60,MEASURE VIA CD,DEPOSIT BARRIER METAL,SPIN COAT PHOTORESIST,MEASURE SHEET RESISTANCE,MEASURE CD LEVEL 1
valid_ic_seq_0163_80,PAD WINDOW LITHO,OPEN PAD WINDOW LITHO,OPEN BOND PAD WINDOW,DEVELOP PAD WINDOW,OPEN PAD WINDOW
valid_ic_seq_0164_60,CLEAN AFTER VIA ETCH,CLEAN AFTER ETCH,CLEAN AFTER METAL ETCH,DEPOSIT TUNGSTEN SEED,CLEAN PAD OPENING
valid_ic_seq_0164_80,DEVELOP PHOTORESIST,DEVELOP PAD WINDOW,POST EXPOSE BAKE,PARAMETRIC TEST,THRESHOLD VOLTAGE TEST
valid_ic_seq_0165_60,STRIP PHOTORESIST,STRIP RESIST,STRIP RESIST LEVEL 2,HARD BAKE,DEVELOP PHOTORESIST
valid_ic_seq_0165_80,OPEN BOND PAD WINDOW,OPEN PAD WINDOW,PAD WINDOW LITHO,OPEN PAD WINDOW LITHO,DEVELOP PAD WINDOW
valid_ic_seq_0166_60,CLEAN AFTER VIA ETCH,CLEAN AFTER ETCH,CLEAN AFTER METAL ETCH,CLEAN PAD OPENING,CLEAN AFTER POLY ETCH
valid_ic_seq_0166_80,OPEN PAD WINDOW LITHO,PAD WINDOW LITHO,DEVELOP PAD WINDOW,OPEN BOND PAD WINDOW,OPEN PAD WINDOW
valid_ic_seq_0167_60,MEASURE VIA CD,DEPOSIT BARRIER METAL,SPIN COAT PHOTORESIST,MEASURE METAL THICKNESS,DEPOSIT METAL 1
valid_ic_seq_0167_80,PASSIVATION ETCH,PASSIVATION ETCH PAD OPENING,VIA ETCH THROUGH DIELECTRIC,MEASURE PASSIVATION THICKNESS,VIA ETCH
valid_ic_seq_0168_60,VIA INSPECTION,VIA OPENING INSPECTION,PRE CLEAN INSPECTION,INITIAL WAFER INSPECTION,METAL PATTERN INSPECTION
valid_ic_seq_0168_80,DEPOSIT PASSIVATION LAYER,DEPOSIT PASSIVATION,MEASURE LINE WIDTH,DEPOSIT POLYSILICON,DEPOSIT BARRIER METAL
valid_ic_seq_0169_60,CLEAN AFTER VIA ETCH,CLEAN AFTER ETCH,CLEAN AFTER METAL ETCH,CLEAN AFTER POLY ETCH,CLEAN PAD OPENING
valid_ic_seq_0169_80,OPEN PAD WINDOW LITHO,PAD WINDOW LITHO,OPEN BOND PAD WINDOW,OPEN PAD WINDOW,DEVELOP PAD WINDOW
valid_ic_seq_0170_60,HARD BAKE,VIA ETCH THROUGH DIELECTRIC,DIELECTRIC ETCH VIA,VIA ETCH,POLYSILICON ETCH DRY
valid_ic_seq_0170_80,OPEN PAD WINDOW,OPEN BOND PAD WINDOW,PAD WINDOW LITHO,OPEN PAD WINDOW LITHO,PASSIVATION ETCH PAD OPENING
valid_ic_seq_0171_60,STRIP PHOTORESIST,STRIP RESIST,STRIP RESIST LEVEL 2,HARD BAKE,DEVELOP PHOTORESIST
valid_ic_seq_0171_80,MEASURE PASSIVATION QUALITY,MEASURE PASSIVATION THICKNESS,MEASURE FILM THICKNESS,PASSIVATION ETCH PAD OPENING,PASSIVATION ETCH
valid_ic_seq_0172_60,VIA OPENING INSPECTION,VIA INSPECTION,FINAL PARTICLE INSPECTION,PRE CLEAN INSPECTION,INITIAL WAFER INSPECTION
valid_ic_seq_0172_80,MEASURE PASSIVATION THICKNESS,MEASURE PASSIVATION QUALITY,MEASURE FILM THICKNESS,MEASURE OXIDE THICKNESS,DEPOSIT PASSIVATION LAYER
valid_ic_seq_0173_60,STRIP RESIST,STRIP PHOTORESIST,STRIP RESIST LEVEL 2,HARD BAKE,DEVELOP PHOTORESIST
valid_ic_seq_0173_80,OPEN PAD WINDOW,OPEN BOND PAD WINDOW,PAD WINDOW LITHO,OPEN PAD WINDOW LITHO,DEVELOP PAD WINDOW
valid_ic_seq_0174_60,STRIP PHOTORESIST,STRIP RESIST,STRIP RESIST LEVEL 2,HARD BAKE,DEVELOP PHOTORESIST
valid_ic_seq_0174_80,OPEN PAD WINDOW,OPEN BOND PAD WINDOW,PAD WINDOW LITHO,OPEN PAD WINDOW LITHO,DEVELOP PAD WINDOW
valid_ic_seq_0175_60,MEASURE VIA CD,DEPOSIT BARRIER METAL,MEASURE SHEET RESISTANCE,DEPOSIT METAL 1,MEASURE VIA RESISTANCE
valid_ic_seq_0175_80,PASSIVATION ETCH PAD OPENING,PASSIVATION ETCH,VIA ETCH THROUGH DIELECTRIC,DIELECTRIC ETCH VIA,SWITCHING TEST
valid_ic_seq_0176_60,STRIP PHOTORESIST,STRIP RESIST,STRIP RESIST LEVEL 2,HARD BAKE,DEVELOP PHOTORESIST
valid_ic_seq_0176_80,OPEN PAD WINDOW,OPEN BOND PAD WINDOW,PAD WINDOW LITHO,OPEN PAD WINDOW LITHO,PASSIVATION ETCH PAD OPENING
valid_ic_seq_0177_60,DEPOSIT TUNGSTEN SEED,FILL VIA TUNGSTEN,ANNEAL POLYSILICON,SURFACE PREP FOR DEPOSITION,CURE PASSIVATION
valid_ic_seq_0177_80,STRIP PHOTORESIST,STRIP RESIST,STRIP RESIST LEVEL 2,HARD BAKE,DEVELOP PHOTORESIST
valid_ic_seq_0178_60,MEASURE VIA CD,DEPOSIT BARRIER METAL,SPIN COAT PHOTORESIST,MEASURE SHEET RESISTANCE,DEPOSIT METAL 1
valid_ic_seq_0178_80,DEVELOP PAD WINDOW,DEVELOP PHOTORESIST,POST EXPOSE BAKE,OPEN PAD WINDOW LITHO,PAD WINDOW LITHO
valid_ic_seq_0179_60,HARD BAKE,VIA ETCH THROUGH DIELECTRIC,DIELECTRIC ETCH VIA,VIA ETCH,POLYSILICON ETCH DRY
valid_ic_seq_0179_80,OPEN PAD WINDOW,OPEN BOND PAD WINDOW,PAD WINDOW LITHO,OPEN PAD WINDOW LITHO,DEVELOP PAD WINDOW
valid_ic_seq_0180_60,HARD BAKE,VIA ETCH THROUGH DIELECTRIC,VIA ETCH,DIELECTRIC ETCH VIA,POLYSILICON ETCH DRY
valid_ic_seq_0180_80,MEASURE PASSIVATION THICKNESS,MEASURE PASSIVATION QUALITY,MEASURE FILM THICKNESS,MEASURE OXIDE THICKNESS,DEPOSIT PASSIVATION LAYER
valid_ic_seq_0181_60,CLEAN AFTER VIA ETCH,CLEAN AFTER ETCH,CLEAN AFTER METAL ETCH,DEPOSIT TUNGSTEN SEED,CLEAN AFTER POLY ETCH
valid_ic_seq_0181_80,MEASURE PASSIVATION QUALITY,MEASURE PASSIVATION THICKNESS,MEASURE FILM THICKNESS,MEASURE OXIDE THICKNESS,DEPOSIT PASSIVATION LAYER
valid_ic_seq_0182_60,STRIP PHOTORESIST,STRIP RESIST,STRIP RESIST LEVEL 2,HARD BAKE,DEVELOP PHOTORESIST
valid_ic_seq_0182_80,OPEN PAD WINDOW,OPEN BOND PAD WINDOW,PAD WINDOW LITHO,OPEN PAD WINDOW LITHO,DEVELOP PAD WINDOW
valid_ic_seq_0183_60,MEASURE VIA CD,DEPOSIT BARRIER METAL,SPIN COAT PHOTORESIST,DEPOSIT METAL 1,MEASURE SHEET RESISTANCE
valid_ic_seq_0183_80,DEVELOP PHOTORESIST,DEVELOP PAD WINDOW,POST EXPOSE BAKE,OPEN PAD WINDOW LITHO,PAD WINDOW LITHO
valid_ic_seq_0184_60,DEPOSIT BARRIER METAL,MEASURE VIA CD,IMPLANT N-TYPE,DEPOSIT POLYSILICON,DEPOSIT PASSIVATION
valid_ic_seq_0184_80,PASSIVATION ETCH,PASSIVATION ETCH PAD OPENING,VIA ETCH THROUGH DIELECTRIC,VIA ETCH,DIELECTRIC ETCH VIA
valid_ic_seq_0185_60,MEASURE VIA CD,DEPOSIT BARRIER METAL,MEASURE SHEET RESISTANCE,SPIN COAT PHOTORESIST,DEPOSIT METAL 1
valid_ic_seq_0185_80,DEVELOP PAD WINDOW,DEVELOP PHOTORESIST,POST EXPOSE BAKE,OPEN PAD WINDOW LITHO,PAD WINDOW LITHO
valid_ic_seq_0186_60,VIA ETCH,HARD BAKE,DIELECTRIC ETCH VIA,VIA ETCH THROUGH DIELECTRIC,POLYSILICON ETCH DRY
valid_ic_seq_0186_80,MEASURE PASSIVATION THICKNESS,MEASURE PASSIVATION QUALITY,MEASURE FILM THICKNESS,MEASURE OXIDE THICKNESS,DEPOSIT PASSIVATION LAYER
valid_ic_seq_0187_60,MEASURE VIA CD,DEPOSIT BARRIER METAL,DEPOSIT METAL 1,SPIN COAT PHOTORESIST,MEASURE VIA RESISTANCE
valid_ic_seq_0187_80,OPEN PAD WINDOW LITHO,PAD WINDOW LITHO,OPEN BOND PAD WINDOW,DEVELOP PAD WINDOW,OPEN PAD WINDOW
valid_ic_seq_0188_60,VIA INSPECTION,VIA OPENING INSPECTION,PRE CLEAN INSPECTION,INITIAL WAFER INSPECTION,MEASURE LINE WIDTH
valid_ic_seq_0188_80,MEASURE PASSIVATION QUALITY,MEASURE PASSIVATION THICKNESS,MEASURE FILM THICKNESS,MEASURE OXIDE THICKNESS,DEPOSIT PASSIVATION LAYER
valid_ic_seq_0189_60,MEASURE VIA CD,DEPOSIT BARRIER METAL,MEASURE SHEET RESISTANCE,SPIN COAT PHOTORESIST,DEPOSIT METAL 1
valid_ic_seq_0189_80,OPEN PAD WINDOW LITHO,PAD WINDOW LITHO,DEVELOP PAD WINDOW,OPEN BOND PAD WINDOW,OPEN PAD WINDOW
valid_ic_seq_0190_60,DEPOSIT BARRIER METAL,MEASURE VIA CD,IMPLANT N-TYPE,DEPOSIT POLYSILICON,DEPOSIT PASSIVATION
valid_ic_seq_0190_80,DEVELOP PHOTORESIST,DEVELOP PAD WINDOW,POST EXPOSE BAKE,PARAMETRIC TEST,OPEN PAD WINDOW LITHO
valid_ic_seq_0191_60,CLEAN AFTER VIA ETCH,CLEAN AFTER ETCH,CLEAN AFTER METAL ETCH,DEPOSIT TUNGSTEN SEED,CLEAN AFTER POLY ETCH
valid_ic_seq_0191_80,DEVELOP PAD WINDOW,DEVELOP PHOTORESIST,POST EXPOSE BAKE,PARAMETRIC TEST,OPEN PAD WINDOW LITHO
valid_ic_seq_0192_60,CLEAN AFTER VIA ETCH,CLEAN AFTER ETCH,CLEAN AFTER METAL ETCH,CLEAN PAD OPENING,CLEAN AFTER POLY ETCH
valid_ic_seq_0192_80,OPEN PAD WINDOW,OPEN BOND PAD WINDOW,PAD WINDOW LITHO,OPEN PAD WINDOW LITHO,FINAL LOT RELEASE
valid_ic_seq_0193_60,STRIP RESIST,STRIP PHOTORESIST,STRIP RESIST LEVEL 2,HARD BAKE,DEVELOP PHOTORESIST
valid_ic_seq_0193_80,MEASURE PASSIVATION THICKNESS,MEASURE PASSIVATION QUALITY,MEASURE FILM THICKNESS,DEPOSIT PASSIVATION LAYER,MEASURE OXIDE THICKNESS
valid_ic_seq_0194_60,CLEAN AFTER VIA ETCH,CLEAN AFTER ETCH,CLEAN AFTER METAL ETCH,CLEAN AFTER POLY ETCH,CLEAN PAD OPENING
valid_ic_seq_0194_80,OPEN PAD WINDOW LITHO,PAD WINDOW LITHO,DEVELOP PAD WINDOW,OPEN BOND PAD WINDOW,OPEN PAD WINDOW
valid_ic_seq_0195_60,DEPOSIT BARRIER METAL,MEASURE VIA CD,DEPOSIT POLYSILICON,IMPLANT N-TYPE,DEPOSIT PASSIVATION
valid_ic_seq_0195_80,DEVELOP PHOTORESIST,DEVELOP PAD WINDOW,POST EXPOSE BAKE,OPEN PAD WINDOW LITHO,PAD WINDOW LITHO
valid_ic_seq_0196_60,CLEAN AFTER VIA ETCH,DEPOSIT TUNGSTEN SEED,ALIGN MASK LEVEL 3,CLEAN AFTER ETCH,CLEAN AFTER POLY ETCH
valid_ic_seq_0196_80,DEVELOP PAD WINDOW,DEVELOP PHOTORESIST,POST EXPOSE BAKE,PARAMETRIC TEST,OPEN PAD WINDOW LITHO
valid_ic_seq_0197_60,VIA INSPECTION,VIA OPENING INSPECTION,PRE CLEAN INSPECTION,INITIAL WAFER INSPECTION,MEASURE VIA CD
valid_ic_seq_0197_80,CURE PASSIVATION,BACKSIDE ANNEAL,ANNEAL POLYSILICON,DRY WAFER BACKSIDE,RINSE WET WAFER_EDGE
valid_ic_seq_0198_60,CLEAN AFTER VIA ETCH,CLEAN AFTER ETCH,DEPOSIT TUNGSTEN SEED,CLEAN AFTER METAL ETCH,CLEAN AFTER POLY ETCH
valid_ic_seq_0198_80,OPEN PAD WINDOW,OPEN BOND PAD WINDOW,PAD WINDOW LITHO,OPEN PAD WINDOW LITHO,FINAL LOT RELEASE
valid_ic_seq_0199_60,MEASURE VIA CD,DEPOSIT BARRIER METAL,SPIN COAT PHOTORESIST,DEPOSIT METAL 1,MEASURE SHEET RESISTANCE
valid_ic_seq_0199_80,DEVELOP PHOTORESIST,DEVELOP PAD WINDOW,POST EXPOSE BAKE,OPEN PAD WINDOW LITHO,PAD WINDOW LITHO
valid_ic_seq_0200_60,STRIP PHOTORESIST,STRIP RESIST,STRIP RESIST LEVEL 2,HARD BAKE,DEVELOP PHOTORESIST
valid_ic_seq_0200_80,DEVELOP PAD WINDOW,DEVELOP PHOTORESIST,POST EXPOSE BAKE,OPEN PAD WINDOW LITHO,PAD WINDOW LITHO
valid_ic_seq_0201_60,STRIP PHOTORESIST,STRIP RESIST,STRIP RESIST LEVEL 2,HARD BAKE,DEVELOP PHOTORESIST
valid_ic_seq_0201_80,DEPOSIT PASSIVATION,DEPOSIT PASSIVATION LAYER,MEASURE LINE WIDTH,DEPOSIT BARRIER METAL,DEPOSIT POLYSILICON
valid_ic_seq_0202_60,MEASURE VIA CD,DEPOSIT BARRIER METAL,MEASURE VIA RESISTANCE,DEPOSIT METAL 1,SPIN COAT PHOTORESIST
valid_ic_seq_0202_80,DEVELOP PAD WINDOW,DEVELOP PHOTORESIST,POST EXPOSE BAKE,PARAMETRIC TEST,OPEN PAD WINDOW LITHO
valid_ic_seq_0203_60,MEASURE VIA CD,DEPOSIT BARRIER METAL,DEPOSIT METAL 1,DEPOSIT TOP METAL,SPIN COAT PHOTORESIST
valid_ic_seq_0203_80,DEVELOP PHOTORESIST,DEVELOP PAD WINDOW,POST EXPOSE BAKE,PARAMETRIC TEST,OPEN PAD WINDOW LITHO
valid_ic_seq_0204_60,STRIP PHOTORESIST,STRIP RESIST,STRIP RESIST LEVEL 2,HARD BAKE,DEVELOP PHOTORESIST
valid_ic_seq_0204_80,MEASURE PASSIVATION THICKNESS,MEASURE PASSIVATION QUALITY,MEASURE FILM THICKNESS,MEASURE OXIDE THICKNESS,DEPOSIT PASSIVATION LAYER
valid_ic_seq_0205_60,DEPOSIT BARRIER METAL,MEASURE VIA CD,DEPOSIT POLYSILICON,IMPLANT N-TYPE,DEPOSIT PASSIVATION
valid_ic_seq_0205_80,PASSIVATION ETCH PAD OPENING,PASSIVATION ETCH,VIA ETCH THROUGH DIELECTRIC,VIA ETCH,DIELECTRIC ETCH VIA
valid_ic_seq_0206_60,STRIP RESIST,STRIP PHOTORESIST,STRIP RESIST LEVEL 2,HARD BAKE,DEVELOP PHOTORESIST
valid_ic_seq_0206_80,MEASURE PASSIVATION QUALITY,MEASURE PASSIVATION THICKNESS,DEPOSIT PASSIVATION LAYER,PASSIVATION ETCH PAD OPENING,PASSIVATION ETCH
valid_ic_seq_0207_60,CLEAN AFTER VIA ETCH,CLEAN AFTER ETCH,CLEAN AFTER METAL ETCH,CLEAN PAD OPENING,CLEAN AFTER POLY ETCH
valid_ic_seq_0207_80,DEVELOP PAD WINDOW,DEVELOP PHOTORESIST,POST EXPOSE BAKE,PARAMETRIC TEST,OPEN PAD WINDOW LITHO
valid_ic_seq_0208_60,DEPOSIT BARRIER METAL,MEASURE VIA CD,DEPOSIT POLYSILICON,IMPLANT N-TYPE,DEPOSIT PASSIVATION
valid_ic_seq_0208_80,DEVELOP PAD WINDOW,DEVELOP PHOTORESIST,POST EXPOSE BAKE,OPEN PAD WINDOW LITHO,PAD WINDOW LITHO
valid_ic_seq_0209_60,DEPOSIT BARRIER METAL,MEASURE VIA CD,DEPOSIT POLYSILICON,DEPOSIT PASSIVATION,IMPLANT N-TYPE
valid_ic_seq_0209_80,DEVELOP PAD WINDOW,DEVELOP PHOTORESIST,POST EXPOSE BAKE,OPEN PAD WINDOW LITHO,PARAMETRIC TEST
valid_ic_seq_0210_60,CLEAN AFTER VIA ETCH,CLEAN AFTER ETCH,CLEAN AFTER METAL ETCH,DEPOSIT TUNGSTEN SEED,CLEAN AFTER POLY ETCH
valid_ic_seq_0210_80,PAD WINDOW LITHO,OPEN PAD WINDOW LITHO,OPEN BOND PAD WINDOW,OPEN PAD WINDOW,DEVELOP PAD WINDOW
valid_ic_seq_0211_60,STRIP PHOTORESIST,STRIP RESIST,STRIP RESIST LEVEL 2,HARD BAKE,DEVELOP PHOTORESIST
valid_ic_seq_0211_80,OPEN PAD WINDOW,OPEN BOND PAD WINDOW,PAD WINDOW LITHO,OPEN PAD WINDOW LITHO,MEASURE SHEET RESISTANCE
valid_ic_seq_0212_60,DEPOSIT BARRIER METAL,MEASURE VIA CD,IMPLANT N-TYPE,DEPOSIT POLYSILICON,DEPOSIT PASSIVATION
valid_ic_seq_0212_80,PASSIVATION ETCH PAD OPENING,PASSIVATION ETCH,SWITCHING TEST,THRESHOLD VOLTAGE TEST,MEASURE PASSIVATION THICKNESS
valid_ic_seq_0213_60,DEPOSIT BARRIER METAL,MEASURE VIA CD,DEPOSIT POLYSILICON,IMPLANT N-TYPE,DEPOSIT PASSIVATION
valid_ic_seq_0213_80,STRIP PHOTORESIST,STRIP RESIST,STRIP RESIST LEVEL 2,HARD BAKE,DEVELOP PHOTORESIST
valid_ic_seq_0214_60,MEASURE VIA CD,DEPOSIT BARRIER METAL,MEASURE SHEET RESISTANCE,SPIN COAT PHOTORESIST,DEPOSIT METAL 1
valid_ic_seq_0214_80,PASSIVATION ETCH PAD OPENING,PASSIVATION ETCH,VIA ETCH THROUGH DIELECTRIC,VIA ETCH,DIELECTRIC ETCH VIA
valid_ic_seq_0215_60,DEPOSIT BARRIER METAL,MEASURE VIA CD,DEPOSIT POLYSILICON,IMPLANT N-TYPE,DEPOSIT INTERLAYER DIELECTRIC
valid_ic_seq_0215_80,PASSIVATION ETCH,PASSIVATION ETCH PAD OPENING,VIA ETCH THROUGH DIELECTRIC,VIA ETCH,DIELECTRIC ETCH VIA
valid_ic_seq_0216_60,HARD BAKE,VIA ETCH,DIELECTRIC ETCH VIA,VIA ETCH THROUGH DIELECTRIC,POLYSILICON ETCH DRY
valid_ic_seq_0216_80,DEVELOP PHOTORESIST,DEVELOP PAD WINDOW,POST EXPOSE BAKE,OPEN PAD WINDOW LITHO,PAD WINDOW LITHO
valid_ic_seq_0217_60,CLEAN AFTER VIA ETCH,CLEAN AFTER ETCH,CLEAN PAD OPENING,CLEAN AFTER METAL ETCH,RCA CLEAN 2
valid_ic_seq_0217_80,STRIP PHOTORESIST,STRIP RESIST,STRIP RESIST LEVEL 2,HARD BAKE,DEVELOP PHOTORESIST
valid_ic_seq_0218_60,VIA OPENING INSPECTION,VIA INSPECTION,PRE CLEAN INSPECTION,INITIAL WAFER INSPECTION,FINAL PARTICLE INSPECTION
valid_ic_seq_0218_80,MEASURE PASSIVATION THICKNESS,MEASURE PASSIVATION QUALITY,MEASURE FILM THICKNESS,MEASURE OXIDE THICKNESS,DEPOSIT PASSIVATION LAYER
valid_ic_seq_0219_60,MEASURE VIA CD,DEPOSIT BARRIER METAL,SPIN COAT PHOTORESIST,DEPOSIT METAL 1,MEASURE CD LEVEL 1
valid_ic_seq_0219_80,OPEN PAD WINDOW LITHO,PAD WINDOW LITHO,DEVELOP PAD WINDOW,OPEN BOND PAD WINDOW,OPEN PAD WINDOW
valid_ic_seq_0220_60,CLEAN AFTER VIA ETCH,CLEAN AFTER ETCH,CLEAN AFTER POLY ETCH,CLEAN AFTER METAL ETCH,DEPOSIT TUNGSTEN SEED
valid_ic_seq_0220_80,OPEN PAD WINDOW LITHO,PAD WINDOW LITHO,DEVELOP PAD WINDOW,OPEN BOND PAD WINDOW,OPEN PAD WINDOW
valid_ic_seq_0221_60,VIA ETCH,HARD BAKE,DIELECTRIC ETCH VIA,VIA ETCH THROUGH DIELECTRIC,POLYSILICON ETCH DRY
valid_ic_seq_0221_80,CURE PASSIVATION,RINSE WET WAFER_EDGE,CLEAN PAD OPENING,ANNEAL POLYSILICON,DRY WAFER BACKSIDE
valid_ic_seq_0222_60,CLEAN AFTER VIA ETCH,CLEAN AFTER ETCH,DEPOSIT TUNGSTEN SEED,CLEAN AFTER METAL ETCH,CLEAN AFTER POLY ETCH
valid_ic_seq_0222_80,OPEN PAD WINDOW LITHO,PAD WINDOW LITHO,OPEN BOND PAD WINDOW,OPEN PAD WINDOW,DEVELOP PAD WINDOW
valid_ic_seq_0223_60,CLEAN AFTER VIA ETCH,CLEAN AFTER ETCH,CLEAN AFTER METAL ETCH,CLEAN PAD OPENING,RCA CLEAN 2
valid_ic_seq_0223_80,DEVELOP PHOTORESIST,DEVELOP PAD WINDOW,POST EXPOSE BAKE,STRIP RESIST,OPEN PAD WINDOW LITHO
valid_ic_seq_0224_60,STRIP PHOTORESIST,STRIP RESIST,STRIP RESIST LEVEL 2,HARD BAKE,DEVELOP PHOTORESIST
valid_ic_seq_0224_80,MEASURE PASSIVATION QUALITY,MEASURE PASSIVATION THICKNESS,MEASURE FILM THICKNESS,MEASURE OXIDE THICKNESS,DEPOSIT PASSIVATION LAYER
valid_ic_seq_0225_60,STRIP PHOTORESIST,STRIP RESIST,STRIP RESIST LEVEL 2,HARD BAKE,DEVELOP PHOTORESIST
valid_ic_seq_0225_80,OPEN PAD WINDOW LITHO,PAD WINDOW LITHO,DEVELOP PAD WINDOW,OPEN BOND PAD WINDOW,OPEN PAD WINDOW
valid_ic_seq_0226_60,STRIP PHOTORESIST,STRIP RESIST,STRIP RESIST LEVEL 2,HARD BAKE,DEVELOP PHOTORESIST
valid_ic_seq_0226_80,OPEN PAD WINDOW,OPEN BOND PAD WINDOW,PAD WINDOW LITHO,OPEN PAD WINDOW LITHO,DEVELOP PAD WINDOW
valid_ic_seq_0227_60,DEPOSIT BARRIER METAL,MEASURE VIA CD,IMPLANT N-TYPE,DEPOSIT POLYSILICON,DEPOSIT PASSIVATION
valid_ic_seq_0227_80,DEVELOP PHOTORESIST,DEVELOP PAD WINDOW,POST EXPOSE BAKE,OPEN PAD WINDOW LITHO,PAD WINDOW LITHO
valid_ic_seq_0228_60,CLEAN AFTER VIA ETCH,CLEAN AFTER ETCH,CLEAN AFTER POLY ETCH,CLEAN AFTER METAL ETCH,CLEAN PAD OPENING
valid_ic_seq_0228_80,PASSIVATION ETCH,PASSIVATION ETCH PAD OPENING,VIA ETCH THROUGH DIELECTRIC,VIA ETCH,DIELECTRIC ETCH VIA
valid_ic_seq_0229_60,DEPOSIT BARRIER METAL,MEASURE VIA CD,DEPOSIT POLYSILICON,IMPLANT N-TYPE,DEPOSIT PASSIVATION
valid_ic_seq_0229_80,OPEN PAD WINDOW LITHO,PAD WINDOW LITHO,OPEN BOND PAD WINDOW,OPEN PAD WINDOW,DEVELOP PAD WINDOW
valid_ic_seq_0230_60,CLEAN AFTER VIA ETCH,CLEAN AFTER ETCH,DEPOSIT TUNGSTEN SEED,CLEAN PAD OPENING,CLEAN AFTER METAL ETCH
valid_ic_seq_0230_80,OPEN PAD WINDOW LITHO,PAD WINDOW LITHO,DEVELOP PAD WINDOW,OPEN BOND PAD WINDOW,OPEN PAD WINDOW
valid_ic_seq_0231_60,CLEAN AFTER VIA ETCH,CLEAN AFTER ETCH,CLEAN AFTER METAL ETCH,CLEAN PAD OPENING,CLEAN AFTER POLY ETCH
valid_ic_seq_0231_80,OPEN PAD WINDOW,OPEN BOND PAD WINDOW,PAD WINDOW LITHO,OPEN PAD WINDOW LITHO,DEVELOP PAD WINDOW
valid_ic_seq_0232_60,STRIP PHOTORESIST,STRIP RESIST,STRIP RESIST LEVEL 2,HARD BAKE,DEVELOP PHOTORESIST
valid_ic_seq_0232_80,MEASURE PASSIVATION QUALITY,MEASURE PASSIVATION THICKNESS,MEASURE FILM THICKNESS,MEASURE OXIDE THICKNESS,DEPOSIT PASSIVATION LAYER
valid_ic_seq_0233_60,DEPOSIT BARRIER METAL,MEASURE VIA CD,IMPLANT N-TYPE,DEPOSIT POLYSILICON,DEPOSIT PASSIVATION
valid_ic_seq_0233_80,PAD WINDOW LITHO,OPEN PAD WINDOW LITHO,OPEN BOND PAD WINDOW,DEVELOP PAD WINDOW,OPEN PAD WINDOW
valid_ic_seq_0234_60,STRIP PHOTORESIST,STRIP RESIST,STRIP RESIST LEVEL 2,HARD BAKE,DEVELOP PHOTORESIST
valid_ic_seq_0234_80,DEVELOP PAD WINDOW,DEVELOP PHOTORESIST,POST EXPOSE BAKE,PARAMETRIC TEST,HARD BAKE
valid_ic_seq_0235_60,STRIP PHOTORESIST,STRIP RESIST,STRIP RESIST LEVEL 2,HARD BAKE,DEVELOP PHOTORESIST
valid_ic_seq_0235_80,OPEN PAD WINDOW,OPEN BOND PAD WINDOW,PAD WINDOW LITHO,OPEN PAD WINDOW LITHO,DEVELOP PAD WINDOW
valid_ic_seq_0236_60,CLEAN AFTER VIA ETCH,CLEAN AFTER ETCH,CLEAN AFTER METAL ETCH,CLEAN AFTER POLY ETCH,CLEAN PAD OPENING
valid_ic_seq_0236_80,OPEN PAD WINDOW LITHO,PAD WINDOW LITHO,DEVELOP PAD WINDOW,OPEN BOND PAD WINDOW,OPEN PAD WINDOW
valid_ic_seq_0237_60,STRIP PHOTORESIST,STRIP RESIST,STRIP RESIST LEVEL 2,HARD BAKE,DEVELOP PHOTORESIST
valid_ic_seq_0237_80,OPEN PAD WINDOW,OPEN BOND PAD WINDOW,PAD WINDOW LITHO,OPEN PAD WINDOW LITHO,DEVELOP PAD WINDOW
valid_ic_seq_0238_60,CLEAN AFTER VIA ETCH,CLEAN AFTER ETCH,CLEAN AFTER METAL ETCH,CLEAN PAD OPENING,RCA CLEAN 2
valid_ic_seq_0238_80,PASSIVATION ETCH PAD OPENING,PASSIVATION ETCH,MEASURE PASSIVATION THICKNESS,SWITCHING TEST,MEASURE PASSIVATION QUALITY
valid_ic_seq_0239_60,MEASURE VIA CD,DEPOSIT BARRIER METAL,SPIN COAT PHOTORESIST,MEASURE SHEET RESISTANCE,MEASURE METAL THICKNESS
valid_ic_seq_0239_80,DEVELOP PHOTORESIST,DEVELOP PAD WINDOW,POST EXPOSE BAKE,OPEN PAD WINDOW LITHO,PAD WINDOW LITHO
valid_ic_seq_0240_60,CLEAN AFTER VIA ETCH,CLEAN AFTER ETCH,CLEAN PAD OPENING,ALIGN MASK LEVEL 3,CLEAN AFTER METAL ETCH
valid_ic_seq_0240_80,PAD WINDOW LITHO,OPEN PAD WINDOW LITHO,OPEN BOND PAD WINDOW,DEVELOP PAD WINDOW,OPEN PAD WINDOW
valid_ic_seq_0241_60,MEASURE VIA CD,DEPOSIT BARRIER METAL,MEASURE SHEET RESISTANCE,SPIN COAT PHOTORESIST,DEPOSIT METAL 1
valid_ic_seq_0241_80,PASSIVATION ETCH,PASSIVATION ETCH PAD OPENING,MEASURE PASSIVATION THICKNESS,MEASURE PASSIVATION QUALITY,VIA ETCH THROUGH DIELECTRIC
valid_ic_seq_0242_60,MEASURE VIA CD,DEPOSIT BARRIER METAL,DEPOSIT METAL 1,MEASURE VIA RESISTANCE,DEPOSIT TOP METAL
valid_ic_seq_0242_80,OPEN PAD WINDOW LITHO,PAD WINDOW LITHO,OPEN BOND PAD WINDOW,OPEN PAD WINDOW,DEVELOP PAD WINDOW
valid_ic_seq_0243_60,MEASURE VIA CD,DEPOSIT BARRIER METAL,MEASURE SHEET RESISTANCE,DEPOSIT METAL 1,SPIN COAT PHOTORESIST
valid_ic_seq_0243_80,OPEN PAD WINDOW,OPEN BOND PAD WINDOW,PAD WINDOW LITHO,OPEN PAD WINDOW LITHO,DEVELOP PAD WINDOW
valid_ic_seq_0244_60,STRIP PHOTORESIST,STRIP RESIST,STRIP RESIST LEVEL 2,HARD BAKE,DEVELOP PHOTORESIST
valid_ic_seq_0244_80,MEASURE PASSIVATION THICKNESS,MEASURE PASSIVATION QUALITY,MEASURE FILM THICKNESS,DEPOSIT PASSIVATION LAYER,MEASURE OXIDE THICKNESS
valid_ic_seq_0245_60,STRIP PHOTORESIST,STRIP RESIST,STRIP RESIST LEVEL 2,HARD BAKE,DEVELOP PHOTORESIST
valid_ic_seq_0245_80,OPEN PAD WINDOW LITHO,PAD WINDOW LITHO,DEVELOP PAD WINDOW,OPEN BOND PAD WINDOW,OPEN PAD WINDOW
valid_ic_seq_0246_60,MEASURE VIA CD,DEPOSIT BARRIER METAL,MEASURE CD LEVEL 1,DEPOSIT POLYSILICON,SPIN COAT PHOTORESIST
valid_ic_seq_0246_80,PAD WINDOW LITHO,OPEN PAD WINDOW LITHO,DEVELOP PAD WINDOW,OPEN BOND PAD WINDOW,OPEN PAD WINDOW
valid_ic_seq_0247_60,DEPOSIT TUNGSTEN SEED,FILL VIA TUNGSTEN,ANNEAL POLYSILICON,RINSE WET WAFER_EDGE,CURE PASSIVATION
valid_ic_seq_0247_80,PASSIVATION ETCH,PASSIVATION ETCH PAD OPENING,MEASURE PASSIVATION THICKNESS,SWITCHING TEST,VIA ETCH THROUGH DIELECTRIC
valid_ic_seq_0248_60,DEPOSIT BARRIER METAL,MEASURE VIA CD,DEPOSIT POLYSILICON,IMPLANT N-TYPE,DEPOSIT PASSIVATION
valid_ic_seq_0248_80,PASSIVATION ETCH,PASSIVATION ETCH PAD OPENING,VIA ETCH THROUGH DIELECTRIC,VIA ETCH,DIELECTRIC ETCH VIA
valid_ic_seq_0249_60,DEPOSIT BARRIER METAL,MEASURE VIA CD,DEPOSIT POLYSILICON,IMPLANT N-TYPE,DEPOSIT PASSIVATION
valid_ic_seq_0249_80,DEVELOP PHOTORESIST,DEVELOP PAD WINDOW,POST EXPOSE BAKE,OPEN PAD WINDOW LITHO,PAD WINDOW LITHO
valid_ic_seq_0250_60,CLEAN AFTER VIA ETCH,CLEAN AFTER ETCH,CLEAN PAD OPENING,CLEAN AFTER METAL ETCH,ALIGN MASK LEVEL 3
valid_ic_seq_0250_80,DEVELOP PHOTORESIST,DEVELOP PAD WINDOW,POST EXPOSE BAKE,OPEN PAD WINDOW LITHO,OPEN PAD WINDOW
valid_ic_seq_0251_60,MEASURE VIA CD,DEPOSIT BARRIER METAL,MEASURE SHEET RESISTANCE,DEPOSIT METAL 1,MEASURE CD LEVEL 1
valid_ic_seq_0251_80,OPEN PAD WINDOW LITHO,PAD WINDOW LITHO,OPEN BOND PAD WINDOW,OPEN PAD WINDOW,DEVELOP PAD WINDOW
valid_ic_seq_0252_60,DEPOSIT BARRIER METAL,MEASURE VIA CD,DEPOSIT POLYSILICON,IMPLANT N-TYPE,DEPOSIT INTERLAYER DIELECTRIC
valid_ic_seq_0252_80,DEVELOP PHOTORESIST,DEVELOP PAD WINDOW,POST EXPOSE BAKE,OPEN PAD WINDOW LITHO,PAD WINDOW LITHO
valid_ic_seq_0253_60,STRIP PHOTORESIST,STRIP RESIST,STRIP RESIST LEVEL 2,HARD BAKE,DEVELOP PHOTORESIST
valid_ic_seq_0253_80,OPEN BOND PAD WINDOW,OPEN PAD WINDOW,PAD WINDOW LITHO,OPEN PAD WINDOW LITHO,DEVELOP PAD WINDOW
valid_ic_seq_0254_60,CLEAN AFTER VIA ETCH,CLEAN AFTER ETCH,CLEAN PAD OPENING,CLEAN AFTER METAL ETCH,DEPOSIT TUNGSTEN SEED
valid_ic_seq_0254_80,DEVELOP PAD WINDOW,DEVELOP PHOTORESIST,POST EXPOSE BAKE,PARAMETRIC TEST,OPEN PAD WINDOW LITHO
valid_ic_seq_0255_60,DEPOSIT TUNGSTEN SEED,FILL VIA TUNGSTEN,ANNEAL POLYSILICON,RINSE WET WAFER_EDGE,SURFACE PREP FOR DEPOSITION
valid_ic_seq_0255_80,DEVELOP PAD WINDOW,DEVELOP PHOTORESIST,POST EXPOSE BAKE,PARAMETRIC TEST,OPEN PAD WINDOW LITHO
valid_ic_seq_0256_60,CLEAN AFTER VIA ETCH,CLEAN AFTER ETCH,CLEAN AFTER METAL ETCH,DEPOSIT TUNGSTEN SEED,CLEAN AFTER POLY ETCH
valid_ic_seq_0256_80,PAD WINDOW LITHO,OPEN PAD WINDOW LITHO,OPEN BOND PAD WINDOW,OPEN PAD WINDOW,DEVELOP PAD WINDOW
valid_ic_seq_0257_60,MEASURE VIA CD,DEPOSIT BARRIER METAL,DEPOSIT METAL 1,MEASURE VIA RESISTANCE,MEASURE SHEET RESISTANCE
valid_ic_seq_0257_80,PAD WINDOW LITHO,OPEN PAD WINDOW LITHO,OPEN BOND PAD WINDOW,OPEN PAD WINDOW,DEVELOP PAD WINDOW
valid_ic_seq_0258_60,MEASURE VIA CD,DEPOSIT BARRIER METAL,SPIN COAT PHOTORESIST,MEASURE SHEET RESISTANCE,DEPOSIT METAL 1
valid_ic_seq_0258_80,PAD WINDOW LITHO,OPEN PAD WINDOW LITHO,DEVELOP PAD WINDOW,OPEN BOND PAD WINDOW,OPEN PAD WINDOW
valid_ic_seq_0259_60,DEPOSIT TUNGSTEN SEED,FILL VIA TUNGSTEN,ANNEAL POLYSILICON,CURE PASSIVATION,RINSE WET WAFER_EDGE
valid_ic_seq_0259_80,DEVELOP PHOTORESIST,DEVELOP PAD WINDOW,POST EXPOSE BAKE,PARAMETRIC TEST,OPEN PAD WINDOW LITHO
valid_ic_seq_0260_60,DEPOSIT TUNGSTEN SEED,FILL VIA TUNGSTEN,ANNEAL POLYSILICON,CURE PASSIVATION,RINSE WET WAFER_EDGE
valid_ic_seq_0260_80,PASSIVATION ETCH,PASSIVATION ETCH PAD OPENING,VIA ETCH THROUGH DIELECTRIC,VIA ETCH,DIELECTRIC ETCH VIA
valid_ic_seq_0261_60,STRIP RESIST,STRIP PHOTORESIST,STRIP RESIST LEVEL 2,HARD BAKE,DEVELOP PHOTORESIST
valid_ic_seq_0261_80,OPEN PAD WINDOW,OPEN BOND PAD WINDOW,PAD WINDOW LITHO,OPEN PAD WINDOW LITHO,DEVELOP PAD WINDOW
valid_ic_seq_0262_60,CLEAN AFTER VIA ETCH,CLEAN AFTER ETCH,CLEAN AFTER METAL ETCH,CLEAN PAD OPENING,ALIGN MASK LEVEL 3
valid_ic_seq_0262_80,OPEN PAD WINDOW LITHO,PAD WINDOW LITHO,DEVELOP PAD WINDOW,OPEN BOND PAD WINDOW,OPEN PAD WINDOW
valid_ic_seq_0263_60,CLEAN AFTER VIA ETCH,DEPOSIT TUNGSTEN SEED,ALIGN MASK LEVEL 3,CLEAN AFTER ETCH,CLEAN PAD OPENING
valid_ic_seq_0263_80,PASSIVATION ETCH PAD OPENING,PASSIVATION ETCH,VIA ETCH THROUGH DIELECTRIC,VIA ETCH,DIELECTRIC ETCH VIA
valid_ic_seq_0264_60,CLEAN AFTER VIA ETCH,CLEAN AFTER ETCH,CLEAN PAD OPENING,CLEAN AFTER METAL ETCH,DEPOSIT TUNGSTEN SEED
valid_ic_seq_0264_80,OPEN PAD WINDOW,OPEN BOND PAD WINDOW,PAD WINDOW LITHO,OPEN PAD WINDOW LITHO,MEASURE SHEET RESISTANCE
valid_ic_seq_0265_60,CLEAN AFTER VIA ETCH,CLEAN AFTER ETCH,CLEAN AFTER METAL ETCH,CLEAN PAD OPENING,CLEAN AFTER POLY ETCH
valid_ic_seq_0265_80,PAD WINDOW LITHO,OPEN PAD WINDOW LITHO,DEVELOP PAD WINDOW,OPEN BOND PAD WINDOW,STRIP RESIST
valid_ic_seq_0266_60,DEPOSIT TUNGSTEN SEED,FILL VIA TUNGSTEN,ANNEAL POLYSILICON,CURE PASSIVATION,RINSE WET WAFER_EDGE
valid_ic_seq_0266_80,STRIP PHOTORESIST,STRIP RESIST,STRIP RESIST LEVEL 2,HARD BAKE,DEVELOP PHOTORESIST
valid_ic_seq_0267_60,MEASURE VIA CD,DEPOSIT BARRIER METAL,SPIN COAT PHOTORESIST,DEPOSIT METAL 1,DEPOSIT TOP METAL
valid_ic_seq_0267_80,OPEN BOND PAD WINDOW,OPEN PAD WINDOW,PAD WINDOW LITHO,OPEN PAD WINDOW LITHO,DEVELOP PAD WINDOW
valid_ic_seq_0268_60,STRIP PHOTORESIST,STRIP RESIST,STRIP RESIST LEVEL 2,HARD BAKE,DEVELOP PHOTORESIST
valid_ic_seq_0268_80,OPEN PAD WINDOW,OPEN BOND PAD WINDOW,PAD WINDOW LITHO,OPEN PAD WINDOW LITHO,PASSIVATION ETCH PAD OPENING
valid_ic_seq_0269_60,HARD BAKE,VIA ETCH,DIELECTRIC ETCH VIA,VIA ETCH THROUGH DIELECTRIC,POLYSILICON ETCH DRY
valid_ic_seq_0269_80,MEASURE PASSIVATION THICKNESS,MEASURE PASSIVATION QUALITY,MEASURE FILM THICKNESS,DEPOSIT PASSIVATION LAYER,MEASURE OXIDE THICKNESS
valid_ic_seq_0270_60,CLEAN AFTER VIA ETCH,ALIGN MASK LEVEL 3,DEPOSIT TUNGSTEN SEED,CLEAN AFTER ETCH,CLEAN PAD OPENING
valid_ic_seq_0270_80,OPEN PAD WINDOW LITHO,PAD WINDOW LITHO,OPEN BOND PAD WINDOW,OPEN PAD WINDOW,DEVELOP PAD WINDOW
valid_ic_seq_0271_60,CLEAN AFTER VIA ETCH,CLEAN AFTER ETCH,CLEAN AFTER METAL ETCH,CLEAN PAD OPENING,DEPOSIT TUNGSTEN SEED
valid_ic_seq_0271_80,DEVELOP PHOTORESIST,DEVELOP PAD WINDOW,POST EXPOSE BAKE,OPEN PAD WINDOW LITHO,PAD WINDOW LITHO
valid_ic_seq_0272_60,DEPOSIT TUNGSTEN SEED,FILL VIA TUNGSTEN,ANNEAL POLYSILICON,RINSE WET WAFER_EDGE,CLEAN AFTER VIA ETCH
valid_ic_seq_0272_80,DEVELOP PHOTORESIST,DEVELOP PAD WINDOW,POST EXPOSE BAKE,OPEN PAD WINDOW LITHO,PAD WINDOW LITHO
valid_ic_seq_0273_60,DEPOSIT BARRIER METAL,MEASURE VIA CD,DEPOSIT POLYSILICON,IMPLANT N-TYPE,DEPOSIT PASSIVATION
valid_ic_seq_0273_80,PASSIVATION ETCH,PASSIVATION ETCH PAD OPENING,MEASURE PASSIVATION THICKNESS,VIA ETCH THROUGH DIELECTRIC,DEPOSIT PASSIVATION LAYER
valid_ic_seq_0274_60,CLEAN AFTER VIA ETCH,CLEAN AFTER ETCH,CLEAN AFTER METAL ETCH,CLEAN PAD OPENING,RCA CLEAN 2
valid_ic_seq_0274_80,OPEN BOND PAD WINDOW,OPEN PAD WINDOW,PAD WINDOW LITHO,OPEN PAD WINDOW LITHO,PASSIVATION ETCH PAD OPENING
valid_ic_seq_0275_60,CLEAN AFTER VIA ETCH,CLEAN AFTER ETCH,CLEAN PAD OPENING,CLEAN AFTER METAL ETCH,DEPOSIT TUNGSTEN SEED
valid_ic_seq_0275_80,OPEN PAD WINDOW LITHO,PAD WINDOW LITHO,DEVELOP PAD WINDOW,OPEN BOND PAD WINDOW,OPEN PAD WINDOW
valid_ic_seq_0276_60,HARD BAKE,DIELECTRIC ETCH VIA,VIA ETCH THROUGH DIELECTRIC,VIA ETCH,POLYSILICON ETCH DRY
valid_ic_seq_0276_80,MEASURE PASSIVATION THICKNESS,MEASURE PASSIVATION QUALITY,MEASURE FILM THICKNESS,DEPOSIT PASSIVATION LAYER,MEASURE OXIDE THICKNESS
valid_ic_seq_0277_60,CLEAN AFTER VIA ETCH,CLEAN AFTER ETCH,DEPOSIT TUNGSTEN SEED,CLEAN AFTER METAL ETCH,CLEAN PAD OPENING
valid_ic_seq_0277_80,OPEN PAD WINDOW LITHO,PAD WINDOW LITHO,DEVELOP PAD WINDOW,OPEN BOND PAD WINDOW,OPEN PAD WINDOW
valid_ic_seq_0278_60,CLEAN AFTER VIA ETCH,CLEAN AFTER ETCH,CLEAN AFTER METAL ETCH,CLEAN PAD OPENING,CLEAN AFTER POLY ETCH
valid_ic_seq_0278_80,OPEN PAD WINDOW,OPEN BOND PAD WINDOW,PAD WINDOW LITHO,OPEN PAD WINDOW LITHO,FINAL LOT RELEASE
valid_ic_seq_0279_60,CLEAN AFTER VIA ETCH,CLEAN AFTER ETCH,CLEAN AFTER METAL ETCH,CLEAN AFTER POLY ETCH,CLEAN PAD OPENING
valid_ic_seq_0279_80,DEVELOP PAD WINDOW,DEVELOP PHOTORESIST,POST EXPOSE BAKE,PARAMETRIC TEST,OPEN PAD WINDOW LITHO
valid_ic_seq_0280_60,CLEAN AFTER VIA ETCH,CLEAN AFTER ETCH,ALIGN MASK LEVEL 3,CLEAN PAD OPENING,DEPOSIT TUNGSTEN SEED
valid_ic_seq_0280_80,OPEN PAD WINDOW,OPEN BOND PAD WINDOW,PAD WINDOW LITHO,OPEN PAD WINDOW LITHO,DEVELOP PAD WINDOW
valid_ic_seq_0281_60,MEASURE VIA CD,DEPOSIT BARRIER METAL,DEPOSIT METAL 1,SPIN COAT PHOTORESIST,MEASURE VIA RESISTANCE
valid_ic_seq_0281_80,OPEN PAD WINDOW LITHO,PAD WINDOW LITHO,OPEN BOND PAD WINDOW,OPEN PAD WINDOW,DEVELOP PAD WINDOW
valid_ic_seq_0282_60,DIELECTRIC ETCH VIA,VIA ETCH,HARD BAKE,VIA ETCH THROUGH DIELECTRIC,POLYSILICON ETCH DRY
valid_ic_seq_0282_80,MEASURE PASSIVATION QUALITY,MEASURE PASSIVATION THICKNESS,MEASURE FILM THICKNESS,MEASURE OXIDE THICKNESS,DEPOSIT PASSIVATION LAYER
valid_ic_seq_0283_60,MEASURE VIA CD,DEPOSIT BARRIER METAL,SPIN COAT PHOTORESIST,MEASURE SHEET RESISTANCE,DEPOSIT METAL 1
valid_ic_seq_0283_80,OPEN PAD WINDOW LITHO,PAD WINDOW LITHO,DEVELOP PAD WINDOW,OPEN BOND PAD WINDOW,OPEN PAD WINDOW
valid_ic_seq_0284_60,MEASURE VIA CD,DEPOSIT BARRIER METAL,MEASURE SHEET RESISTANCE,ANNEAL METAL,DEPOSIT METAL 1
valid_ic_seq_0284_80,OPEN PAD WINDOW,OPEN BOND PAD WINDOW,PAD WINDOW LITHO,OPEN PAD WINDOW LITHO,FINAL LOT RELEASE
valid_ic_seq_0285_60,STRIP PHOTORESIST,STRIP RESIST,STRIP RESIST LEVEL 2,HARD BAKE,DEVELOP PHOTORESIST
valid_ic_seq_0285_80,MEASURE PASSIVATION THICKNESS,MEASURE PASSIVATION QUALITY,PASSIVATION ETCH,PASSIVATION ETCH PAD OPENING,MEASURE FILM THICKNESS
valid_ic_seq_0286_60,CLEAN AFTER VIA ETCH,CLEAN AFTER ETCH,ALIGN MASK LEVEL 3,CLEAN AFTER POLY ETCH,CLEAN AFTER METAL ETCH
valid_ic_seq_0286_80,OPEN PAD WINDOW LITHO,PAD WINDOW LITHO,OPEN BOND PAD WINDOW,OPEN PAD WINDOW,DEVELOP PAD WINDOW
valid_ic_seq_0287_60,HARD BAKE,VIA ETCH,DIELECTRIC ETCH VIA,VIA ETCH THROUGH DIELECTRIC,POLYSILICON ETCH DRY
valid_ic_seq_0287_80,MEASURE PASSIVATION QUALITY,MEASURE PASSIVATION THICKNESS,MEASURE FILM THICKNESS,MEASURE OXIDE THICKNESS,DEPOSIT PASSIVATION LAYER
valid_ic_seq_0288_60,DEPOSIT TUNGSTEN SEED,FILL VIA TUNGSTEN,ANNEAL POLYSILICON,CURE PASSIVATION,RINSE WET WAFER_EDGE
valid_ic_seq_0288_80,PASSIVATION ETCH PAD OPENING,PASSIVATION ETCH,SWITCHING TEST,VIA ETCH THROUGH DIELECTRIC,DIELECTRIC ETCH VIA
valid_ic_seq_0289_60,CLEAN AFTER VIA ETCH,CLEAN AFTER ETCH,CLEAN AFTER METAL ETCH,CLEAN PAD OPENING,CLEAN AFTER POLY ETCH
valid_ic_seq_0289_80,MEASURE PASSIVATION QUALITY,MEASURE PASSIVATION THICKNESS,MEASURE FILM THICKNESS,DEPOSIT PASSIVATION LAYER,MEASURE OXIDE THICKNESS
valid_ic_seq_0290_60,MEASURE VIA CD,DEPOSIT BARRIER METAL,DEPOSIT METAL 1,MEASURE VIA RESISTANCE,DEPOSIT TOP METAL
valid_ic_seq_0290_80,DEVELOP PHOTORESIST,DEVELOP PAD WINDOW,POST EXPOSE BAKE,PAD WINDOW LITHO,OPEN PAD WINDOW LITHO
valid_ic_seq_0291_60,MEASURE VIA CD,DEPOSIT BARRIER METAL,SPIN COAT PHOTORESIST,DEPOSIT METAL 1,MEASURE SHEET RESISTANCE
valid_ic_seq_0291_80,OPEN BOND PAD WINDOW,OPEN PAD WINDOW,PAD WINDOW LITHO,OPEN PAD WINDOW LITHO,PASSIVATION ETCH PAD OPENING
valid_ic_seq_0292_60,CLEAN AFTER VIA ETCH,CLEAN AFTER ETCH,CLEAN AFTER METAL ETCH,DEPOSIT TUNGSTEN SEED,CLEAN AFTER POLY ETCH
valid_ic_seq_0292_80,OPEN PAD WINDOW LITHO,PAD WINDOW LITHO,DEVELOP PAD WINDOW,OPEN BOND PAD WINDOW,OPEN PAD WINDOW
valid_ic_seq_0293_60,STRIP RESIST,STRIP PHOTORESIST,STRIP RESIST LEVEL 2,HARD BAKE,DEVELOP PHOTORESIST
valid_ic_seq_0293_80,OPEN PAD WINDOW,OPEN BOND PAD WINDOW,PAD WINDOW LITHO,OPEN PAD WINDOW LITHO,DEVELOP PAD WINDOW
valid_ic_seq_0294_60,STRIP PHOTORESIST,STRIP RESIST,STRIP RESIST LEVEL 2,HARD BAKE,DEVELOP PHOTORESIST
valid_ic_seq_0294_80,OPEN PAD WINDOW LITHO,PAD WINDOW LITHO,DEVELOP PAD WINDOW,OPEN BOND PAD WINDOW,OPEN PAD WINDOW
valid_ic_seq_0295_60,MEASURE VIA CD,DEPOSIT BARRIER METAL,DEPOSIT METAL 1,MEASURE VIA RESISTANCE,SPIN COAT PHOTORESIST
valid_ic_seq_0295_80,OPEN PAD WINDOW LITHO,PAD WINDOW LITHO,DEVELOP PAD WINDOW,OPEN BOND PAD WINDOW,OPEN PAD WINDOW
valid_ic_seq_0296_60,HARD BAKE,VIA ETCH THROUGH DIELECTRIC,DIELECTRIC ETCH VIA,VIA ETCH,POLYSILICON ETCH DRY
valid_ic_seq_0296_80,OPEN PAD WINDOW,OPEN BOND PAD WINDOW,PAD WINDOW LITHO,OPEN PAD WINDOW LITHO,MEASURE SHEET RESISTANCE
valid_ic_seq_0297_60,CLEAN AFTER VIA ETCH,CLEAN AFTER ETCH,CLEAN PAD OPENING,CLEAN AFTER METAL ETCH,DEPOSIT TUNGSTEN SEED
valid_ic_seq_0297_80,DEVELOP PHOTORESIST,DEVELOP PAD WINDOW,POST EXPOSE BAKE,OPEN PAD WINDOW LITHO,PAD WINDOW LITHO
valid_ic_seq_0298_60,MEASURE VIA CD,DEPOSIT BARRIER METAL,DEPOSIT METAL 1,MEASURE VIA RESISTANCE,SPIN COAT PHOTORESIST
valid_ic_seq_0298_80,OPEN PAD WINDOW LITHO,PAD WINDOW LITHO,OPEN BOND PAD WINDOW,OPEN PAD WINDOW,DEVELOP PAD WINDOW
valid_ic_seq_0299_60,DEPOSIT TUNGSTEN SEED,FILL VIA TUNGSTEN,ANNEAL POLYSILICON,RINSE WET WAFER_EDGE,SURFACE PREP FOR DEPOSITION
valid_ic_seq_0299_80,STRIP RESIST,STRIP PHOTORESIST,STRIP RESIST LEVEL 2,HARD BAKE,DEVELOP PHOTORESIST
valid_ic_seq_0300_60,STRIP PHOTORESIST,STRIP RESIST,STRIP RESIST LEVEL 2,HARD BAKE,DEVELOP PHOTORESIST
valid_ic_seq_0300_80,OPEN PAD WINDOW,OPEN BOND PAD WINDOW,PAD WINDOW LITHO,OPEN PAD WINDOW LITHO,DEVELOP PAD WINDOW
valid_ic_seq_0301_60,CLEAN AFTER VIA ETCH,CLEAN AFTER ETCH,DEPOSIT TUNGSTEN SEED,CLEAN AFTER METAL ETCH,CLEAN AFTER POLY ETCH
valid_ic_seq_0301_80,OPEN PAD WINDOW,OPEN BOND PAD WINDOW,PAD WINDOW LITHO,OPEN PAD WINDOW LITHO,DEVELOP PAD WINDOW
valid_ic_seq_0302_60,STRIP PHOTORESIST,STRIP RESIST,STRIP RESIST LEVEL 2,HARD BAKE,DEVELOP PHOTORESIST
valid_ic_seq_0302_80,OPEN BOND PAD WINDOW,OPEN PAD WINDOW,PAD WINDOW LITHO,OPEN PAD WINDOW LITHO,PASSIVATION ETCH PAD OPENING
valid_ic_seq_0303_60,DEPOSIT BARRIER METAL,MEASURE VIA CD,IMPLANT N-TYPE,DEPOSIT POLYSILICON,DEPOSIT PASSIVATION
valid_ic_seq_0303_80,OPEN PAD WINDOW LITHO,PAD WINDOW LITHO,OPEN BOND PAD WINDOW,DEVELOP PAD WINDOW,OPEN PAD WINDOW
valid_ic_seq_0304_60,STRIP PHOTORESIST,STRIP RESIST,STRIP RESIST LEVEL 2,HARD BAKE,DEVELOP PHOTORESIST
valid_ic_seq_0304_80,MEASURE PASSIVATION QUALITY,MEASURE PASSIVATION THICKNESS,MEASURE FILM THICKNESS,MEASURE OXIDE THICKNESS,DEPOSIT PASSIVATION LAYER
valid_ic_seq_0305_60,STRIP PHOTORESIST,STRIP RESIST,STRIP RESIST LEVEL 2,HARD BAKE,DEVELOP PHOTORESIST
valid_ic_seq_0305_80,OPEN PAD WINDOW LITHO,PAD WINDOW LITHO,OPEN BOND PAD WINDOW,OPEN PAD WINDOW,DEVELOP PAD WINDOW
valid_ic_seq_0306_60,CLEAN AFTER VIA ETCH,CLEAN AFTER ETCH,CLEAN AFTER METAL ETCH,CLEAN AFTER POLY ETCH,DEPOSIT TUNGSTEN SEED
valid_ic_seq_0306_80,PAD WINDOW LITHO,OPEN PAD WINDOW LITHO,OPEN BOND PAD WINDOW,OPEN PAD WINDOW,DEVELOP PAD WINDOW
valid_ic_seq_0307_60,STRIP RESIST,STRIP PHOTORESIST,STRIP RESIST LEVEL 2,HARD BAKE,DEVELOP PHOTORESIST
valid_ic_seq_0307_80,OPEN BOND PAD WINDOW,OPEN PAD WINDOW,PAD WINDOW LITHO,OPEN PAD WINDOW LITHO,DEVELOP PAD WINDOW
valid_ic_seq_0308_60,CLEAN AFTER VIA ETCH,ALIGN MASK LEVEL 3,DEPOSIT TUNGSTEN SEED,CLEAN AFTER ETCH,CLEAN PAD OPENING
valid_ic_seq_0308_80,OPEN PAD WINDOW,OPEN BOND PAD WINDOW,PAD WINDOW LITHO,OPEN PAD WINDOW LITHO,MEASURE SHEET RESISTANCE
valid_ic_seq_0309_60,CLEAN AFTER VIA ETCH,CLEAN AFTER ETCH,CLEAN AFTER POLY ETCH,CLEAN AFTER METAL ETCH,CLEAN PAD OPENING
valid_ic_seq_0309_80,OPEN PAD WINDOW LITHO,PAD WINDOW LITHO,OPEN BOND PAD WINDOW,OPEN PAD WINDOW,DEVELOP PAD WINDOW
valid_ic_seq_0310_60,CLEAN AFTER VIA ETCH,CLEAN AFTER ETCH,CLEAN AFTER METAL ETCH,CLEAN AFTER POLY ETCH,CLEAN PAD OPENING
valid_ic_seq_0310_80,DEVELOP PHOTORESIST,DEVELOP PAD WINDOW,POST EXPOSE BAKE,OPEN PAD WINDOW LITHO,PAD WINDOW LITHO
valid_ic_seq_0311_60,CLEAN AFTER VIA ETCH,CLEAN AFTER ETCH,CLEAN AFTER METAL ETCH,CLEAN AFTER POLY ETCH,CLEAN PAD OPENING
valid_ic_seq_0311_80,DEVELOP PAD WINDOW,DEVELOP PHOTORESIST,POST EXPOSE BAKE,OPEN PAD WINDOW LITHO,PAD WINDOW LITHO
valid_ic_seq_0312_60,CLEAN AFTER VIA ETCH,CLEAN AFTER ETCH,DEPOSIT TUNGSTEN SEED,CLEAN AFTER METAL ETCH,CLEAN AFTER POLY ETCH
valid_ic_seq_0312_80,OPEN PAD WINDOW LITHO,PAD WINDOW LITHO,DEVELOP PAD WINDOW,OPEN BOND PAD WINDOW,OPEN PAD WINDOW
valid_ic_seq_0313_60,HARD BAKE,DIELECTRIC ETCH VIA,VIA ETCH,VIA ETCH THROUGH DIELECTRIC,POLYSILICON ETCH DRY
valid_ic_seq_0313_80,OPEN PAD WINDOW,OPEN BOND PAD WINDOW,PAD WINDOW LITHO,OPEN PAD WINDOW LITHO,MEASURE SHEET RESISTANCE
valid_ic_seq_0314_60,CLEAN AFTER VIA ETCH,CLEAN AFTER ETCH,CLEAN PAD OPENING,CLEAN AFTER METAL ETCH,RCA CLEAN 2
valid_ic_seq_0314_80,OPEN PAD WINDOW LITHO,PAD WINDOW LITHO,OPEN BOND PAD WINDOW,DEVELOP PAD WINDOW,OPEN PAD WINDOW
valid_ic_seq_0315_60,CLEAN AFTER VIA ETCH,CLEAN AFTER ETCH,ALIGN MASK LEVEL 3,CLEAN PAD OPENING,CLEAN AFTER METAL ETCH
valid_ic_seq_0315_80,DEVELOP PAD WINDOW,DEVELOP PHOTORESIST,POST EXPOSE BAKE,PARAMETRIC TEST,OPEN PAD WINDOW LITHO
valid_ic_seq_0316_60,CLEAN AFTER VIA ETCH,CLEAN AFTER ETCH,CLEAN AFTER METAL ETCH,CLEAN AFTER POLY ETCH,DEPOSIT TUNGSTEN SEED
valid_ic_seq_0316_80,CURE PASSIVATION,ANNEAL POLYSILICON,FILL VIA TUNGSTEN,BACKSIDE ANNEAL,RINSE WET WAFER_EDGE
valid_ic_seq_0317_60,DEPOSIT TUNGSTEN SEED,FILL VIA TUNGSTEN,ANNEAL POLYSILICON,CURE PASSIVATION,RINSE WET WAFER_EDGE
valid_ic_seq_0317_80,DEVELOP PAD WINDOW,DEVELOP PHOTORESIST,POST EXPOSE BAKE,PARAMETRIC TEST,OPEN PAD WINDOW LITHO
valid_ic_seq_0318_60,MEASURE VIA CD,DEPOSIT BARRIER METAL,MEASURE SHEET RESISTANCE,SPIN COAT PHOTORESIST,DEPOSIT METAL 1
valid_ic_seq_0318_80,DEVELOP PHOTORESIST,DEVELOP PAD WINDOW,POST EXPOSE BAKE,OPEN PAD WINDOW LITHO,PAD WINDOW LITHO
valid_ic_seq_0319_60,CLEAN AFTER VIA ETCH,CLEAN AFTER ETCH,CLEAN PAD OPENING,CLEAN AFTER METAL ETCH,RCA CLEAN 2
valid_ic_seq_0319_80,OPEN PAD WINDOW LITHO,PAD WINDOW LITHO,DEVELOP PAD WINDOW,OPEN BOND PAD WINDOW,OPEN PAD WINDOW
valid_ic_seq_0320_60,MEASURE VIA CD,DEPOSIT BARRIER METAL,MEASURE SHEET RESISTANCE,SPIN COAT PHOTORESIST,DEPOSIT METAL 1
valid_ic_seq_0320_80,DEVELOP PAD WINDOW,DEVELOP PHOTORESIST,POST EXPOSE BAKE,OPEN PAD WINDOW LITHO,PAD WINDOW LITHO
valid_ic_seq_0321_60,DEPOSIT TUNGSTEN SEED,FILL VIA TUNGSTEN,ANNEAL POLYSILICON,CURE PASSIVATION,RINSE WET WAFER_EDGE
valid_ic_seq_0321_80,PASSIVATION ETCH,PASSIVATION ETCH PAD OPENING,SHIP LOT,PACKAGE PREPARATION,VIA ETCH THROUGH DIELECTRIC
valid_ic_seq_0322_60,MEASURE VIA CD,DEPOSIT BARRIER METAL,SPIN COAT PHOTORESIST,MEASURE SHEET RESISTANCE,DEPOSIT METAL 1
valid_ic_seq_0322_80,OPEN PAD WINDOW LITHO,PAD WINDOW LITHO,DEVELOP PAD WINDOW,OPEN BOND PAD WINDOW,OPEN PAD WINDOW
valid_ic_seq_0323_60,STRIP RESIST,STRIP PHOTORESIST,STRIP RESIST LEVEL 2,HARD BAKE,DEVELOP PHOTORESIST
valid_ic_seq_0323_80,OPEN PAD WINDOW LITHO,PAD WINDOW LITHO,DEVELOP PAD WINDOW,OPEN BOND PAD WINDOW,OPEN PAD WINDOW
valid_ic_seq_0324_60,MEASURE VIA CD,DEPOSIT BARRIER METAL,SPIN COAT PHOTORESIST,MEASURE SHEET RESISTANCE,DEPOSIT METAL 1
valid_ic_seq_0324_80,DEVELOP PHOTORESIST,DEVELOP PAD WINDOW,POST EXPOSE BAKE,OPEN PAD WINDOW LITHO,PARAMETRIC TEST
valid_ic_seq_0325_60,MEASURE VIA CD,DEPOSIT BARRIER METAL,DEPOSIT METAL 1,SPIN COAT PHOTORESIST,MEASURE VIA RESISTANCE
valid_ic_seq_0325_80,DEVELOP PAD WINDOW,DEVELOP PHOTORESIST,POST EXPOSE BAKE,PARAMETRIC TEST,OPEN PAD WINDOW LITHO
valid_ic_seq_0326_60,CLEAN AFTER VIA ETCH,ALIGN MASK LEVEL 3,DEPOSIT TUNGSTEN SEED,CLEAN AFTER ETCH,CLEAN PAD OPENING
valid_ic_seq_0326_80,PAD WINDOW LITHO,OPEN PAD WINDOW LITHO,OPEN BOND PAD WINDOW,OPEN PAD WINDOW,DEVELOP PAD WINDOW
valid_ic_seq_0327_60,CLEAN AFTER VIA ETCH,CLEAN AFTER ETCH,CLEAN AFTER METAL ETCH,DEPOSIT TUNGSTEN SEED,CLEAN PAD OPENING
valid_ic_seq_0327_80,OPEN PAD WINDOW LITHO,PAD WINDOW LITHO,OPEN BOND PAD WINDOW,DEVELOP PAD WINDOW,OPEN PAD WINDOW
valid_ic_seq_0328_60,DEPOSIT BARRIER METAL,MEASURE VIA CD,DEPOSIT POLYSILICON,IMPLANT N-TYPE,DEPOSIT PASSIVATION
valid_ic_seq_0328_80,OPEN BOND PAD WINDOW,OPEN PAD WINDOW,PAD WINDOW LITHO,OPEN PAD WINDOW LITHO,FINAL LOT RELEASE
valid_ic_seq_0329_60,VIA ETCH,VIA ETCH THROUGH DIELECTRIC,DIELECTRIC ETCH VIA,HARD BAKE,DEPOSIT INTERLEVEL DIELECTRIC
valid_ic_seq_0329_80,OPEN PAD WINDOW,OPEN BOND PAD WINDOW,PAD WINDOW LITHO,OPEN PAD WINDOW LITHO,DEVELOP PAD WINDOW
valid_ic_seq_0330_60,MEASURE VIA CD,DEPOSIT BARRIER METAL,MEASURE SHEET RESISTANCE,SPIN COAT PHOTORESIST,DEPOSIT METAL 1
valid_ic_seq_0330_80,DEVELOP PHOTORESIST,DEVELOP PAD WINDOW,POST EXPOSE BAKE,PARAMETRIC TEST,OPEN PAD WINDOW LITHO
valid_ic_seq_0331_60,DEPOSIT BARRIER METAL,MEASURE VIA CD,IMPLANT N-TYPE,DEPOSIT POLYSILICON,DEPOSIT PASSIVATION
valid_ic_seq_0331_80,PAD WINDOW LITHO,OPEN PAD WINDOW LITHO,DEVELOP PAD WINDOW,OPEN BOND PAD WINDOW,OPEN PAD WINDOW
valid_ic_seq_0332_60,CLEAN AFTER VIA ETCH,CLEAN AFTER ETCH,CLEAN AFTER METAL ETCH,DEPOSIT TUNGSTEN SEED,RCA CLEAN 2
valid_ic_seq_0332_80,OPEN PAD WINDOW LITHO,PAD WINDOW LITHO,OPEN BOND PAD WINDOW,DEVELOP PAD WINDOW,OPEN PAD WINDOW
valid_ic_seq_0333_60,MEASURE VIA CD,DEPOSIT BARRIER METAL,DEPOSIT POLYSILICON,MEASURE CD LEVEL 1,DEPOSIT METAL 1
valid_ic_seq_0333_80,OPEN PAD WINDOW LITHO,PAD WINDOW LITHO,DEVELOP PAD WINDOW,OPEN BOND PAD WINDOW,OPEN PAD WINDOW
valid_ic_seq_0334_60,STRIP PHOTORESIST,STRIP RESIST,STRIP RESIST LEVEL 2,HARD BAKE,DEVELOP PHOTORESIST
valid_ic_seq_0334_80,MEASURE PASSIVATION QUALITY,MEASURE PASSIVATION THICKNESS,MEASURE FILM THICKNESS,MEASURE OXIDE THICKNESS,DEPOSIT PASSIVATION LAYER
valid_ic_seq_0335_60,STRIP PHOTORESIST,STRIP RESIST,STRIP RESIST LEVEL 2,HARD BAKE,DEVELOP PHOTORESIST
valid_ic_seq_0335_80,OPEN PAD WINDOW,OPEN BOND PAD WINDOW,PAD WINDOW LITHO,OPEN PAD WINDOW LITHO,FINAL LOT RELEASE
valid_ic_seq_0336_60,VIA OPENING INSPECTION,VIA INSPECTION,PRE CLEAN INSPECTION,INITIAL WAFER INSPECTION,FINAL CD INSPECTION
valid_ic_seq_0336_80,MEASURE PASSIVATION QUALITY,MEASURE PASSIVATION THICKNESS,MEASURE FILM THICKNESS,MEASURE OXIDE THICKNESS,DEPOSIT PASSIVATION LAYER
valid_ic_seq_0337_60,STRIP PHOTORESIST,STRIP RESIST,STRIP RESIST LEVEL 2,HARD BAKE,DEVELOP PHOTORESIST
valid_ic_seq_0337_80,OPEN PAD WINDOW LITHO,PAD WINDOW LITHO,DEVELOP PAD WINDOW,OPEN BOND PAD WINDOW,OPEN PAD WINDOW
valid_ic_seq_0338_60,DEPOSIT BARRIER METAL,MEASURE VIA CD,DEPOSIT POLYSILICON,DEPOSIT METAL 1,IMPLANT N-TYPE
valid_ic_seq_0338_80,DEVELOP PAD WINDOW,DEVELOP PHOTORESIST,POST EXPOSE BAKE,PARAMETRIC TEST,THRESHOLD VOLTAGE TEST
valid_ic_seq_0339_60,STRIP PHOTORESIST,STRIP RESIST,STRIP RESIST LEVEL 2,HARD BAKE,DEVELOP PHOTORESIST
valid_ic_seq_0339_80,OPEN PAD WINDOW,OPEN BOND PAD WINDOW,PAD WINDOW LITHO,OPEN PAD WINDOW LITHO,FINAL LOT RELEASE
valid_ic_seq_0340_60,STRIP PHOTORESIST,STRIP RESIST,STRIP RESIST LEVEL 2,HARD BAKE,DEVELOP PHOTORESIST
valid_ic_seq_0340_80,OPEN PAD WINDOW LITHO,PAD WINDOW LITHO,DEVELOP PAD WINDOW,OPEN BOND PAD WINDOW,OPEN PAD WINDOW
valid_ic_seq_0341_60,STRIP PHOTORESIST,STRIP RESIST,STRIP RESIST LEVEL 2,HARD BAKE,DEVELOP PHOTORESIST
valid_ic_seq_0341_80,OPEN BOND PAD WINDOW,OPEN PAD WINDOW,PAD WINDOW LITHO,OPEN PAD WINDOW LITHO,PASSIVATION ETCH PAD OPENING
valid_ic_seq_0342_60,STRIP PHOTORESIST,STRIP RESIST,STRIP RESIST LEVEL 2,HARD BAKE,DEVELOP PHOTORESIST
valid_ic_seq_0342_80,DEVELOP PHOTORESIST,DEVELOP PAD WINDOW,POST EXPOSE BAKE,OPEN PAD WINDOW LITHO,PAD WINDOW LITHO
valid_ic_seq_0343_60,HARD BAKE,VIA ETCH THROUGH DIELECTRIC,DIELECTRIC ETCH VIA,VIA ETCH,POLYSILICON ETCH DRY
valid_ic_seq_0343_80,OPEN BOND PAD WINDOW,OPEN PAD WINDOW,PAD WINDOW LITHO,OPEN PAD WINDOW LITHO,DEVELOP PAD WINDOW
valid_ic_seq_0344_60,STRIP PHOTORESIST,STRIP RESIST,STRIP RESIST LEVEL 2,HARD BAKE,DEVELOP PHOTORESIST
valid_ic_seq_0344_80,CURE PASSIVATION,ANNEAL POLYSILICON,RINSE WET WAFER_EDGE,BACKSIDE ANNEAL,CLEAN PAD OPENING
valid_ic_seq_0345_60,CLEAN AFTER VIA ETCH,CLEAN AFTER ETCH,CLEAN AFTER METAL ETCH,CLEAN PAD OPENING,DEPOSIT TUNGSTEN SEED
valid_ic_seq_0345_80,OPEN PAD WINDOW LITHO,PAD WINDOW LITHO,DEVELOP PAD WINDOW,OPEN BOND PAD WINDOW,OPEN PAD WINDOW
valid_ic_seq_0346_60,DEPOSIT BARRIER METAL,MEASURE VIA CD,IMPLANT N-TYPE,DEPOSIT POLYSILICON,DEPOSIT PASSIVATION
valid_ic_seq_0346_80,DEVELOP PHOTORESIST,DEVELOP PAD WINDOW,POST EXPOSE BAKE,PAD WINDOW LITHO,OPEN PAD WINDOW LITHO
valid_ic_seq_0347_60,MEASURE VIA CD,DEPOSIT BARRIER METAL,SPIN COAT PHOTORESIST,MEASURE SHEET RESISTANCE,MEASURE LINE WIDTH
valid_ic_seq_0347_80,OPEN PAD WINDOW LITHO,PAD WINDOW LITHO,DEVELOP PAD WINDOW,OPEN BOND PAD WINDOW,OPEN PAD WINDOW
valid_ic_seq_0348_60,MEASURE VIA CD,DEPOSIT BARRIER METAL,MEASURE SHEET RESISTANCE,DEPOSIT METAL 1,SPIN COAT PHOTORESIST
valid_ic_seq_0348_80,OPEN PAD WINDOW LITHO,PAD WINDOW LITHO,OPEN BOND PAD WINDOW,DEVELOP PAD WINDOW,OPEN PAD WINDOW
valid_ic_seq_0349_60,MEASURE VIA CD,DEPOSIT BARRIER METAL,MEASURE SHEET RESISTANCE,SPIN COAT PHOTORESIST,DEPOSIT METAL 1
valid_ic_seq_0349_80,OPEN PAD WINDOW,OPEN BOND PAD WINDOW,PAD WINDOW LITHO,OPEN PAD WINDOW LITHO,DEVELOP PAD WINDOW
valid_ic_seq_0350_60,CLEAN AFTER VIA ETCH,ALIGN MASK LEVEL 3,DEPOSIT TUNGSTEN SEED,CLEAN AFTER ETCH,CLEAN PAD OPENING
valid_ic_seq_0350_80,OPEN PAD WINDOW,OPEN BOND PAD WINDOW,PAD WINDOW LITHO,OPEN PAD WINDOW LITHO,DEVELOP PAD WINDOW
valid_ic_seq_0351_60,DEPOSIT BARRIER METAL,MEASURE VIA CD,IMPLANT N-TYPE,DEPOSIT POLYSILICON,DEPOSIT PAD OXIDE
valid_ic_seq_0351_80,OPEN PAD WINDOW LITHO,PAD WINDOW LITHO,OPEN BOND PAD WINDOW,OPEN PAD WINDOW,DEVELOP PAD WINDOW
valid_ic_seq_0352_60,CLEAN AFTER VIA ETCH,CLEAN AFTER ETCH,CLEAN AFTER METAL ETCH,CLEAN PAD OPENING,CLEAN AFTER POLY ETCH
valid_ic_seq_0352_80,OPEN PAD WINDOW,OPEN BOND PAD WINDOW,PAD WINDOW LITHO,OPEN PAD WINDOW LITHO,DEVELOP PAD WINDOW
valid_ic_seq_0353_60,CLEAN AFTER VIA ETCH,DEPOSIT TUNGSTEN SEED,CLEAN AFTER ETCH,ALIGN MASK LEVEL 3,CLEAN AFTER METAL ETCH
valid_ic_seq_0353_80,PAD WINDOW LITHO,OPEN PAD WINDOW LITHO,OPEN BOND PAD WINDOW,OPEN PAD WINDOW,DEVELOP PAD WINDOW
valid_ic_seq_0354_60,MEASURE VIA CD,DEPOSIT BARRIER METAL,MEASURE SHEET RESISTANCE,DEPOSIT METAL 1,DEPOSIT TOP METAL
valid_ic_seq_0354_80,PAD WINDOW LITHO,OPEN PAD WINDOW LITHO,OPEN BOND PAD WINDOW,DEVELOP PAD WINDOW,OPEN PAD WINDOW
valid_ic_seq_0355_60,CLEAN AFTER VIA ETCH,CLEAN AFTER ETCH,ALIGN MASK LEVEL 3,CLEAN PAD OPENING,CLEAN AFTER POLY ETCH
valid_ic_seq_0355_80,DEVELOP PHOTORESIST,DEVELOP PAD WINDOW,POST EXPOSE BAKE,PARAMETRIC TEST,OPEN PAD WINDOW LITHO
valid_ic_seq_0356_60,CLEAN AFTER VIA ETCH,CLEAN AFTER ETCH,CLEAN AFTER METAL ETCH,DEPOSIT TUNGSTEN SEED,CLEAN PAD OPENING
valid_ic_seq_0356_80,OPEN PAD WINDOW,OPEN BOND PAD WINDOW,PAD WINDOW LITHO,OPEN PAD WINDOW LITHO,DEVELOP PAD WINDOW
valid_ic_seq_0357_60,DEPOSIT BARRIER METAL,MEASURE VIA CD,IMPLANT N-TYPE,DEPOSIT PAD OXIDE,DEPOSIT POLYSILICON
valid_ic_seq_0357_80,STRIP PHOTORESIST,STRIP RESIST,STRIP RESIST LEVEL 2,HARD BAKE,DEVELOP PHOTORESIST
valid_ic_seq_0358_60,MEASURE VIA CD,DEPOSIT BARRIER METAL,MEASURE CD LEVEL 1,DEPOSIT POLYSILICON,DEPOSIT METAL 1
valid_ic_seq_0358_80,OPEN PAD WINDOW LITHO,PAD WINDOW LITHO,DEVELOP PAD WINDOW,OPEN BOND PAD WINDOW,OPEN PAD WINDOW
valid_ic_seq_0359_60,MEASURE VIA CD,DEPOSIT BARRIER METAL,DEPOSIT METAL 1,MEASURE VIA RESISTANCE,MEASURE SHEET RESISTANCE
valid_ic_seq_0359_80,PASSIVATION ETCH PAD OPENING,PASSIVATION ETCH,SHIP LOT,SWITCHING TEST,VIA ETCH THROUGH DIELECTRIC
valid_ic_seq_0360_60,CLEAN AFTER VIA ETCH,CLEAN AFTER ETCH,CLEAN AFTER METAL ETCH,DEPOSIT TUNGSTEN SEED,CLEAN AFTER POLY ETCH
valid_ic_seq_0360_80,PAD WINDOW LITHO,OPEN PAD WINDOW LITHO,OPEN BOND PAD WINDOW,OPEN PAD WINDOW,DEVELOP PAD WINDOW
valid_ic_seq_0361_60,VIA ETCH THROUGH DIELECTRIC,VIA ETCH,DIELECTRIC ETCH VIA,HARD BAKE,DEPOSIT INTERLAYER DIELECTRIC
valid_ic_seq_0361_80,OPEN PAD WINDOW LITHO,PAD WINDOW LITHO,DEVELOP PAD WINDOW,OPEN BOND PAD WINDOW,OPEN PAD WINDOW
valid_ic_seq_0362_60,DEPOSIT TUNGSTEN SEED,FILL VIA TUNGSTEN,ANNEAL POLYSILICON,CURE PASSIVATION,RINSE WET WAFER_EDGE
valid_ic_seq_0362_80,DEVELOP PHOTORESIST,DEVELOP PAD WINDOW,POST EXPOSE BAKE,PARAMETRIC TEST,OPEN PAD WINDOW LITHO
valid_ic_seq_0363_60,DEPOSIT TUNGSTEN SEED,FILL VIA TUNGSTEN,ANNEAL POLYSILICON,CURE PASSIVATION,RINSE WET WAFER_EDGE
valid_ic_seq_0363_80,STRIP PHOTORESIST,STRIP RESIST,STRIP RESIST LEVEL 2,HARD BAKE,DEVELOP PHOTORESIST
valid_ic_seq_0364_60,CLEAN AFTER VIA ETCH,ALIGN MASK LEVEL 3,DEPOSIT TUNGSTEN SEED,CLEAN AFTER ETCH,CLEAN PAD OPENING
valid_ic_seq_0364_80,OPEN PAD WINDOW LITHO,PAD WINDOW LITHO,OPEN BOND PAD WINDOW,DEVELOP PAD WINDOW,OPEN PAD WINDOW
valid_ic_seq_0365_60,CLEAN AFTER VIA ETCH,CLEAN AFTER ETCH,CLEAN PAD OPENING,CLEAN AFTER METAL ETCH,DEPOSIT TUNGSTEN SEED
valid_ic_seq_0365_80,DEVELOP PHOTORESIST,DEVELOP PAD WINDOW,POST EXPOSE BAKE,OPEN PAD WINDOW LITHO,PAD WINDOW LITHO
valid_ic_seq_0366_60,MEASURE VIA CD,DEPOSIT BARRIER METAL,MEASURE SHEET RESISTANCE,DEPOSIT METAL 1,MEASURE VIA RESISTANCE
valid_ic_seq_0366_80,OPEN PAD WINDOW,OPEN BOND PAD WINDOW,PAD WINDOW LITHO,OPEN PAD WINDOW LITHO,PASSIVATION ETCH PAD OPENING
valid_ic_seq_0367_60,VIA ETCH,VIA ETCH THROUGH DIELECTRIC,DIELECTRIC ETCH VIA,HARD BAKE,DEPOSIT INTERLEVEL DIELECTRIC
valid_ic_seq_0367_80,PAD WINDOW LITHO,OPEN PAD WINDOW LITHO,OPEN BOND PAD WINDOW,OPEN PAD WINDOW,DEVELOP PAD WINDOW
valid_ic_seq_0368_60,STRIP PHOTORESIST,STRIP RESIST,STRIP RESIST LEVEL 2,HARD BAKE,DEVELOP PHOTORESIST
valid_ic_seq_0368_80,OPEN BOND PAD WINDOW,OPEN PAD WINDOW,PAD WINDOW LITHO,OPEN PAD WINDOW LITHO,DEVELOP PAD WINDOW
valid_ic_seq_0369_60,STRIP PHOTORESIST,STRIP RESIST,STRIP RESIST LEVEL 2,HARD BAKE,DEVELOP PHOTORESIST
valid_ic_seq_0369_80,MEASURE PASSIVATION THICKNESS,MEASURE PASSIVATION QUALITY,MEASURE FILM THICKNESS,MEASURE OXIDE THICKNESS,DEPOSIT PASSIVATION LAYER
valid_ic_seq_0370_60,CLEAN AFTER VIA ETCH,CLEAN AFTER ETCH,CLEAN AFTER METAL ETCH,CLEAN PAD OPENING,CLEAN AFTER POLY ETCH
valid_ic_seq_0370_80,OPEN PAD WINDOW LITHO,PAD WINDOW LITHO,DEVELOP PAD WINDOW,OPEN BOND PAD WINDOW,OPEN PAD WINDOW
valid_ic_seq_0371_60,DEPOSIT BARRIER METAL,MEASURE VIA CD,IMPLANT N-TYPE,DEPOSIT POLYSILICON,DEPOSIT PASSIVATION
valid_ic_seq_0371_80,PASSIVATION ETCH,PASSIVATION ETCH PAD OPENING,MEASURE PASSIVATION THICKNESS,MEASURE PASSIVATION QUALITY,VIA ETCH THROUGH DIELECTRIC
valid_ic_seq_0372_60,DEPOSIT BARRIER METAL,MEASURE VIA CD,DEPOSIT POLYSILICON,IMPLANT N-TYPE,DEPOSIT PASSIVATION
valid_ic_seq_0372_80,OPEN PAD WINDOW LITHO,PAD WINDOW LITHO,DEVELOP PAD WINDOW,STRIP RESIST,OPEN BOND PAD WINDOW
valid_ic_seq_0373_60,STRIP PHOTORESIST,STRIP RESIST,STRIP RESIST LEVEL 2,HARD BAKE,DEVELOP PHOTORESIST
valid_ic_seq_0373_80,OPEN PAD WINDOW LITHO,PAD WINDOW LITHO,OPEN BOND PAD WINDOW,OPEN PAD WINDOW,DEVELOP PAD WINDOW
valid_ic_seq_0374_60,STRIP RESIST,STRIP PHOTORESIST,STRIP RESIST LEVEL 2,HARD BAKE,DEVELOP PHOTORESIST
valid_ic_seq_0374_80,OPEN PAD WINDOW LITHO,PAD WINDOW LITHO,DEVELOP PAD WINDOW,OPEN BOND PAD WINDOW,OPEN PAD WINDOW
valid_ic_seq_0375_60,DEPOSIT TUNGSTEN SEED,FILL VIA TUNGSTEN,ANNEAL POLYSILICON,CURE PASSIVATION,RINSE WET WAFER_EDGE
valid_ic_seq_0375_80,PASSIVATION ETCH,PASSIVATION ETCH PAD OPENING,VIA ETCH THROUGH DIELECTRIC,MEASURE PASSIVATION THICKNESS,SWITCHING TEST
valid_ic_seq_0376_60,CLEAN AFTER VIA ETCH,CLEAN AFTER ETCH,CLEAN AFTER METAL ETCH,CLEAN PAD OPENING,CLEAN AFTER POLY ETCH
valid_ic_seq_0376_80,OPEN PAD WINDOW,OPEN BOND PAD WINDOW,PAD WINDOW LITHO,OPEN PAD WINDOW LITHO,DEVELOP PAD WINDOW
valid_ic_seq_0377_60,CLEAN AFTER VIA ETCH,CLEAN AFTER ETCH,CLEAN PAD OPENING,CLEAN AFTER METAL ETCH,RCA CLEAN 2
valid_ic_seq_0377_80,OPEN PAD WINDOW LITHO,PAD WINDOW LITHO,DEVELOP PAD WINDOW,OPEN BOND PAD WINDOW,OPEN PAD WINDOW
valid_ic_seq_0378_60,STRIP PHOTORESIST,STRIP RESIST,STRIP RESIST LEVEL 2,HARD BAKE,DEVELOP PHOTORESIST
valid_ic_seq_0378_80,OPEN BOND PAD WINDOW,OPEN PAD WINDOW,PAD WINDOW LITHO,OPEN PAD WINDOW LITHO,FINAL LOT RELEASE
valid_ic_seq_0379_60,CLEAN AFTER VIA ETCH,CLEAN AFTER ETCH,CLEAN AFTER METAL ETCH,DEPOSIT TUNGSTEN SEED,CLEAN AFTER POLY ETCH
valid_ic_seq_0379_80,DEVELOP PAD WINDOW,DEVELOP PHOTORESIST,POST EXPOSE BAKE,OPEN PAD WINDOW LITHO,PAD WINDOW LITHO
valid_ic_seq_0380_60,MEASURE VIA CD,DEPOSIT BARRIER METAL,MEASURE SHEET RESISTANCE,SPIN COAT PHOTORESIST,ANNEAL METAL
valid_ic_seq_0380_80,PASSIVATION ETCH,PASSIVATION ETCH PAD OPENING,VIA ETCH THROUGH DIELECTRIC,VIA ETCH,DIELECTRIC ETCH VIA
valid_ic_seq_0381_60,DEPOSIT BARRIER METAL,MEASURE VIA CD,IMPLANT N-TYPE,DEPOSIT POLYSILICON,DEPOSIT PASSIVATION
valid_ic_seq_0381_80,PASSIVATION ETCH,PASSIVATION ETCH PAD OPENING,MEASURE PASSIVATION THICKNESS,MEASURE PASSIVATION QUALITY,SWITCHING TEST
valid_ic_seq_0382_60,STRIP PHOTORESIST,STRIP RESIST,STRIP RESIST LEVEL 2,HARD BAKE,DEVELOP PHOTORESIST
valid_ic_seq_0382_80,OPEN BOND PAD WINDOW,OPEN PAD WINDOW,PAD WINDOW LITHO,OPEN PAD WINDOW LITHO,MEASURE SHEET RESISTANCE
valid_ic_seq_0383_60,STRIP PHOTORESIST,STRIP RESIST,STRIP RESIST LEVEL 2,HARD BAKE,DEVELOP PHOTORESIST
valid_ic_seq_0383_80,PAD WINDOW LITHO,OPEN PAD WINDOW LITHO,DEVELOP PAD WINDOW,DEVELOP PHOTORESIST,OPEN BOND PAD WINDOW
valid_ic_seq_0384_60,MEASURE VIA CD,DEPOSIT BARRIER METAL,DEPOSIT METAL 1,MEASURE VIA RESISTANCE,SPIN COAT PHOTORESIST
valid_ic_seq_0384_80,OPEN PAD WINDOW LITHO,PAD WINDOW LITHO,OPEN BOND PAD WINDOW,DEVELOP PAD WINDOW,OPEN PAD WINDOW
valid_ic_seq_0385_60,CLEAN AFTER VIA ETCH,ALIGN MASK LEVEL 3,DEPOSIT TUNGSTEN SEED,CLEAN AFTER ETCH,CLEAN PAD OPENING
valid_ic_seq_0385_80,OPEN PAD WINDOW LITHO,PAD WINDOW LITHO,OPEN BOND PAD WINDOW,OPEN PAD WINDOW,DEVELOP PAD WINDOW
valid_ic_seq_0386_60,STRIP PHOTORESIST,STRIP RESIST,STRIP RESIST LEVEL 2,HARD BAKE,DEVELOP PHOTORESIST
valid_ic_seq_0386_80,CURE PASSIVATION,RINSE WET WAFER_EDGE,ANNEAL POLYSILICON,BACKSIDE ANNEAL,CLEAN PAD OPENING
valid_ic_seq_0387_60,MEASURE VIA CD,DEPOSIT BARRIER METAL,DEPOSIT METAL 1,MEASURE VIA RESISTANCE,SPIN COAT PHOTORESIST
valid_ic_seq_0387_80,OPEN PAD WINDOW LITHO,PAD WINDOW LITHO,OPEN BOND PAD WINDOW,OPEN PAD WINDOW,DEVELOP PAD WINDOW
valid_ic_seq_0388_60,STRIP PHOTORESIST,STRIP RESIST,STRIP RESIST LEVEL 2,HARD BAKE,DEVELOP PHOTORESIST
valid_ic_seq_0388_80,DEVELOP PHOTORESIST,DEVELOP PAD WINDOW,POST EXPOSE BAKE,OPEN PAD WINDOW LITHO,FINAL PARTICLE INSPECTION
valid_ic_seq_0389_60,STRIP PHOTORESIST,STRIP RESIST,STRIP RESIST LEVEL 2,HARD BAKE,DEVELOP PHOTORESIST
valid_ic_seq_0389_80,OPEN PAD WINDOW,OPEN BOND PAD WINDOW,PAD WINDOW LITHO,OPEN PAD WINDOW LITHO,FINAL LOT RELEASE
valid_ic_seq_0390_60,DEPOSIT BARRIER METAL,MEASURE VIA CD,DEPOSIT POLYSILICON,IMPLANT N-TYPE,DEPOSIT METAL 1
valid_ic_seq_0390_80,OPEN PAD WINDOW LITHO,PAD WINDOW LITHO,DEVELOP PAD WINDOW,OPEN BOND PAD WINDOW,OPEN PAD WINDOW
valid_ic_seq_0391_60,MEASURE VIA CD,DEPOSIT BARRIER METAL,SPIN COAT PHOTORESIST,MEASURE SHEET RESISTANCE,DEPOSIT METAL 1
valid_ic_seq_0391_80,DEVELOP PAD WINDOW,DEVELOP PHOTORESIST,POST EXPOSE BAKE,PARAMETRIC TEST,OPEN PAD WINDOW LITHO
valid_ic_seq_0392_60,MEASURE VIA CD,DEPOSIT BARRIER METAL,SPIN COAT PHOTORESIST,MEASURE SHEET RESISTANCE,MEASURE METAL THICKNESS
valid_ic_seq_0392_80,PASSIVATION ETCH PAD OPENING,PASSIVATION ETCH,VIA ETCH THROUGH DIELECTRIC,VIA ETCH,DIELECTRIC ETCH VIA
valid_ic_seq_0393_60,CLEAN AFTER VIA ETCH,CLEAN AFTER ETCH,CLEAN AFTER METAL ETCH,CLEAN AFTER POLY ETCH,CLEAN PAD OPENING
valid_ic_seq_0393_80,DEVELOP PAD WINDOW,DEVELOP PHOTORESIST,POST EXPOSE BAKE,OPEN PAD WINDOW LITHO,PAD WINDOW LITHO
valid_ic_seq_0394_60,MEASURE VIA CD,DEPOSIT BARRIER METAL,DEPOSIT METAL 1,SPIN COAT PHOTORESIST,MEASURE SHEET RESISTANCE
valid_ic_seq_0394_80,OPEN PAD WINDOW LITHO,PAD WINDOW LITHO,DEVELOP PAD WINDOW,OPEN BOND PAD WINDOW,OPEN PAD WINDOW
valid_ic_seq_0395_60,DEPOSIT BARRIER METAL,MEASURE VIA CD,IMPLANT N-TYPE,DEPOSIT POLYSILICON,DEPOSIT PASSIVATION
valid_ic_seq_0395_80,PASSIVATION ETCH,PASSIVATION ETCH PAD OPENING,MEASURE PASSIVATION THICKNESS,MEASURE PASSIVATION QUALITY,VIA ETCH THROUGH DIELECTRIC
valid_ic_seq_0396_60,DEPOSIT BARRIER METAL,MEASURE VIA CD,IMPLANT N-TYPE,DEPOSIT POLYSILICON,DEPOSIT PASSIVATION
valid_ic_seq_0396_80,DEVELOP PHOTORESIST,DEVELOP PAD WINDOW,POST EXPOSE BAKE,OPEN PAD WINDOW LITHO,PARAMETRIC TEST
valid_ic_seq_0397_60,CLEAN AFTER VIA ETCH,CLEAN AFTER ETCH,CLEAN AFTER METAL ETCH,CLEAN AFTER POLY ETCH,DEPOSIT TUNGSTEN SEED
valid_ic_seq_0397_80,OPEN PAD WINDOW,OPEN BOND PAD WINDOW,PAD WINDOW LITHO,OPEN PAD WINDOW LITHO,DEVELOP PAD WINDOW
valid_ic_seq_0398_60,MEASURE VIA CD,DEPOSIT BARRIER METAL,SPIN COAT PHOTORESIST,DEPOSIT METAL 1,MEASURE SHEET RESISTANCE
valid_ic_seq_0398_80,DEVELOP PAD WINDOW,DEVELOP PHOTORESIST,POST EXPOSE BAKE,PARAMETRIC TEST,OPEN PAD WINDOW LITHO
valid_ic_seq_0399_60,VIA OPENING INSPECTION,VIA INSPECTION,PRE CLEAN INSPECTION,INITIAL WAFER INSPECTION,FINAL PARTICLE INSPECTION
valid_ic_seq_0399_80,CURE PASSIVATION,ANNEAL POLYSILICON,BACKSIDE ANNEAL,FILL VIA TUNGSTEN,DRY WAFER BACKSIDE
valid_ic_seq_0400_60,CLEAN AFTER VIA ETCH,CLEAN AFTER ETCH,DEPOSIT TUNGSTEN SEED,CLEAN AFTER METAL ETCH,CLEAN PAD OPENING
valid_ic_seq_0400_80,OPEN PAD WINDOW,OPEN BOND PAD WINDOW,PAD WINDOW LITHO,OPEN PAD WINDOW LITHO,PASSIVATION ETCH PAD OPENING
valid_ic_seq_0401_60,CLEAN AFTER VIA ETCH,CLEAN AFTER ETCH,CLEAN PAD OPENING,CLEAN AFTER METAL ETCH,RCA CLEAN 2
valid_ic_seq_0401_80,OPEN PAD WINDOW,OPEN BOND PAD WINDOW,PAD WINDOW LITHO,OPEN PAD WINDOW LITHO,DEVELOP PAD WINDOW
valid_ic_seq_0402_60,CLEAN AFTER VIA ETCH,CLEAN AFTER ETCH,DEPOSIT TUNGSTEN SEED,CLEAN AFTER METAL ETCH,CLEAN AFTER POLY ETCH
valid_ic_seq_0402_80,DEVELOP PHOTORESIST,DEVELOP PAD WINDOW,POST EXPOSE BAKE,OPEN PAD WINDOW LITHO,PAD WINDOW LITHO
valid_ic_seq_0403_60,CLEAN AFTER VIA ETCH,ALIGN MASK LEVEL 3,DEPOSIT TUNGSTEN SEED,CLEAN AFTER ETCH,CLEAN AFTER POLY ETCH
valid_ic_seq_0403_80,OPEN PAD WINDOW,OPEN BOND PAD WINDOW,PAD WINDOW LITHO,OPEN PAD WINDOW LITHO,DEVELOP PAD WINDOW
valid_ic_seq_0404_60,CLEAN AFTER VIA ETCH,CLEAN AFTER ETCH,CLEAN AFTER POLY ETCH,CLEAN AFTER METAL ETCH,DEPOSIT TUNGSTEN SEED
valid_ic_seq_0404_80,MEASURE PASSIVATION THICKNESS,MEASURE PASSIVATION QUALITY,MEASURE FILM THICKNESS,PASSIVATION ETCH PAD OPENING,DEPOSIT PASSIVATION LAYER
valid_ic_seq_0405_60,MEASURE VIA CD,DEPOSIT BARRIER METAL,MEASURE SHEET RESISTANCE,DEPOSIT METAL 1,MEASURE VIA RESISTANCE
valid_ic_seq_0405_80,OPEN PAD WINDOW LITHO,PAD WINDOW LITHO,OPEN BOND PAD WINDOW,OPEN PAD WINDOW,DEVELOP PAD WINDOW
valid_ic_seq_0406_60,CLEAN AFTER VIA ETCH,CLEAN AFTER ETCH,CLEAN AFTER METAL ETCH,CLEAN AFTER POLY ETCH,CLEAN PAD OPENING
valid_ic_seq_0406_80,OPEN BOND PAD WINDOW,OPEN PAD WINDOW,PAD WINDOW LITHO,OPEN PAD WINDOW LITHO,DEVELOP PAD WINDOW
valid_ic_seq_0407_60,DEPOSIT BARRIER METAL,MEASURE VIA CD,IMPLANT N-TYPE,DEPOSIT PAD OXIDE,DEPOSIT PASSIVATION
valid_ic_seq_0407_80,DEVELOP PHOTORESIST,DEVELOP PAD WINDOW,POST EXPOSE BAKE,OPEN PAD WINDOW LITHO,PAD WINDOW LITHO
valid_ic_seq_0408_60,MEASURE VIA CD,DEPOSIT BARRIER METAL,SPIN COAT PHOTORESIST,MEASURE SHEET RESISTANCE,DEPOSIT METAL 1
valid_ic_seq_0408_80,PASSIVATION ETCH PAD OPENING,PASSIVATION ETCH,VIA ETCH,VIA ETCH THROUGH DIELECTRIC,DIELECTRIC ETCH VIA
valid_ic_seq_0409_60,MEASURE VIA CD,DEPOSIT BARRIER METAL,MEASURE SHEET RESISTANCE,SPIN COAT PHOTORESIST,DEPOSIT METAL 1
valid_ic_seq_0409_80,DEVELOP PAD WINDOW,DEVELOP PHOTORESIST,POST EXPOSE BAKE,OPEN PAD WINDOW LITHO,PARAMETRIC TEST
valid_ic_seq_0410_60,HARD BAKE,VIA ETCH,DIELECTRIC ETCH VIA,VIA ETCH THROUGH DIELECTRIC,POLYSILICON ETCH DRY
valid_ic_seq_0410_80,OPEN BOND PAD WINDOW,OPEN PAD WINDOW,PAD WINDOW LITHO,OPEN PAD WINDOW LITHO,PASSIVATION ETCH PAD OPENING
valid_ic_seq_0411_60,CLEAN AFTER VIA ETCH,CLEAN AFTER ETCH,CLEAN AFTER METAL ETCH,CLEAN AFTER POLY ETCH,CLEAN PAD OPENING
valid_ic_seq_0411_80,PAD WINDOW LITHO,OPEN PAD WINDOW LITHO,OPEN BOND PAD WINDOW,OPEN PAD WINDOW,DEVELOP PAD WINDOW
valid_ic_seq_0412_60,CLEAN AFTER VIA ETCH,CLEAN AFTER ETCH,CLEAN AFTER METAL ETCH,CLEAN PAD OPENING,CLEAN AFTER POLY ETCH
valid_ic_seq_0412_80,OPEN BOND PAD WINDOW,OPEN PAD WINDOW,PAD WINDOW LITHO,OPEN PAD WINDOW LITHO,FINAL LOT RELEASE
valid_ic_seq_0413_60,DEPOSIT TUNGSTEN SEED,FILL VIA TUNGSTEN,ANNEAL POLYSILICON,CURE PASSIVATION,RINSE WET WAFER_EDGE
valid_ic_seq_0413_80,PASSIVATION ETCH PAD OPENING,PASSIVATION ETCH,SHIP LOT,SWITCHING TEST,VIA ETCH THROUGH DIELECTRIC
valid_ic_seq_0414_60,MEASURE VIA CD,DEPOSIT BARRIER METAL,MEASURE CD LEVEL 1,DEPOSIT POLYSILICON,DEPOSIT METAL 1
valid_ic_seq_0414_80,OPEN PAD WINDOW LITHO,PAD WINDOW LITHO,DEVELOP PAD WINDOW,OPEN BOND PAD WINDOW,OPEN PAD WINDOW
valid_ic_seq_0415_60,DEPOSIT TUNGSTEN SEED,FILL VIA TUNGSTEN,ANNEAL POLYSILICON,CURE PASSIVATION,RINSE WET WAFER_EDGE
valid_ic_seq_0415_80,DEVELOP PHOTORESIST,DEVELOP PAD WINDOW,POST EXPOSE BAKE,PARAMETRIC TEST,OPEN PAD WINDOW LITHO
valid_ic_seq_0416_60,STRIP PHOTORESIST,STRIP RESIST,STRIP RESIST LEVEL 2,HARD BAKE,DEVELOP PHOTORESIST
valid_ic_seq_0416_80,OPEN PAD WINDOW LITHO,PAD WINDOW LITHO,DEVELOP PAD WINDOW,OPEN BOND PAD WINDOW,OPEN PAD WINDOW
valid_ic_seq_0417_60,HARD BAKE,VIA ETCH THROUGH DIELECTRIC,DIELECTRIC ETCH VIA,VIA ETCH,POLYSILICON ETCH DRY
valid_ic_seq_0417_80,CURE PASSIVATION,ANNEAL POLYSILICON,RINSE WET WAFER_EDGE,DRY WAFER BACKSIDE,BACKSIDE ANNEAL
valid_ic_seq_0418_60,MEASURE VIA CD,DEPOSIT BARRIER METAL,SPIN COAT PHOTORESIST,MEASURE SHEET RESISTANCE,MEASURE METAL THICKNESS
valid_ic_seq_0418_80,DEVELOP PHOTORESIST,DEVELOP PAD WINDOW,POST EXPOSE BAKE,OPEN PAD WINDOW LITHO,PAD WINDOW LITHO
valid_ic_seq_0419_60,CLEAN AFTER VIA ETCH,CLEAN AFTER ETCH,CLEAN AFTER METAL ETCH,DEPOSIT TUNGSTEN SEED,CLEAN PAD OPENING
valid_ic_seq_0419_80,OPEN PAD WINDOW LITHO,PAD WINDOW LITHO,DEVELOP PAD WINDOW,OPEN BOND PAD WINDOW,OPEN PAD WINDOW
valid_ic_seq_0420_60,DEPOSIT TUNGSTEN SEED,FILL VIA TUNGSTEN,ANNEAL POLYSILICON,CURE PASSIVATION,RINSE WET WAFER_EDGE
valid_ic_seq_0420_80,STRIP PHOTORESIST,STRIP RESIST,STRIP RESIST LEVEL 2,HARD BAKE,DEVELOP PHOTORESIST
valid_ic_seq_0421_60,STRIP PHOTORESIST,STRIP RESIST,STRIP RESIST LEVEL 2,HARD BAKE,DEVELOP PHOTORESIST
valid_ic_seq_0421_80,PAD WINDOW LITHO,OPEN PAD WINDOW LITHO,OPEN BOND PAD WINDOW,DEVELOP PAD WINDOW,OPEN PAD WINDOW
valid_ic_seq_0422_60,MEASURE VIA CD,DEPOSIT BARRIER METAL,SPIN COAT PHOTORESIST,MEASURE SHEET RESISTANCE,MEASURE METAL THICKNESS
valid_ic_seq_0422_80,DEVELOP PAD WINDOW,DEVELOP PHOTORESIST,POST EXPOSE BAKE,OPEN PAD WINDOW LITHO,PAD WINDOW LITHO
valid_ic_seq_0423_60,MEASURE VIA CD,DEPOSIT BARRIER METAL,MEASURE SHEET RESISTANCE,SPIN COAT PHOTORESIST,ANNEAL METAL
valid_ic_seq_0423_80,OPEN PAD WINDOW LITHO,PAD WINDOW LITHO,DEVELOP PAD WINDOW,OPEN BOND PAD WINDOW,OPEN PAD WINDOW
valid_ic_seq_0424_60,VIA INSPECTION,VIA OPENING INSPECTION,PRE CLEAN INSPECTION,INITIAL WAFER INSPECTION,FINAL CD INSPECTION
valid_ic_seq_0424_80,DEPOSIT PASSIVATION LAYER,DEPOSIT PASSIVATION,MEASURE LINE WIDTH,DEPOSIT POLYSILICON,DEPOSIT BARRIER METAL
valid_ic_seq_0425_60,CLEAN AFTER VIA ETCH,CLEAN AFTER ETCH,CLEAN PAD OPENING,CLEAN AFTER METAL ETCH,RCA CLEAN 2
valid_ic_seq_0425_80,OPEN PAD WINDOW LITHO,PAD WINDOW LITHO,DEVELOP PAD WINDOW,OPEN BOND PAD WINDOW,OPEN PAD WINDOW
valid_ic_seq_0426_60,VIA ETCH,VIA ETCH THROUGH DIELECTRIC,DIELECTRIC ETCH VIA,HARD BAKE,DEPOSIT INTERLEVEL DIELECTRIC
valid_ic_seq_0426_80,OPEN PAD WINDOW,OPEN BOND PAD WINDOW,PAD WINDOW LITHO,OPEN PAD WINDOW LITHO,MEASURE SHEET RESISTANCE
valid_ic_seq_0427_60,CLEAN AFTER VIA ETCH,DEPOSIT TUNGSTEN SEED,CLEAN AFTER ETCH,ALIGN MASK LEVEL 3,CLEAN AFTER METAL ETCH
valid_ic_seq_0427_80,DEVELOP PAD WINDOW,DEVELOP PHOTORESIST,POST EXPOSE BAKE,OPEN PAD WINDOW LITHO,PAD WINDOW LITHO
valid_ic_seq_0428_60,CLEAN AFTER VIA ETCH,CLEAN AFTER ETCH,CLEAN AFTER POLY ETCH,CLEAN AFTER METAL ETCH,CLEAN PAD OPENING
valid_ic_seq_0428_80,DEVELOP PHOTORESIST,DEVELOP PAD WINDOW,POST EXPOSE BAKE,OPEN PAD WINDOW LITHO,PAD WINDOW LITHO
valid_ic_seq_0429_60,CLEAN AFTER VIA ETCH,CLEAN AFTER ETCH,CLEAN AFTER METAL ETCH,CLEAN PAD OPENING,RCA CLEAN 2
valid_ic_seq_0429_80,DEVELOP PHOTORESIST,DEVELOP PAD WINDOW,POST EXPOSE BAKE,OPEN PAD WINDOW LITHO,PAD WINDOW LITHO
valid_ic_seq_0430_60,DEPOSIT BARRIER METAL,MEASURE VIA CD,DEPOSIT POLYSILICON,IMPLANT N-TYPE,DEPOSIT PASSIVATION
valid_ic_seq_0430_80,DEVELOP PHOTORESIST,DEVELOP PAD WINDOW,POST EXPOSE BAKE,OPEN PAD WINDOW LITHO,PAD WINDOW LITHO
valid_ic_seq_0431_60,MEASURE VIA CD,DEPOSIT BARRIER METAL,SPIN COAT PHOTORESIST,MEASURE SHEET RESISTANCE,DEPOSIT METAL 1
valid_ic_seq_0431_80,PASSIVATION ETCH,PASSIVATION ETCH PAD OPENING,SWITCHING TEST,MEASURE PASSIVATION QUALITY,MEASURE PASSIVATION THICKNESS
valid_ic_seq_0432_60,STRIP PHOTORESIST,STRIP RESIST,STRIP RESIST LEVEL 2,HARD BAKE,DEVELOP PHOTORESIST
valid_ic_seq_0432_80,OPEN PAD WINDOW,OPEN BOND PAD WINDOW,PAD WINDOW LITHO,OPEN PAD WINDOW LITHO,PASSIVATION ETCH PAD OPENING
valid_ic_seq_0433_60,STRIP RESIST,STRIP PHOTORESIST,STRIP RESIST LEVEL 2,HARD BAKE,DEVELOP PHOTORESIST
valid_ic_seq_0433_80,MEASURE PASSIVATION QUALITY,MEASURE PASSIVATION THICKNESS,MEASURE FILM THICKNESS,MEASURE OXIDE THICKNESS,PASSIVATION ETCH
valid_ic_seq_0434_60,CLEAN AFTER VIA ETCH,CLEAN AFTER ETCH,CLEAN PAD OPENING,CLEAN AFTER METAL ETCH,RCA CLEAN 2
valid_ic_seq_0434_80,OPEN PAD WINDOW LITHO,PAD WINDOW LITHO,DEVELOP PAD WINDOW,OPEN BOND PAD WINDOW,OPEN PAD WINDOW
valid_ic_seq_0435_60,CLEAN AFTER VIA ETCH,CLEAN AFTER ETCH,CLEAN AFTER METAL ETCH,CLEAN AFTER POLY ETCH,CLEAN PAD OPENING
valid_ic_seq_0435_80,DEVELOP PAD WINDOW,DEVELOP PHOTORESIST,POST EXPOSE BAKE,OPEN PAD WINDOW LITHO,PAD WINDOW LITHO
valid_ic_seq_0436_60,MEASURE VIA CD,DEPOSIT BARRIER METAL,DEPOSIT METAL 1,SPIN COAT PHOTORESIST,MEASURE SHEET RESISTANCE
valid_ic_seq_0436_80,DEVELOP PAD WINDOW,DEVELOP PHOTORESIST,POST EXPOSE BAKE,OPEN PAD WINDOW LITHO,PAD WINDOW LITHO
valid_ic_seq_0437_60,STRIP RESIST,STRIP PHOTORESIST,STRIP RESIST LEVEL 2,HARD BAKE,DEVELOP PHOTORESIST
valid_ic_seq_0437_80,OPEN PAD WINDOW,OPEN BOND PAD WINDOW,PAD WINDOW LITHO,OPEN PAD WINDOW LITHO,DEVELOP PAD WINDOW
valid_ic_seq_0438_60,CLEAN AFTER VIA ETCH,CLEAN AFTER ETCH,CLEAN PAD OPENING,CLEAN AFTER METAL ETCH,RCA CLEAN 2
valid_ic_seq_0438_80,OPEN BOND PAD WINDOW,OPEN PAD WINDOW,PAD WINDOW LITHO,OPEN PAD WINDOW LITHO,DEVELOP PAD WINDOW
valid_ic_seq_0439_60,STRIP RESIST,STRIP PHOTORESIST,STRIP RESIST LEVEL 2,HARD BAKE,DEVELOP PHOTORESIST
valid_ic_seq_0439_80,OPEN BOND PAD WINDOW,OPEN PAD WINDOW,PAD WINDOW LITHO,OPEN PAD WINDOW LITHO,MEASURE SHEET RESISTANCE
valid_ic_seq_0440_60,DEPOSIT BARRIER METAL,MEASURE VIA CD,DEPOSIT POLYSILICON,DEPOSIT METAL 1,DEPOSIT TOP METAL
valid_ic_seq_0440_80,PAD WINDOW LITHO,OPEN PAD WINDOW LITHO,DEVELOP PAD WINDOW,OPEN BOND PAD WINDOW,OPEN PAD WINDOW
valid_ic_seq_0441_60,MEASURE VIA CD,DEPOSIT BARRIER METAL,MEASURE SHEET RESISTANCE,DEPOSIT METAL 1,SPIN COAT PHOTORESIST
valid_ic_seq_0441_80,PASSIVATION ETCH PAD OPENING,PASSIVATION ETCH,VIA ETCH THROUGH DIELECTRIC,VIA ETCH,MEASURE PASSIVATION THICKNESS
valid_ic_seq_0442_60,CLEAN AFTER VIA ETCH,CLEAN AFTER ETCH,CLEAN AFTER METAL ETCH,CLEAN AFTER POLY ETCH,DEPOSIT TUNGSTEN SEED
valid_ic_seq_0442_80,MEASURE PASSIVATION QUALITY,MEASURE PASSIVATION THICKNESS,MEASURE FILM THICKNESS,MEASURE OXIDE THICKNESS,DEPOSIT PASSIVATION LAYER
valid_ic_seq_0443_60,CLEAN AFTER VIA ETCH,CLEAN AFTER ETCH,CLEAN PAD OPENING,CLEAN AFTER METAL ETCH,RCA CLEAN 2
valid_ic_seq_0443_80,OPEN PAD WINDOW LITHO,PAD WINDOW LITHO,DEVELOP PAD WINDOW,OPEN BOND PAD WINDOW,OPEN PAD WINDOW
valid_ic_seq_0444_60,MEASURE VIA CD,DEPOSIT BARRIER METAL,SPIN COAT PHOTORESIST,MEASURE SHEET RESISTANCE,DEPOSIT PASSIVATION
valid_ic_seq_0444_80,OPEN BOND PAD WINDOW,OPEN PAD WINDOW,PAD WINDOW LITHO,OPEN PAD WINDOW LITHO,DEVELOP PAD WINDOW
valid_ic_seq_0445_60,DEPOSIT BARRIER METAL,MEASURE VIA CD,DEPOSIT POLYSILICON,IMPLANT N-TYPE,DEPOSIT PASSIVATION
valid_ic_seq_0445_80,DEVELOP PHOTORESIST,DEVELOP PAD WINDOW,POST EXPOSE BAKE,OPEN PAD WINDOW LITHO,PAD WINDOW LITHO
valid_ic_seq_0446_60,MEASURE VIA CD,DEPOSIT BARRIER METAL,MEASURE SHEET RESISTANCE,SPIN COAT PHOTORESIST,DEPOSIT METAL 1
valid_ic_seq_0446_80,OPEN PAD WINDOW LITHO,PAD WINDOW LITHO,DEVELOP PAD WINDOW,OPEN BOND PAD WINDOW,OPEN PAD WINDOW
valid_ic_seq_0447_60,CLEAN AFTER VIA ETCH,CLEAN AFTER ETCH,CLEAN PAD OPENING,CLEAN AFTER METAL ETCH,DEPOSIT TUNGSTEN SEED
valid_ic_seq_0447_80,DEVELOP PHOTORESIST,DEVELOP PAD WINDOW,POST EXPOSE BAKE,OPEN PAD WINDOW LITHO,PAD WINDOW LITHO
valid_ic_seq_0448_60,MEASURE VIA CD,DEPOSIT BARRIER METAL,SPIN COAT PHOTORESIST,MEASURE SHEET RESISTANCE,DEPOSIT METAL 1
valid_ic_seq_0448_80,OPEN PAD WINDOW,OPEN BOND PAD WINDOW,PAD WINDOW LITHO,OPEN PAD WINDOW LITHO,DEVELOP PAD WINDOW
valid_ic_seq_0449_60,MEASURE VIA CD,DEPOSIT BARRIER METAL,MEASURE SHEET RESISTANCE,DEPOSIT METAL 1,MEASURE VIA RESISTANCE
valid_ic_seq_0449_80,MEASURE PASSIVATION QUALITY,MEASURE PASSIVATION THICKNESS,MEASURE FILM THICKNESS,MEASURE OXIDE THICKNESS,DEPOSIT PASSIVATION LAYER
valid_ic_seq_0450_60,DEPOSIT TUNGSTEN SEED,FILL VIA TUNGSTEN,ANNEAL POLYSILICON,DEPOSIT PAD OXIDE,SURFACE PREP FOR DEPOSITION
valid_ic_seq_0450_80,STRIP PHOTORESIST,STRIP RESIST,STRIP RESIST LEVEL 2,HARD BAKE,DEVELOP PHOTORESIST
valid_ic_seq_0451_60,STRIP PHOTORESIST,STRIP RESIST,STRIP RESIST LEVEL 2,HARD BAKE,DEVELOP PHOTORESIST
valid_ic_seq_0451_80,PAD WINDOW LITHO,OPEN PAD WINDOW LITHO,DEVELOP PAD WINDOW,OPEN BOND PAD WINDOW,OPEN PAD WINDOW
valid_ic_seq_0452_60,CLEAN AFTER VIA ETCH,CLEAN AFTER ETCH,DEPOSIT TUNGSTEN SEED,CLEAN AFTER METAL ETCH,CLEAN AFTER POLY ETCH
valid_ic_seq_0452_80,OPEN PAD WINDOW,OPEN BOND PAD WINDOW,PAD WINDOW LITHO,OPEN PAD WINDOW LITHO,DEVELOP PAD WINDOW
valid_ic_seq_0453_60,DEPOSIT BARRIER METAL,MEASURE VIA CD,IMPLANT N-TYPE,DEPOSIT POLYSILICON,DEPOSIT PASSIVATION
valid_ic_seq_0453_80,PASSIVATION ETCH PAD OPENING,PASSIVATION ETCH,VIA ETCH,VIA ETCH THROUGH DIELECTRIC,MEASURE PASSIVATION THICKNESS
valid_ic_seq_0454_60,MEASURE VIA CD,DEPOSIT BARRIER METAL,SPIN COAT PHOTORESIST,MEASURE SHEET RESISTANCE,DEPOSIT METAL 1
valid_ic_seq_0454_80,OPEN PAD WINDOW,OPEN BOND PAD WINDOW,PAD WINDOW LITHO,OPEN PAD WINDOW LITHO,DEVELOP PAD WINDOW
valid_ic_seq_0455_60,STRIP PHOTORESIST,STRIP RESIST,STRIP RESIST LEVEL 2,HARD BAKE,DEVELOP PHOTORESIST
valid_ic_seq_0455_80,OPEN PAD WINDOW LITHO,PAD WINDOW LITHO,DEVELOP PAD WINDOW,OPEN BOND PAD WINDOW,OPEN PAD WINDOW
valid_ic_seq_0456_60,STRIP PHOTORESIST,STRIP RESIST,STRIP RESIST LEVEL 2,HARD BAKE,DEVELOP PHOTORESIST
valid_ic_seq_0456_80,CURE PASSIVATION,ANNEAL POLYSILICON,FILL VIA TUNGSTEN,ANNEAL OXIDE,BACKSIDE ANNEAL
valid_ic_seq_0457_60,HARD BAKE,VIA ETCH THROUGH DIELECTRIC,DIELECTRIC ETCH VIA,VIA ETCH,POLYSILICON ETCH DRY
valid_ic_seq_0457_80,DEVELOP PHOTORESIST,DEVELOP PAD WINDOW,POST EXPOSE BAKE,OPEN PAD WINDOW LITHO,PAD WINDOW LITHO
valid_ic_seq_0458_60,CLEAN AFTER VIA ETCH,CLEAN AFTER ETCH,CLEAN PAD OPENING,CLEAN AFTER METAL ETCH,RCA CLEAN 2
valid_ic_seq_0458_80,DEVELOP PHOTORESIST,DEVELOP PAD WINDOW,POST EXPOSE BAKE,OPEN PAD WINDOW LITHO,PAD WINDOW LITHO
valid_ic_seq_0459_60,CLEAN AFTER VIA ETCH,CLEAN AFTER ETCH,CLEAN AFTER METAL ETCH,CLEAN AFTER POLY ETCH,DEPOSIT TUNGSTEN SEED
valid_ic_seq_0459_80,PAD WINDOW LITHO,OPEN PAD WINDOW LITHO,OPEN BOND PAD WINDOW,OPEN PAD WINDOW,DEVELOP PAD WINDOW
valid_ic_seq_0460_60,VIA ETCH,VIA ETCH THROUGH DIELECTRIC,DIELECTRIC ETCH VIA,HARD BAKE,DEPOSIT INTERLAYER DIELECTRIC
valid_ic_seq_0460_80,MEASURE PASSIVATION QUALITY,MEASURE PASSIVATION THICKNESS,DEPOSIT PASSIVATION LAYER,PASSIVATION ETCH PAD OPENING,MEASURE FILM THICKNESS
valid_ic_seq_0461_60,MEASURE VIA CD,DEPOSIT BARRIER METAL,MEASURE SHEET RESISTANCE,DEPOSIT METAL 1,MEASURE CD LEVEL 1
valid_ic_seq_0461_80,PASSIVATION ETCH,PASSIVATION ETCH PAD OPENING,MEASURE PASSIVATION THICKNESS,VIA ETCH THROUGH DIELECTRIC,VIA ETCH
valid_ic_seq_0462_60,MEASURE VIA CD,DEPOSIT BARRIER METAL,DEPOSIT POLYSILICON,DEPOSIT METAL 1,MEASURE SHEET RESISTANCE
valid_ic_seq_0462_80,OPEN PAD WINDOW,OPEN BOND PAD WINDOW,PAD WINDOW LITHO,OPEN PAD WINDOW LITHO,FINAL LOT RELEASE
valid_ic_seq_0463_60,MEASURE VIA CD,DEPOSIT BARRIER METAL,MEASURE SHEET RESISTANCE,MEASURE VIA RESISTANCE,SPIN COAT PHOTORESIST
valid_ic_seq_0463_80,DEVELOP PHOTORESIST,DEVELOP PAD WINDOW,POST EXPOSE BAKE,OPEN PAD WINDOW LITHO,OPEN PAD WINDOW
valid_ic_seq_0464_60,MEASURE VIA CD,DEPOSIT BARRIER METAL,MEASURE SHEET RESISTANCE,DEPOSIT METAL 1,ANNEAL METAL
valid_ic_seq_0464_80,PAD WINDOW LITHO,OPEN PAD WINDOW LITHO,OPEN BOND PAD WINDOW,DEVELOP PAD WINDOW,OPEN PAD WINDOW
valid_ic_seq_0465_60,HARD BAKE,VIA ETCH THROUGH DIELECTRIC,DIELECTRIC ETCH VIA,VIA ETCH,POLYSILICON ETCH DRY
valid_ic_seq_0465_80,PAD WINDOW LITHO,OPEN PAD WINDOW LITHO,DEVELOP PAD WINDOW,OPEN BOND PAD WINDOW,OPEN PAD WINDOW
valid_ic_seq_0466_60,MEASURE VIA CD,DEPOSIT BARRIER METAL,SPIN COAT PHOTORESIST,MEASURE SHEET RESISTANCE,DEPOSIT METAL 1
valid_ic_seq_0466_80,DEVELOP PAD WINDOW,DEVELOP PHOTORESIST,POST EXPOSE BAKE,PARAMETRIC TEST,OPEN PAD WINDOW LITHO
valid_ic_seq_0467_60,CLEAN AFTER VIA ETCH,CLEAN AFTER ETCH,CLEAN AFTER METAL ETCH,CLEAN AFTER POLY ETCH,DEPOSIT TUNGSTEN SEED
valid_ic_seq_0467_80,DEVELOP PAD WINDOW,DEVELOP PHOTORESIST,POST EXPOSE BAKE,OPEN PAD WINDOW LITHO,PAD WINDOW LITHO
valid_ic_seq_0468_60,CLEAN AFTER VIA ETCH,CLEAN AFTER ETCH,CLEAN AFTER METAL ETCH,CLEAN AFTER POLY ETCH,DEPOSIT TUNGSTEN SEED
valid_ic_seq_0468_80,DEVELOP PAD WINDOW,DEVELOP PHOTORESIST,POST EXPOSE BAKE,OPEN PAD WINDOW LITHO,PAD WINDOW LITHO
valid_ic_seq_0469_60,CLEAN AFTER VIA ETCH,CLEAN AFTER ETCH,CLEAN AFTER METAL ETCH,CLEAN PAD OPENING,DEPOSIT TUNGSTEN SEED
valid_ic_seq_0469_80,OPEN PAD WINDOW,OPEN BOND PAD WINDOW,PAD WINDOW LITHO,OPEN PAD WINDOW LITHO,DEVELOP PAD WINDOW
valid_ic_seq_0470_60,MEASURE VIA CD,DEPOSIT BARRIER METAL,SPIN COAT PHOTORESIST,MEASURE SHEET RESISTANCE,MEASURE METAL THICKNESS
valid_ic_seq_0470_80,PASSIVATION ETCH,PASSIVATION ETCH PAD OPENING,MEASURE PASSIVATION THICKNESS,MEASURE PASSIVATION QUALITY,VIA ETCH
valid_ic_seq_0471_60,CLEAN AFTER VIA ETCH,ALIGN MASK LEVEL 3,DEPOSIT TUNGSTEN SEED,CLEAN AFTER ETCH,CLEAN AFTER POLY ETCH
valid_ic_seq_0471_80,PASSIVATION ETCH PAD OPENING,PASSIVATION ETCH,VIA ETCH THROUGH DIELECTRIC,DIELECTRIC ETCH VIA,VIA ETCH
valid_ic_seq_0472_60,MEASURE VIA CD,DEPOSIT BARRIER METAL,SPIN COAT PHOTORESIST,MEASURE SHEET RESISTANCE,MEASURE METAL THICKNESS
valid_ic_seq_0472_80,DEVELOP PHOTORESIST,DEVELOP PAD WINDOW,POST EXPOSE BAKE,OPEN PAD WINDOW LITHO,PAD WINDOW LITHO
valid_ic_seq_0473_60,MEASURE VIA CD,DEPOSIT BARRIER METAL,SPIN COAT PHOTORESIST,MEASURE SHEET RESISTANCE,DEPOSIT METAL 1
valid_ic_seq_0473_80,DEVELOP PHOTORESIST,DEVELOP PAD WINDOW,POST EXPOSE BAKE,OPEN PAD WINDOW LITHO,PAD WINDOW LITHO
valid_ic_seq_0474_60,STRIP PHOTORESIST,STRIP RESIST,STRIP RESIST LEVEL 2,HARD BAKE,DEVELOP PHOTORESIST
valid_ic_seq_0474_80,OPEN PAD WINDOW,OPEN BOND PAD WINDOW,PAD WINDOW LITHO,OPEN PAD WINDOW LITHO,DEVELOP PAD WINDOW
valid_ic_seq_0475_60,FILL VIA TUNGSTEN,SURFACE PREP FOR DEPOSITION,DEPOSIT TUNGSTEN SEED,ANNEAL OXIDE,ANNEAL POLYSILICON
valid_ic_seq_0475_80,PASSIVATION ETCH,PASSIVATION ETCH PAD OPENING,MEASURE PASSIVATION THICKNESS,MEASURE PASSIVATION QUALITY,VIA ETCH THROUGH DIELECTRIC
valid_ic_seq_0476_60,CLEAN AFTER VIA ETCH,CLEAN AFTER ETCH,CLEAN PAD OPENING,CLEAN AFTER METAL ETCH,CLEAN AFTER POLY ETCH
valid_ic_seq_0476_80,MEASURE PASSIVATION QUALITY,MEASURE PASSIVATION THICKNESS,MEASURE FILM THICKNESS,MEASURE OXIDE THICKNESS,DEPOSIT PASSIVATION LAYER
valid_ic_seq_0477_60,CLEAN AFTER VIA ETCH,CLEAN AFTER ETCH,CLEAN AFTER METAL ETCH,CLEAN AFTER POLY ETCH,DEPOSIT TUNGSTEN SEED
valid_ic_seq_0477_80,OPEN PAD WINDOW,OPEN BOND PAD WINDOW,PAD WINDOW LITHO,OPEN PAD WINDOW LITHO,PASSIVATION ETCH PAD OPENING
valid_ic_seq_0478_60,CLEAN AFTER VIA ETCH,ALIGN MASK LEVEL 3,DEPOSIT TUNGSTEN SEED,CLEAN AFTER ETCH,CLEAN PAD OPENING
valid_ic_seq_0478_80,OPEN PAD WINDOW LITHO,PAD WINDOW LITHO,DEVELOP PAD WINDOW,OPEN BOND PAD WINDOW,OPEN PAD WINDOW
valid_ic_seq_0479_60,VIA ETCH,VIA ETCH THROUGH DIELECTRIC,DIELECTRIC ETCH VIA,HARD BAKE,DEPOSIT INTERLEVEL DIELECTRIC
valid_ic_seq_0479_80,CURE PASSIVATION,ANNEAL POLYSILICON,RINSE WET WAFER_EDGE,FILL VIA TUNGSTEN,DRY WAFER BACKSIDE
valid_ic_seq_0480_60,CLEAN AFTER VIA ETCH,CLEAN AFTER ETCH,DEPOSIT TUNGSTEN SEED,CLEAN AFTER METAL ETCH,CLEAN AFTER POLY ETCH
valid_ic_seq_0480_80,OPEN PAD WINDOW LITHO,PAD WINDOW LITHO,DEVELOP PAD WINDOW,OPEN BOND PAD WINDOW,OPEN PAD WINDOW
valid_ic_seq_0481_60,MEASURE VIA CD,DEPOSIT BARRIER METAL,MEASURE SHEET RESISTANCE,DEPOSIT METAL 1,MEASURE VIA RESISTANCE
valid_ic_seq_0481_80,DEVELOP PAD WINDOW,DEVELOP PHOTORESIST,POST EXPOSE BAKE,PARAMETRIC TEST,OPEN PAD WINDOW LITHO
valid_ic_seq_0482_60,CLEAN AFTER VIA ETCH,CLEAN AFTER ETCH,CLEAN AFTER METAL ETCH,CLEAN PAD OPENING,DEPOSIT TUNGSTEN SEED
valid_ic_seq_0482_80,MEASURE PASSIVATION QUALITY,MEASURE PASSIVATION THICKNESS,MEASURE FILM THICKNESS,MEASURE OXIDE THICKNESS,DEPOSIT PASSIVATION LAYER
valid_ic_seq_0483_60,STRIP PHOTORESIST,STRIP RESIST,STRIP RESIST LEVEL 2,HARD BAKE,DEVELOP PHOTORESIST
valid_ic_seq_0483_80,OPEN PAD WINDOW LITHO,PAD WINDOW LITHO,DEVELOP PAD WINDOW,OPEN BOND PAD WINDOW,OPEN PAD WINDOW
valid_ic_seq_0484_60,DEPOSIT BARRIER METAL,MEASURE VIA CD,IMPLANT N-TYPE,DEPOSIT PASSIVATION,DEPOSIT POLYSILICON
valid_ic_seq_0484_80,OPEN PAD WINDOW,OPEN BOND PAD WINDOW,PAD WINDOW LITHO,OPEN PAD WINDOW LITHO,DEVELOP PAD WINDOW
valid_ic_seq_0485_60,MEASURE VIA CD,DEPOSIT BARRIER METAL,MEASURE SHEET RESISTANCE,DEPOSIT METAL 1,SPIN COAT PHOTORESIST
valid_ic_seq_0485_80,DEVELOP PAD WINDOW,DEVELOP PHOTORESIST,POST EXPOSE BAKE,OPEN PAD WINDOW LITHO,PAD WINDOW LITHO
valid_ic_seq_0486_60,STRIP RESIST,STRIP PHOTORESIST,STRIP RESIST LEVEL 2,HARD BAKE,DEVELOP PHOTORESIST
valid_ic_seq_0486_80,PAD WINDOW LITHO,OPEN PAD WINDOW LITHO,DEVELOP PAD WINDOW,OPEN BOND PAD WINDOW,OPEN PAD WINDOW
valid_ic_seq_0487_60,STRIP PHOTORESIST,STRIP RESIST,STRIP RESIST LEVEL 2,HARD BAKE,DEVELOP PHOTORESIST
valid_ic_seq_0487_80,OPEN PAD WINDOW LITHO,PAD WINDOW LITHO,OPEN BOND PAD WINDOW,DEVELOP PAD WINDOW,OPEN PAD WINDOW
valid_ic_seq_0488_60,MEASURE VIA CD,DEPOSIT BARRIER METAL,MEASURE SHEET RESISTANCE,DEPOSIT PASSIVATION,MEASURE LINE WIDTH
valid_ic_seq_0488_80,OPEN PAD WINDOW LITHO,PAD WINDOW LITHO,OPEN BOND PAD WINDOW,DEVELOP PAD WINDOW,OPEN PAD WINDOW
valid_ic_seq_0489_60,CLEAN AFTER VIA ETCH,CLEAN AFTER ETCH,CLEAN AFTER METAL ETCH,CLEAN PAD OPENING,DEPOSIT TUNGSTEN SEED
valid_ic_seq_0489_80,OPEN PAD WINDOW LITHO,PAD WINDOW LITHO,DEVELOP PAD WINDOW,OPEN BOND PAD WINDOW,OPEN PAD WINDOW
valid_ic_seq_0490_60,CLEAN AFTER VIA ETCH,ALIGN MASK LEVEL 3,DEPOSIT TUNGSTEN SEED,CLEAN AFTER ETCH,CLEAN AFTER METAL ETCH
valid_ic_seq_0490_80,PAD WINDOW LITHO,OPEN PAD WINDOW LITHO,OPEN BOND PAD WINDOW,OPEN PAD WINDOW,DEVELOP PAD WINDOW
valid_ic_seq_0491_60,CLEAN AFTER VIA ETCH,CLEAN AFTER ETCH,CLEAN AFTER METAL ETCH,CLEAN PAD OPENING,CLEAN AFTER POLY ETCH
valid_ic_seq_0491_80,DEVELOP PAD WINDOW,DEVELOP PHOTORESIST,POST EXPOSE BAKE,PARAMETRIC TEST,OPEN PAD WINDOW LITHO
valid_ic_seq_0492_60,CLEAN AFTER VIA ETCH,CLEAN AFTER ETCH,DEPOSIT TUNGSTEN SEED,CLEAN AFTER METAL ETCH,CLEAN PAD OPENING
valid_ic_seq_0492_80,MEASURE PASSIVATION QUALITY,MEASURE PASSIVATION THICKNESS,MEASURE FILM THICKNESS,MEASURE OXIDE THICKNESS,DEPOSIT PASSIVATION LAYER
valid_ic_seq_0493_60,MEASURE VIA CD,DEPOSIT BARRIER METAL,SPIN COAT PHOTORESIST,MEASURE SHEET RESISTANCE,MEASURE METAL THICKNESS
valid_ic_seq_0493_80,PASSIVATION ETCH PAD OPENING,PASSIVATION ETCH,VIA ETCH THROUGH DIELECTRIC,VIA ETCH,MEASURE PASSIVATION THICKNESS
valid_ic_seq_0494_60,DEPOSIT BARRIER METAL,MEASURE VIA CD,DEPOSIT POLYSILICON,IMPLANT N-TYPE,DEPOSIT INTERLAYER DIELECTRIC
valid_ic_seq_0494_80,PASSIVATION ETCH PAD OPENING,PASSIVATION ETCH,SWITCHING TEST,VIA ETCH THROUGH DIELECTRIC,VIA ETCH
valid_ic_seq_0495_60,CLEAN AFTER VIA ETCH,CLEAN AFTER ETCH,ALIGN MASK LEVEL 3,DEPOSIT TUNGSTEN SEED,CLEAN PAD OPENING
valid_ic_seq_0495_80,PASSIVATION ETCH PAD OPENING,PASSIVATION ETCH,VIA ETCH THROUGH DIELECTRIC,VIA ETCH,DIELECTRIC ETCH VIA
valid_ic_seq_0496_60,CLEAN AFTER VIA ETCH,CLEAN AFTER ETCH,CLEAN AFTER METAL ETCH,DEPOSIT TUNGSTEN SEED,CLEAN AFTER POLY ETCH
valid_ic_seq_0496_80,OPEN PAD WINDOW,OPEN BOND PAD WINDOW,PAD WINDOW LITHO,OPEN PAD WINDOW LITHO,FINAL LOT RELEASE
valid_ic_seq_0497_60,STRIP PHOTORESIST,STRIP RESIST,STRIP RESIST LEVEL 2,HARD BAKE,DEVELOP PHOTORESIST
valid_ic_seq_0497_80,PAD WINDOW LITHO,OPEN PAD WINDOW LITHO,OPEN BOND PAD WINDOW,OPEN PAD WINDOW,DEVELOP PAD WINDOW
valid_ic_seq_0498_60,MEASURE VIA CD,DEPOSIT BARRIER METAL,MEASURE SHEET RESISTANCE,SPIN COAT PHOTORESIST,DEPOSIT METAL 1
valid_ic_seq_0498_80,OPEN PAD WINDOW,OPEN BOND PAD WINDOW,PAD WINDOW LITHO,OPEN PAD WINDOW LITHO,DEVELOP PAD WINDOW
valid_ic_seq_0499_60,MEASURE VIA CD,DEPOSIT BARRIER METAL,DEPOSIT METAL 1,MEASURE SHEET RESISTANCE,SPIN COAT PHOTORESIST
valid_ic_seq_0499_80,OPEN PAD WINDOW LITHO,PAD WINDOW LITHO,DEVELOP PAD WINDOW,OPEN BOND PAD WINDOW,OPEN PAD WINDOW
valid_ic_seq_0500_60,CLEAN AFTER VIA ETCH,DEPOSIT TUNGSTEN SEED,CLEAN AFTER ETCH,ALIGN MASK LEVEL 3,CLEAN AFTER METAL ETCH
valid_ic_seq_0500_80,OPEN PAD WINDOW,OPEN BOND PAD WINDOW,PAD WINDOW LITHO,OPEN PAD WINDOW LITHO,DEVELOP PAD WINDOW
valid_ic_seq_0501_60,CLEAN AFTER VIA ETCH,CLEAN AFTER ETCH,DEPOSIT TUNGSTEN SEED,CLEAN AFTER METAL ETCH,CLEAN PAD OPENING
valid_ic_seq_0501_80,MEASURE PASSIVATION QUALITY,MEASURE PASSIVATION THICKNESS,MEASURE FILM THICKNESS,MEASURE OXIDE THICKNESS,DEPOSIT PASSIVATION LAYER
valid_ic_seq_0502_60,CLEAN AFTER VIA ETCH,CLEAN AFTER ETCH,CLEAN AFTER METAL ETCH,CLEAN AFTER POLY ETCH,DEPOSIT TUNGSTEN SEED
valid_ic_seq_0502_80,OPEN PAD WINDOW LITHO,PAD WINDOW LITHO,DEVELOP PAD WINDOW,OPEN BOND PAD WINDOW,OPEN PAD WINDOW
valid_ic_seq_0503_60,CLEAN AFTER VIA ETCH,CLEAN AFTER ETCH,CLEAN AFTER METAL ETCH,CLEAN PAD OPENING,DEPOSIT TUNGSTEN SEED
valid_ic_seq_0503_80,OPEN PAD WINDOW,OPEN BOND PAD WINDOW,PAD WINDOW LITHO,OPEN PAD WINDOW LITHO,MEASURE SHEET RESISTANCE
valid_ic_seq_0504_60,VIA ETCH,VIA ETCH THROUGH DIELECTRIC,DIELECTRIC ETCH VIA,HARD BAKE,DEPOSIT INTERLEVEL DIELECTRIC
valid_ic_seq_0504_80,MEASURE PASSIVATION THICKNESS,MEASURE PASSIVATION QUALITY,MEASURE FILM THICKNESS,DEPOSIT PASSIVATION LAYER,MEASURE OXIDE THICKNESS
valid_ic_seq_0505_60,CLEAN AFTER VIA ETCH,ALIGN MASK LEVEL 3,DEPOSIT TUNGSTEN SEED,CLEAN AFTER ETCH,CLEAN AFTER POLY ETCH
valid_ic_seq_0505_80,OPEN PAD WINDOW,OPEN BOND PAD WINDOW,PAD WINDOW LITHO,OPEN PAD WINDOW LITHO,DEVELOP PAD WINDOW
valid_ic_seq_0506_60,DEPOSIT BARRIER METAL,MEASURE VIA CD,IMPLANT N-TYPE,DEPOSIT POLYSILICON,DEPOSIT PASSIVATION
valid_ic_seq_0506_80,PASSIVATION ETCH,PASSIVATION ETCH PAD OPENING,MEASURE PASSIVATION THICKNESS,SWITCHING TEST,MEASURE PASSIVATION QUALITY
valid_ic_seq_0507_60,MEASURE VIA CD,DEPOSIT BARRIER METAL,MEASURE SHEET RESISTANCE,MEASURE CD LEVEL 1,DEPOSIT METAL 1
valid_ic_seq_0507_80,OPEN BOND PAD WINDOW,OPEN PAD WINDOW,PAD WINDOW LITHO,OPEN PAD WINDOW LITHO,DEVELOP PAD WINDOW
valid_ic_seq_0508_60,HARD BAKE,VIA ETCH,DIELECTRIC ETCH VIA,VIA ETCH THROUGH DIELECTRIC,POLYSILICON ETCH DRY
valid_ic_seq_0508_80,PAD WINDOW LITHO,OPEN PAD WINDOW LITHO,OPEN BOND PAD WINDOW,DEVELOP PAD WINDOW,OPEN PAD WINDOW
valid_ic_seq_0509_60,MEASURE VIA CD,DEPOSIT BARRIER METAL,SPIN COAT PHOTORESIST,MEASURE SHEET RESISTANCE,DEPOSIT METAL 1
valid_ic_seq_0509_80,OPEN PAD WINDOW LITHO,PAD WINDOW LITHO,DEVELOP PAD WINDOW,OPEN BOND PAD WINDOW,OPEN PAD WINDOW
valid_ic_seq_0510_60,MEASURE VIA CD,DEPOSIT BARRIER METAL,DEPOSIT METAL 1,MEASURE VIA RESISTANCE,DEPOSIT TOP METAL
valid_ic_seq_0510_80,OPEN BOND PAD WINDOW,OPEN PAD WINDOW,PAD WINDOW LITHO,OPEN PAD WINDOW LITHO,FINAL LOT RELEASE
valid_ic_seq_0511_60,CLEAN AFTER VIA ETCH,DEPOSIT TUNGSTEN SEED,ALIGN MASK LEVEL 3,CLEAN AFTER ETCH,CLEAN PAD OPENING
valid_ic_seq_0511_80,DEVELOP PHOTORESIST,DEVELOP PAD WINDOW,POST EXPOSE BAKE,PARAMETRIC TEST,OPEN PAD WINDOW LITHO
valid_ic_seq_0512_60,CLEAN AFTER VIA ETCH,CLEAN AFTER ETCH,CLEAN PAD OPENING,CLEAN AFTER METAL ETCH,RCA CLEAN 2
valid_ic_seq_0512_80,OPEN BOND PAD WINDOW,OPEN PAD WINDOW,PAD WINDOW LITHO,OPEN PAD WINDOW LITHO,DEVELOP PAD WINDOW
valid_ic_seq_0513_60,CLEAN AFTER VIA ETCH,CLEAN AFTER ETCH,CLEAN PAD OPENING,CLEAN AFTER METAL ETCH,DEPOSIT TUNGSTEN SEED
valid_ic_seq_0513_80,DEVELOP PHOTORESIST,DEVELOP PAD WINDOW,POST EXPOSE BAKE,OPEN PAD WINDOW LITHO,PAD WINDOW LITHO
valid_ic_seq_0514_60,MEASURE VIA CD,DEPOSIT BARRIER METAL,MEASURE CD LEVEL 1,DEPOSIT POLYSILICON,MEASURE SHEET RESISTANCE
valid_ic_seq_0514_80,OPEN PAD WINDOW LITHO,PAD WINDOW LITHO,OPEN BOND PAD WINDOW,OPEN PAD WINDOW,DEVELOP PAD WINDOW
valid_ic_seq_0515_60,CLEAN AFTER VIA ETCH,CLEAN AFTER ETCH,CLEAN AFTER POLY ETCH,CLEAN AFTER METAL ETCH,ALIGN MASK LEVEL 3
valid_ic_seq_0515_80,PASSIVATION ETCH,PASSIVATION ETCH PAD OPENING,MEASURE PASSIVATION THICKNESS,VIA ETCH THROUGH DIELECTRIC,MEASURE PASSIVATION QUALITY
valid_ic_seq_0516_60,STRIP PHOTORESIST,STRIP RESIST,STRIP RESIST LEVEL 2,HARD BAKE,DEVELOP PHOTORESIST
valid_ic_seq_0516_80,OPEN PAD WINDOW,OPEN BOND PAD WINDOW,PAD WINDOW LITHO,OPEN PAD WINDOW LITHO,DEVELOP PAD WINDOW
valid_ic_seq_0517_60,CLEAN AFTER VIA ETCH,CLEAN AFTER ETCH,CLEAN AFTER METAL ETCH,CLEAN AFTER POLY ETCH,DEPOSIT TUNGSTEN SEED
valid_ic_seq_0517_80,OPEN PAD WINDOW LITHO,PAD WINDOW LITHO,DEVELOP PAD WINDOW,OPEN BOND PAD WINDOW,OPEN PAD WINDOW
valid_ic_seq_0518_60,CLEAN AFTER VIA ETCH,CLEAN AFTER ETCH,CLEAN AFTER METAL ETCH,DEPOSIT TUNGSTEN SEED,ALIGN MASK LEVEL 3
valid_ic_seq_0518_80,OPEN PAD WINDOW,OPEN BOND PAD WINDOW,PAD WINDOW LITHO,OPEN PAD WINDOW LITHO,FINAL LOT RELEASE
valid_ic_seq_0519_60,DEPOSIT BARRIER METAL,MEASURE VIA CD,IMPLANT N-TYPE,DEPOSIT POLYSILICON,DEPOSIT PASSIVATION
valid_ic_seq_0519_80,OPEN PAD WINDOW LITHO,PAD WINDOW LITHO,OPEN BOND PAD WINDOW,DEVELOP PAD WINDOW,OPEN PAD WINDOW
valid_ic_seq_0520_60,MEASURE VIA CD,DEPOSIT BARRIER METAL,MEASURE SHEET RESISTANCE,DEPOSIT METAL 1,SPIN COAT PHOTORESIST
valid_ic_seq_0520_80,OPEN PAD WINDOW LITHO,PAD WINDOW LITHO,DEVELOP PAD WINDOW,OPEN BOND PAD WINDOW,OPEN PAD WINDOW
valid_ic_seq_0521_60,DEPOSIT BARRIER METAL,MEASURE VIA CD,DEPOSIT POLYSILICON,IMPLANT N-TYPE,DEPOSIT INTERLAYER DIELECTRIC
valid_ic_seq_0521_80,PAD WINDOW LITHO,OPEN PAD WINDOW LITHO,DEVELOP PAD WINDOW,OPEN BOND PAD WINDOW,OPEN PAD WINDOW
valid_ic_seq_0522_60,STRIP PHOTORESIST,STRIP RESIST,STRIP RESIST LEVEL 2,HARD BAKE,DEVELOP PHOTORESIST
valid_ic_seq_0522_80,OPEN PAD WINDOW,OPEN BOND PAD WINDOW,PAD WINDOW LITHO,OPEN PAD WINDOW LITHO,DEVELOP PAD WINDOW
valid_ic_seq_0523_60,HARD BAKE,VIA ETCH THROUGH DIELECTRIC,VIA ETCH,DIELECTRIC ETCH VIA,POLYSILICON ETCH DRY
valid_ic_seq_0523_80,CURE PASSIVATION,ANNEAL POLYSILICON,BACKSIDE ANNEAL,DRY WAFER BACKSIDE,RINSE WET WAFER_EDGE
valid_ic_seq_0524_60,CLEAN AFTER VIA ETCH,CLEAN AFTER ETCH,DEPOSIT TUNGSTEN SEED,CLEAN AFTER POLY ETCH,ALIGN MASK LEVEL 3
valid_ic_seq_0524_80,DEVELOP PHOTORESIST,DEVELOP PAD WINDOW,POST EXPOSE BAKE,OPEN PAD WINDOW LITHO,PAD WINDOW LITHO
valid_ic_seq_0525_60,STRIP RESIST,STRIP PHOTORESIST,STRIP RESIST LEVEL 2,HARD BAKE,DEVELOP PHOTORESIST
valid_ic_seq_0525_80,PAD WINDOW LITHO,OPEN PAD WINDOW LITHO,OPEN BOND PAD WINDOW,OPEN PAD WINDOW,DEVELOP PAD WINDOW
valid_ic_seq_0526_60,STRIP PHOTORESIST,STRIP RESIST,STRIP RESIST LEVEL 2,HARD BAKE,DEVELOP PHOTORESIST
valid_ic_seq_0526_80,MEASURE PASSIVATION QUALITY,MEASURE PASSIVATION THICKNESS,MEASURE FILM THICKNESS,MEASURE OXIDE THICKNESS,DEPOSIT PASSIVATION LAYER
valid_ic_seq_0527_60,STRIP PHOTORESIST,STRIP RESIST,STRIP RESIST LEVEL 2,HARD BAKE,DEVELOP PHOTORESIST
valid_ic_seq_0527_80,OPEN BOND PAD WINDOW,OPEN PAD WINDOW,PAD WINDOW LITHO,OPEN PAD WINDOW LITHO,PASSIVATION ETCH PAD OPENING
valid_ic_seq_0528_60,CLEAN AFTER VIA ETCH,CLEAN AFTER ETCH,CLEAN PAD OPENING,WET CLEAN RCA2,RCA CLEAN 2
valid_ic_seq_0528_80,PAD WINDOW LITHO,OPEN PAD WINDOW LITHO,DEVELOP PAD WINDOW,OPEN BOND PAD WINDOW,OPEN PAD WINDOW
valid_ic_seq_0529_60,STRIP PHOTORESIST,STRIP RESIST,STRIP RESIST LEVEL 2,HARD BAKE,DEVELOP PHOTORESIST
valid_ic_seq_0529_80,OPEN PAD WINDOW LITHO,PAD WINDOW LITHO,DEVELOP PAD WINDOW,OPEN BOND PAD WINDOW,OPEN PAD WINDOW
valid_ic_seq_0530_60,CLEAN AFTER VIA ETCH,CLEAN AFTER ETCH,CLEAN AFTER METAL ETCH,CLEAN PAD OPENING,CLEAN AFTER POLY ETCH
valid_ic_seq_0530_80,MEASURE PASSIVATION QUALITY,MEASURE PASSIVATION THICKNESS,MEASURE FILM THICKNESS,DEPOSIT PASSIVATION LAYER,MEASURE OXIDE THICKNESS
valid_ic_seq_0531_60,MEASURE VIA CD,DEPOSIT BARRIER METAL,SPIN COAT PHOTORESIST,MEASURE METAL THICKNESS,DEPOSIT METAL 1
valid_ic_seq_0531_80,OPEN PAD WINDOW,OPEN BOND PAD WINDOW,PAD WINDOW LITHO,OPEN PAD WINDOW LITHO,DEVELOP PAD WINDOW
valid_ic_seq_0532_60,STRIP PHOTORESIST,STRIP RESIST,STRIP RESIST LEVEL 2,HARD BAKE,DEVELOP PHOTORESIST
valid_ic_seq_0532_80,OPEN PAD WINDOW LITHO,PAD WINDOW LITHO,DEVELOP PAD WINDOW,OPEN BOND PAD WINDOW,OPEN PAD WINDOW
valid_ic_seq_0533_60,CLEAN AFTER VIA ETCH,CLEAN AFTER ETCH,CLEAN AFTER METAL ETCH,DEPOSIT TUNGSTEN SEED,CLEAN PAD OPENING
valid_ic_seq_0533_80,OPEN PAD WINDOW,OPEN BOND PAD WINDOW,PAD WINDOW LITHO,OPEN PAD WINDOW LITHO,DEVELOP PAD WINDOW
valid_ic_seq_0534_60,CLEAN AFTER VIA ETCH,DEPOSIT TUNGSTEN SEED,ALIGN MASK LEVEL 3,CLEAN AFTER ETCH,CLEAN AFTER POLY ETCH
valid_ic_seq_0534_80,DEVELOP PAD WINDOW,DEVELOP PHOTORESIST,POST EXPOSE BAKE,OPEN PAD WINDOW LITHO,PAD WINDOW LITHO
valid_ic_seq_0535_60,MEASURE VIA CD,DEPOSIT BARRIER METAL,MEASURE SHEET RESISTANCE,SPIN COAT PHOTORESIST,DEPOSIT METAL 1
valid_ic_seq_0535_80,PAD WINDOW LITHO,OPEN PAD WINDOW LITHO,OPEN BOND PAD WINDOW,OPEN PAD WINDOW,DEVELOP PAD WINDOW
valid_ic_seq_0536_60,CLEAN AFTER VIA ETCH,CLEAN AFTER ETCH,DEPOSIT TUNGSTEN SEED,CLEAN AFTER METAL ETCH,CLEAN PAD OPENING
valid_ic_seq_0536_80,OPEN PAD WINDOW,OPEN BOND PAD WINDOW,PAD WINDOW LITHO,OPEN PAD WINDOW LITHO,MEASURE SHEET RESISTANCE
valid_ic_seq_0537_60,DEPOSIT TUNGSTEN SEED,FILL VIA TUNGSTEN,ANNEAL POLYSILICON,CURE PASSIVATION,RINSE WET WAFER_EDGE
valid_ic_seq_0537_80,DEVELOP PAD WINDOW,DEVELOP PHOTORESIST,POST EXPOSE BAKE,OPEN PAD WINDOW LITHO,PAD WINDOW LITHO
valid_ic_seq_0538_60,CLEAN AFTER VIA ETCH,CLEAN AFTER ETCH,CLEAN AFTER METAL ETCH,CLEAN AFTER POLY ETCH,CLEAN PAD OPENING
valid_ic_seq_0538_80,OPEN PAD WINDOW LITHO,PAD WINDOW LITHO,DEVELOP PAD WINDOW,OPEN BOND PAD WINDOW,OPEN PAD WINDOW
valid_ic_seq_0539_60,MEASURE VIA CD,DEPOSIT BARRIER METAL,SPIN COAT PHOTORESIST,MEASURE SHEET RESISTANCE,DEPOSIT METAL 1
valid_ic_seq_0539_80,OPEN PAD WINDOW,OPEN BOND PAD WINDOW,PAD WINDOW LITHO,OPEN PAD WINDOW LITHO,DEVELOP PAD WINDOW
valid_ic_seq_0540_60,STRIP PHOTORESIST,STRIP RESIST,STRIP RESIST LEVEL 2,HARD BAKE,DEVELOP PHOTORESIST
valid_ic_seq_0540_80,CURE PASSIVATION,ANNEAL POLYSILICON,FILL VIA TUNGSTEN,RINSE WET WAFER_EDGE,BACKSIDE ANNEAL
valid_ic_seq_0541_60,MEASURE VIA CD,DEPOSIT BARRIER METAL,MEASURE SHEET RESISTANCE,SPIN COAT PHOTORESIST,ANNEAL METAL
valid_ic_seq_0541_80,PAD WINDOW LITHO,OPEN PAD WINDOW LITHO,DEVELOP PAD WINDOW,OPEN BOND PAD WINDOW,OPEN PAD WINDOW
valid_ic_seq_0542_60,DEPOSIT BARRIER METAL,MEASURE VIA CD,IMPLANT N-TYPE,DEPOSIT POLYSILICON,DEPOSIT PASSIVATION
valid_ic_seq_0542_80,OPEN PAD WINDOW LITHO,PAD WINDOW LITHO,DEVELOP PAD WINDOW,OPEN BOND PAD WINDOW,OPEN PAD WINDOW
valid_ic_seq_0543_60,MEASURE VIA CD,DEPOSIT BARRIER METAL,MEASURE SHEET RESISTANCE,DEPOSIT METAL 1,SPIN COAT PHOTORESIST
valid_ic_seq_0543_80,PAD WINDOW LITHO,OPEN PAD WINDOW LITHO,OPEN BOND PAD WINDOW,OPEN PAD WINDOW,DEVELOP PAD WINDOW
valid_ic_seq_0544_60,MEASURE VIA CD,DEPOSIT BARRIER METAL,DEPOSIT METAL 1,MEASURE VIA RESISTANCE,DEPOSIT TOP METAL
valid_ic_seq_0544_80,OPEN PAD WINDOW LITHO,PAD WINDOW LITHO,OPEN BOND PAD WINDOW,OPEN PAD WINDOW,DEVELOP PAD WINDOW
valid_ic_seq_0545_60,VIA ETCH,VIA ETCH THROUGH DIELECTRIC,DIELECTRIC ETCH VIA,HARD BAKE,DEPOSIT INTERLEVEL DIELECTRIC
valid_ic_seq_0545_80,PAD WINDOW LITHO,OPEN PAD WINDOW LITHO,OPEN BOND PAD WINDOW,OPEN PAD WINDOW,DEVELOP PAD WINDOW
valid_ic_seq_0546_60,STRIP PHOTORESIST,STRIP RESIST,STRIP RESIST LEVEL 2,HARD BAKE,DEVELOP PHOTORESIST
valid_ic_seq_0546_80,MEASURE PASSIVATION QUALITY,MEASURE PASSIVATION THICKNESS,MEASURE FILM THICKNESS,DEPOSIT PASSIVATION LAYER,MEASURE OXIDE THICKNESS
valid_ic_seq_0547_60,CLEAN AFTER VIA ETCH,ALIGN MASK LEVEL 3,DEPOSIT TUNGSTEN SEED,CLEAN AFTER ETCH,CLEAN PAD OPENING
valid_ic_seq_0547_80,OPEN PAD WINDOW LITHO,PAD WINDOW LITHO,OPEN BOND PAD WINDOW,OPEN PAD WINDOW,DEVELOP PAD WINDOW
valid_ic_seq_0548_60,STRIP RESIST,STRIP PHOTORESIST,STRIP RESIST LEVEL 2,HARD BAKE,DEVELOP PHOTORESIST
valid_ic_seq_0548_80,OPEN BOND PAD WINDOW,OPEN PAD WINDOW,PAD WINDOW LITHO,OPEN PAD WINDOW LITHO,MEASURE SHEET RESISTANCE
valid_ic_seq_0549_60,HARD BAKE,VIA ETCH THROUGH DIELECTRIC,DIELECTRIC ETCH VIA,VIA ETCH,POLYSILICON ETCH DRY
valid_ic_seq_0549_80,OPEN BOND PAD WINDOW,OPEN PAD WINDOW,PAD WINDOW LITHO,OPEN PAD WINDOW LITHO,DEVELOP PAD WINDOW
valid_ic_seq_0550_60,STRIP PHOTORESIST,STRIP RESIST,STRIP RESIST LEVEL 2,HARD BAKE,DEVELOP PHOTORESIST
valid_ic_seq_0550_80,MEASURE PASSIVATION THICKNESS,MEASURE PASSIVATION QUALITY,MEASURE FILM THICKNESS,MEASURE OXIDE THICKNESS,DEPOSIT PASSIVATION LAYER
valid_ic_seq_0551_60,DEPOSIT BARRIER METAL,MEASURE VIA CD,DEPOSIT POLYSILICON,IMPLANT N-TYPE,DEPOSIT PASSIVATION
valid_ic_seq_0551_80,PAD WINDOW LITHO,OPEN PAD WINDOW LITHO,OPEN BOND PAD WINDOW,OPEN PAD WINDOW,DEVELOP PAD WINDOW
valid_ic_seq_0552_60,DEPOSIT BARRIER METAL,MEASURE VIA CD,DEPOSIT POLYSILICON,IMPLANT N-TYPE,DEPOSIT METAL 1
valid_ic_seq_0552_80,OPEN PAD WINDOW LITHO,PAD WINDOW LITHO,DEVELOP PAD WINDOW,OPEN BOND PAD WINDOW,OPEN PAD WINDOW
valid_ic_seq_0553_60,STRIP PHOTORESIST,STRIP RESIST,STRIP RESIST LEVEL 2,HARD BAKE,DEVELOP PHOTORESIST
valid_ic_seq_0553_80,OPEN BOND PAD WINDOW,OPEN PAD WINDOW,PAD WINDOW LITHO,OPEN PAD WINDOW LITHO,DEVELOP PAD WINDOW
valid_ic_seq_0554_60,MEASURE VIA CD,DEPOSIT BARRIER METAL,MEASURE SHEET RESISTANCE,DEPOSIT METAL 1,SPIN COAT PHOTORESIST
valid_ic_seq_0554_80,OPEN PAD WINDOW LITHO,PAD WINDOW LITHO,OPEN BOND PAD WINDOW,OPEN PAD WINDOW,DEVELOP PAD WINDOW
valid_ic_seq_0555_60,STRIP PHOTORESIST,STRIP RESIST,STRIP RESIST LEVEL 2,HARD BAKE,DEVELOP PHOTORESIST
valid_ic_seq_0555_80,OPEN PAD WINDOW LITHO,PAD WINDOW LITHO,DEVELOP PAD WINDOW,OPEN BOND PAD WINDOW,OPEN PAD WINDOW
valid_ic_seq_0556_60,STRIP PHOTORESIST,STRIP RESIST,STRIP RESIST LEVEL 2,HARD BAKE,DEVELOP PHOTORESIST
valid_ic_seq_0556_80,OPEN PAD WINDOW,OPEN BOND PAD WINDOW,PAD WINDOW LITHO,OPEN PAD WINDOW LITHO,DEVELOP PAD WINDOW
valid_ic_seq_0557_60,HARD BAKE,VIA ETCH,DIELECTRIC ETCH VIA,VIA ETCH THROUGH DIELECTRIC,POLYSILICON ETCH DRY
valid_ic_seq_0557_80,OPEN PAD WINDOW LITHO,PAD WINDOW LITHO,OPEN BOND PAD WINDOW,DEVELOP PAD WINDOW,OPEN PAD WINDOW
valid_ic_seq_0558_60,STRIP PHOTORESIST,STRIP RESIST,STRIP RESIST LEVEL 2,HARD BAKE,DEVELOP PHOTORESIST
valid_ic_seq_0558_80,MEASURE PASSIVATION QUALITY,MEASURE PASSIVATION THICKNESS,MEASURE FILM THICKNESS,MEASURE OXIDE THICKNESS,DEPOSIT PASSIVATION LAYER
valid_ic_seq_0559_60,STRIP RESIST,STRIP PHOTORESIST,STRIP RESIST LEVEL 2,HARD BAKE,DEVELOP PHOTORESIST
valid_ic_seq_0559_80,OPEN PAD WINDOW LITHO,PAD WINDOW LITHO,OPEN BOND PAD WINDOW,OPEN PAD WINDOW,DEVELOP PAD WINDOW
valid_ic_seq_0560_60,STRIP PHOTORESIST,STRIP RESIST,STRIP RESIST LEVEL 2,HARD BAKE,DEVELOP PHOTORESIST
valid_ic_seq_0560_80,OPEN PAD WINDOW,OPEN BOND PAD WINDOW,PAD WINDOW LITHO,OPEN PAD WINDOW LITHO,DEVELOP PAD WINDOW
valid_ic_seq_0561_60,MEASURE VIA CD,DEPOSIT BARRIER METAL,SPIN COAT PHOTORESIST,MEASURE SHEET RESISTANCE,MEASURE LINE WIDTH
valid_ic_seq_0561_80,OPEN PAD WINDOW LITHO,PAD WINDOW LITHO,DEVELOP PAD WINDOW,OPEN BOND PAD WINDOW,OPEN PAD WINDOW
valid_ic_seq_0562_60,CLEAN AFTER VIA ETCH,CLEAN AFTER ETCH,CLEAN PAD OPENING,ALIGN MASK LEVEL 3,CLEAN AFTER METAL ETCH
valid_ic_seq_0562_80,DEVELOP PHOTORESIST,DEVELOP PAD WINDOW,POST EXPOSE BAKE,OPEN PAD WINDOW LITHO,OPEN PAD WINDOW
valid_ic_seq_0563_60,CLEAN AFTER VIA ETCH,CLEAN AFTER ETCH,CLEAN AFTER METAL ETCH,CLEAN AFTER POLY ETCH,CLEAN PAD OPENING
valid_ic_seq_0563_80,PAD WINDOW LITHO,OPEN PAD WINDOW LITHO,OPEN BOND PAD WINDOW,OPEN PAD WINDOW,DEVELOP PAD WINDOW
valid_ic_seq_0564_60,CLEAN AFTER VIA ETCH,CLEAN AFTER ETCH,ALIGN MASK LEVEL 3,CLEAN PAD OPENING,CLEAN AFTER POLY ETCH
valid_ic_seq_0564_80,PAD WINDOW LITHO,OPEN PAD WINDOW LITHO,OPEN BOND PAD WINDOW,OPEN PAD WINDOW,DEVELOP PAD WINDOW
valid_ic_seq_0565_60,MEASURE VIA CD,DEPOSIT BARRIER METAL,SPIN COAT PHOTORESIST,MEASURE SHEET RESISTANCE,DEPOSIT METAL 1
valid_ic_seq_0565_80,DEVELOP PAD WINDOW,DEVELOP PHOTORESIST,POST EXPOSE BAKE,PARAMETRIC TEST,OPEN PAD WINDOW LITHO
valid_ic_seq_0566_60,MEASURE VIA CD,DEPOSIT BARRIER METAL,MEASURE SHEET RESISTANCE,DEPOSIT METAL 1,ANNEAL METAL
valid_ic_seq_0566_80,DEVELOP PHOTORESIST,DEVELOP PAD WINDOW,POST EXPOSE BAKE,OPEN PAD WINDOW LITHO,PAD WINDOW LITHO
valid_ic_seq_0567_60,MEASURE VIA CD,DEPOSIT BARRIER METAL,DEPOSIT METAL 1,MEASURE SHEET RESISTANCE,DEPOSIT TOP METAL
valid_ic_seq_0567_80,DEVELOP PHOTORESIST,DEVELOP PAD WINDOW,POST EXPOSE BAKE,PARAMETRIC TEST,OPEN PAD WINDOW LITHO
valid_ic_seq_0568_60,CLEAN AFTER VIA ETCH,CLEAN AFTER ETCH,CLEAN AFTER METAL ETCH,CLEAN AFTER POLY ETCH,DEPOSIT TUNGSTEN SEED
valid_ic_seq_0568_80,DEVELOP PAD WINDOW,DEVELOP PHOTORESIST,POST EXPOSE BAKE,OPEN PAD WINDOW LITHO,PAD WINDOW LITHO
valid_ic_seq_0569_60,CLEAN AFTER VIA ETCH,CLEAN AFTER ETCH,CLEAN AFTER METAL ETCH,DEPOSIT TUNGSTEN SEED,CLEAN PAD OPENING
valid_ic_seq_0569_80,MEASURE PASSIVATION QUALITY,MEASURE PASSIVATION THICKNESS,MEASURE FILM THICKNESS,MEASURE OXIDE THICKNESS,DEPOSIT PASSIVATION LAYER
valid_ic_seq_0570_60,HARD BAKE,VIA ETCH THROUGH DIELECTRIC,DIELECTRIC ETCH VIA,VIA ETCH,POLYSILICON ETCH DRY
valid_ic_seq_0570_80,MEASURE PASSIVATION THICKNESS,MEASURE PASSIVATION QUALITY,PASSIVATION ETCH PAD OPENING,PASSIVATION ETCH,DEPOSIT PASSIVATION LAYER
valid_ic_seq_0571_60,STRIP PHOTORESIST,STRIP RESIST,STRIP RESIST LEVEL 2,HARD BAKE,DEVELOP PHOTORESIST
valid_ic_seq_0571_80,MEASURE PASSIVATION QUALITY,MEASURE PASSIVATION THICKNESS,MEASURE FILM THICKNESS,MEASURE OXIDE THICKNESS,DEPOSIT PASSIVATION LAYER
valid_ic_seq_0572_60,STRIP PHOTORESIST,STRIP RESIST,STRIP RESIST LEVEL 2,HARD BAKE,DEVELOP PHOTORESIST
valid_ic_seq_0572_80,OPEN PAD WINDOW,OPEN BOND PAD WINDOW,PAD WINDOW LITHO,OPEN PAD WINDOW LITHO,DEVELOP PAD WINDOW
valid_ic_seq_0573_60,STRIP RESIST,STRIP PHOTORESIST,STRIP RESIST LEVEL 2,HARD BAKE,DEVELOP PHOTORESIST
valid_ic_seq_0573_80,CURE PASSIVATION,ANNEAL POLYSILICON,FILL VIA TUNGSTEN,BACKSIDE ANNEAL,ANNEAL OXIDE
valid_ic_seq_0574_60,DEPOSIT TUNGSTEN SEED,FILL VIA TUNGSTEN,ANNEAL POLYSILICON,CURE PASSIVATION,SURFACE PREP FOR DEPOSITION
valid_ic_seq_0574_80,OPEN PAD WINDOW LITHO,PAD WINDOW LITHO,OPEN BOND PAD WINDOW,OPEN PAD WINDOW,DEVELOP PAD WINDOW
valid_ic_seq_0575_60,MEASURE VIA CD,DEPOSIT BARRIER METAL,MEASURE SHEET RESISTANCE,SPIN COAT PHOTORESIST,DEPOSIT METAL 1
valid_ic_seq_0575_80,PASSIVATION ETCH PAD OPENING,PASSIVATION ETCH,SHIP LOT,PACKAGE PREPARATION,VIA ETCH THROUGH DIELECTRIC
valid_ic_seq_0576_60,DIELECTRIC ETCH VIA,VIA ETCH THROUGH DIELECTRIC,VIA ETCH,HARD BAKE,DEPOSIT INTERLAYER DIELECTRIC
valid_ic_seq_0576_80,CURE PASSIVATION,RINSE WET WAFER_EDGE,ANNEAL POLYSILICON,DRY WAFER BACKSIDE,FILL VIA TUNGSTEN
valid_ic_seq_0577_60,MEASURE VIA CD,DEPOSIT BARRIER METAL,SPIN COAT PHOTORESIST,MEASURE SHEET RESISTANCE,DEPOSIT METAL 1
valid_ic_seq_0577_80,DEVELOP PAD WINDOW,DEVELOP PHOTORESIST,POST EXPOSE BAKE,OPEN PAD WINDOW LITHO,PAD WINDOW LITHO
valid_ic_seq_0578_60,CLEAN AFTER VIA ETCH,CLEAN AFTER ETCH,CLEAN AFTER METAL ETCH,DEPOSIT TUNGSTEN SEED,CLEAN AFTER POLY ETCH
valid_ic_seq_0578_80,OPEN PAD WINDOW,OPEN BOND PAD WINDOW,PAD WINDOW LITHO,OPEN PAD WINDOW LITHO,DEVELOP PAD WINDOW
valid_ic_seq_0579_60,CLEAN AFTER VIA ETCH,CLEAN AFTER ETCH,CLEAN AFTER METAL ETCH,CLEAN PAD OPENING,CLEAN AFTER POLY ETCH
valid_ic_seq_0579_80,OPEN PAD WINDOW LITHO,PAD WINDOW LITHO,DEVELOP PAD WINDOW,OPEN BOND PAD WINDOW,OPEN PAD WINDOW
valid_ic_seq_0580_60,CLEAN AFTER VIA ETCH,CLEAN AFTER ETCH,CLEAN AFTER METAL ETCH,DEPOSIT TUNGSTEN SEED,CLEAN AFTER POLY ETCH
valid_ic_seq_0580_80,OPEN PAD WINDOW LITHO,PAD WINDOW LITHO,DEVELOP PAD WINDOW,OPEN BOND PAD WINDOW,OPEN PAD WINDOW
valid_ic_seq_0581_60,DEPOSIT TUNGSTEN SEED,FILL VIA TUNGSTEN,ANNEAL POLYSILICON,CURE PASSIVATION,BACKSIDE ANNEAL
valid_ic_seq_0581_80,DEVELOP PAD WINDOW,DEVELOP PHOTORESIST,POST EXPOSE BAKE,PARAMETRIC TEST,HARD BAKE
valid_ic_seq_0582_60,HARD BAKE,VIA ETCH,DIELECTRIC ETCH VIA,VIA ETCH THROUGH DIELECTRIC,POLYSILICON ETCH DRY
valid_ic_seq_0582_80,PAD WINDOW LITHO,OPEN PAD WINDOW LITHO,DEVELOP PAD WINDOW,OPEN BOND PAD WINDOW,OPEN PAD WINDOW
valid_ic_seq_0583_60,HARD BAKE,DIELECTRIC ETCH VIA,VIA ETCH,VIA ETCH THROUGH DIELECTRIC,POLYSILICON ETCH DRY
valid_ic_seq_0583_80,MEASURE PASSIVATION QUALITY,MEASURE PASSIVATION THICKNESS,MEASURE FILM THICKNESS,MEASURE OXIDE THICKNESS,DEPOSIT PASSIVATION LAYER
valid_ic_seq_0584_60,CLEAN AFTER VIA ETCH,CLEAN AFTER ETCH,CLEAN PAD OPENING,CLEAN AFTER METAL ETCH,CLEAN AFTER POLY ETCH
valid_ic_seq_0584_80,DEVELOP PHOTORESIST,DEVELOP PAD WINDOW,POST EXPOSE BAKE,OPEN PAD WINDOW LITHO,PAD WINDOW LITHO
valid_ic_seq_0585_60,DEPOSIT TUNGSTEN SEED,FILL VIA TUNGSTEN,ANNEAL POLYSILICON,SURFACE PREP FOR DEPOSITION,RINSE WET WAFER_EDGE
valid_ic_seq_0585_80,PASSIVATION ETCH,PASSIVATION ETCH PAD OPENING,MEASURE PASSIVATION THICKNESS,MEASURE PASSIVATION QUALITY,SHIP LOT
valid_ic_seq_0586_60,MEASURE VIA CD,DEPOSIT BARRIER METAL,MEASURE SHEET RESISTANCE,DEPOSIT METAL 1,MEASURE CD LEVEL 1
valid_ic_seq_0586_80,DEVELOP PHOTORESIST,DEVELOP PAD WINDOW,POST EXPOSE BAKE,PARAMETRIC TEST,OPEN PAD WINDOW LITHO
valid_ic_seq_0587_60,DEPOSIT BARRIER METAL,MEASURE VIA CD,IMPLANT N-TYPE,DEPOSIT POLYSILICON,DEPOSIT PASSIVATION
valid_ic_seq_0587_80,PAD WINDOW LITHO,OPEN PAD WINDOW LITHO,DEVELOP PAD WINDOW,OPEN BOND PAD WINDOW,OPEN PAD WINDOW
valid_ic_seq_0588_60,MEASURE VIA CD,DEPOSIT BARRIER METAL,MEASURE SHEET RESISTANCE,SPIN COAT PHOTORESIST,DEPOSIT METAL 1
valid_ic_seq_0588_80,OPEN PAD WINDOW LITHO,PAD WINDOW LITHO,DEVELOP PAD WINDOW,OPEN BOND PAD WINDOW,OPEN PAD WINDOW
valid_ic_seq_0589_60,STRIP PHOTORESIST,STRIP RESIST,STRIP RESIST LEVEL 2,HARD BAKE,DEVELOP PHOTORESIST
valid_ic_seq_0589_80,OPEN PAD WINDOW,OPEN BOND PAD WINDOW,PAD WINDOW LITHO,OPEN PAD WINDOW LITHO,DEVELOP PAD WINDOW
valid_ic_seq_0590_60,CLEAN AFTER VIA ETCH,CLEAN AFTER ETCH,CLEAN PAD OPENING,CLEAN AFTER METAL ETCH,DEPOSIT TUNGSTEN SEED
valid_ic_seq_0590_80,DEVELOP PHOTORESIST,DEVELOP PAD WINDOW,POST EXPOSE BAKE,OPEN PAD WINDOW LITHO,PAD WINDOW LITHO
valid_ic_seq_0591_60,MEASURE VIA CD,DEPOSIT BARRIER METAL,SPIN COAT PHOTORESIST,MEASURE SHEET RESISTANCE,MEASURE METAL THICKNESS
valid_ic_seq_0591_80,DEVELOP PAD WINDOW,DEVELOP PHOTORESIST,POST EXPOSE BAKE,OPEN PAD WINDOW LITHO,PAD WINDOW LITHO
valid_ic_seq_0592_60,STRIP PHOTORESIST,STRIP RESIST,STRIP RESIST LEVEL 2,HARD BAKE,DEVELOP PHOTORESIST
valid_ic_seq_0592_80,DEVELOP PAD WINDOW,DEVELOP PHOTORESIST,POST EXPOSE BAKE,OPEN PAD WINDOW LITHO,PARAMETRIC TEST
valid_ic_seq_0593_60,STRIP RESIST,STRIP PHOTORESIST,STRIP RESIST LEVEL 2,HARD BAKE,DEVELOP PHOTORESIST
valid_ic_seq_0593_80,OPEN PAD WINDOW,OPEN BOND PAD WINDOW,PAD WINDOW LITHO,OPEN PAD WINDOW LITHO,DEVELOP PAD WINDOW
valid_ic_seq_0594_60,HARD BAKE,DIELECTRIC ETCH VIA,VIA ETCH,VIA ETCH THROUGH DIELECTRIC,POLYSILICON ETCH DRY
valid_ic_seq_0594_80,OPEN PAD WINDOW,OPEN BOND PAD WINDOW,PAD WINDOW LITHO,OPEN PAD WINDOW LITHO,DEVELOP PAD WINDOW
valid_ic_seq_0595_60,HARD BAKE,VIA ETCH THROUGH DIELECTRIC,DIELECTRIC ETCH VIA,VIA ETCH,POLYSILICON ETCH DRY
valid_ic_seq_0595_80,OPEN BOND PAD WINDOW,OPEN PAD WINDOW,PAD WINDOW LITHO,OPEN PAD WINDOW LITHO,DEVELOP PAD WINDOW
valid_ic_seq_0596_60,CLEAN AFTER VIA ETCH,CLEAN AFTER ETCH,CLEAN AFTER METAL ETCH,DEPOSIT TUNGSTEN SEED,CLEAN PAD OPENING
valid_ic_seq_0596_80,OPEN PAD WINDOW LITHO,PAD WINDOW LITHO,DEVELOP PAD WINDOW,OPEN BOND PAD WINDOW,OPEN PAD WINDOW
valid_ic_seq_0597_60,MEASURE VIA CD,DEPOSIT BARRIER METAL,MEASURE CD LEVEL 1,DEPOSIT POLYSILICON,DEPOSIT METAL 1
valid_ic_seq_0597_80,DEVELOP PHOTORESIST,DEVELOP PAD WINDOW,POST EXPOSE BAKE,PARAMETRIC TEST,OPEN PAD WINDOW LITHO
valid_ic_seq_0598_60,HARD BAKE,VIA ETCH,VIA ETCH THROUGH DIELECTRIC,DIELECTRIC ETCH VIA,POLYSILICON ETCH DRY
valid_ic_seq_0598_80,MEASURE PASSIVATION QUALITY,MEASURE PASSIVATION THICKNESS,MEASURE FILM THICKNESS,MEASURE OXIDE THICKNESS,DEPOSIT PASSIVATION LAYER
valid_ic_seq_0599_60,MEASURE VIA CD,DEPOSIT BARRIER METAL,MEASURE SHEET RESISTANCE,ANNEAL METAL,DEPOSIT METAL 1
valid_ic_seq_0599_80,DEVELOP PHOTORESIST,DEVELOP PAD WINDOW,POST EXPOSE BAKE,OPEN PAD WINDOW LITHO,PAD WINDOW LITHO
valid_ic_seq_0600_60,STRIP PHOTORESIST,STRIP RESIST,STRIP RESIST LEVEL 2,HARD BAKE,DEVELOP PHOTORESIST
valid_ic_seq_0600_80,OPEN PAD WINDOW,OPEN BOND PAD WINDOW,PAD WINDOW LITHO,OPEN PAD WINDOW LITHO,MEASURE SHEET RESISTANCE
valid_ic_seq_0601_60,MEASURE VIA CD,DEPOSIT BARRIER METAL,MEASURE SHEET RESISTANCE,DEPOSIT METAL 1,MEASURE VIA RESISTANCE
valid_ic_seq_0601_80,OPEN PAD WINDOW,OPEN BOND PAD WINDOW,PAD WINDOW LITHO,OPEN PAD WINDOW LITHO,PASSIVATION ETCH PAD OPENING
valid_ic_seq_0602_60,STRIP PHOTORESIST,STRIP RESIST,STRIP RESIST LEVEL 2,HARD BAKE,DEVELOP PHOTORESIST
valid_ic_seq_0602_80,MEASURE PASSIVATION QUALITY,MEASURE PASSIVATION THICKNESS,MEASURE FILM THICKNESS,MEASURE OXIDE THICKNESS,DEPOSIT PASSIVATION LAYER
valid_ic_seq_0603_60,DEPOSIT BARRIER METAL,MEASURE VIA CD,IMPLANT N-TYPE,DEPOSIT POLYSILICON,DEPOSIT PASSIVATION
valid_ic_seq_0603_80,PASSIVATION ETCH PAD OPENING,PASSIVATION ETCH,VIA ETCH THROUGH DIELECTRIC,VIA ETCH,DIELECTRIC ETCH VIA
valid_ic_seq_0604_60,HARD BAKE,DIELECTRIC ETCH VIA,VIA ETCH THROUGH DIELECTRIC,VIA ETCH,POLYSILICON ETCH DRY
valid_ic_seq_0604_80,CURE PASSIVATION,ANNEAL POLYSILICON,RINSE WET WAFER_EDGE,BACKSIDE ANNEAL,DRY WAFER BACKSIDE
valid_ic_seq_0605_60,DEPOSIT BARRIER METAL,MEASURE VIA CD,IMPLANT N-TYPE,DEPOSIT POLYSILICON,DEPOSIT INTERLAYER DIELECTRIC
valid_ic_seq_0605_80,PASSIVATION ETCH PAD OPENING,PASSIVATION ETCH,SWITCHING TEST,THRESHOLD VOLTAGE TEST,DEVELOP PAD WINDOW
valid_ic_seq_0606_60,CLEAN AFTER VIA ETCH,CLEAN AFTER ETCH,CLEAN AFTER METAL ETCH,CLEAN PAD OPENING,CLEAN AFTER POLY ETCH
valid_ic_seq_0606_80,OPEN PAD WINDOW,OPEN BOND PAD WINDOW,PAD WINDOW LITHO,OPEN PAD WINDOW LITHO,FRONTSIDE CLEAN
valid_ic_seq_0607_60,CLEAN AFTER VIA ETCH,CLEAN AFTER ETCH,DEPOSIT TUNGSTEN SEED,CLEAN AFTER METAL ETCH,CLEAN AFTER POLY ETCH
valid_ic_seq_0607_80,DEVELOP PHOTORESIST,DEVELOP PAD WINDOW,POST EXPOSE BAKE,OPEN PAD WINDOW LITHO,PAD WINDOW LITHO
valid_ic_seq_0608_60,STRIP PHOTORESIST,STRIP RESIST,STRIP RESIST LEVEL 2,HARD BAKE,DEVELOP PHOTORESIST
valid_ic_seq_0608_80,OPEN PAD WINDOW LITHO,PAD WINDOW LITHO,DEVELOP PAD WINDOW,OPEN BOND PAD WINDOW,OPEN PAD WINDOW
valid_ic_seq_0609_60,MEASURE VIA CD,DEPOSIT BARRIER METAL,SPIN COAT PHOTORESIST,MEASURE SHEET RESISTANCE,DEPOSIT METAL 1
valid_ic_seq_0609_80,DEVELOP PHOTORESIST,DEVELOP PAD WINDOW,POST EXPOSE BAKE,OPEN PAD WINDOW LITHO,PARAMETRIC TEST
valid_ic_seq_0610_60,DEPOSIT TUNGSTEN SEED,FILL VIA TUNGSTEN,ANNEAL POLYSILICON,RINSE WET WAFER_EDGE,CURE PASSIVATION
valid_ic_seq_0610_80,DEVELOP PHOTORESIST,DEVELOP PAD WINDOW,POST EXPOSE BAKE,OPEN PAD WINDOW LITHO,PAD WINDOW LITHO
valid_ic_seq_0611_60,STRIP PHOTORESIST,STRIP RESIST,STRIP RESIST LEVEL 2,HARD BAKE,DEVELOP PHOTORESIST
valid_ic_seq_0611_80,OPEN PAD WINDOW,OPEN BOND PAD WINDOW,PAD WINDOW LITHO,OPEN PAD WINDOW LITHO,FINAL LOT RELEASE
valid_ic_seq_0612_60,CLEAN AFTER VIA ETCH,CLEAN AFTER ETCH,ALIGN MASK LEVEL 3,CLEAN PAD OPENING,DEPOSIT TUNGSTEN SEED
valid_ic_seq_0612_80,PAD WINDOW LITHO,OPEN PAD WINDOW LITHO,OPEN BOND PAD WINDOW,OPEN PAD WINDOW,DEVELOP PAD WINDOW
valid_ic_seq_0613_60,MEASURE VIA CD,DEPOSIT BARRIER METAL,MEASURE SHEET RESISTANCE,DEPOSIT METAL 1,MEASURE VIA RESISTANCE
valid_ic_seq_0613_80,OPEN PAD WINDOW LITHO,PAD WINDOW LITHO,DEVELOP PAD WINDOW,OPEN BOND PAD WINDOW,OPEN PAD WINDOW
valid_ic_seq_0614_60,MEASURE VIA CD,DEPOSIT BARRIER METAL,SPIN COAT PHOTORESIST,MEASURE SHEET RESISTANCE,DEPOSIT METAL 1
valid_ic_seq_0614_80,OPEN PAD WINDOW LITHO,PAD WINDOW LITHO,DEVELOP PAD WINDOW,OPEN BOND PAD WINDOW,OPEN PAD WINDOW
valid_ic_seq_0615_60,MEASURE VIA CD,DEPOSIT BARRIER METAL,SPIN COAT PHOTORESIST,MEASURE SHEET RESISTANCE,MEASURE METAL THICKNESS
valid_ic_seq_0615_80,DEVELOP PAD WINDOW,DEVELOP PHOTORESIST,POST EXPOSE BAKE,OPEN PAD WINDOW LITHO,PARAMETRIC TEST
valid_ic_seq_0616_60,VIA ETCH THROUGH DIELECTRIC,VIA ETCH,DIELECTRIC ETCH VIA,HARD BAKE,DEPOSIT INTERLEVEL DIELECTRIC
valid_ic_seq_0616_80,MEASURE PASSIVATION THICKNESS,MEASURE PASSIVATION QUALITY,MEASURE FILM THICKNESS,DEPOSIT PASSIVATION LAYER,MEASURE OXIDE THICKNESS
valid_ic_seq_0617_60,VIA ETCH THROUGH DIELECTRIC,VIA ETCH,DIELECTRIC ETCH VIA,HARD BAKE,DEPOSIT INTERLEVEL DIELECTRIC
valid_ic_seq_0617_80,MEASURE PASSIVATION QUALITY,MEASURE PASSIVATION THICKNESS,MEASURE FILM THICKNESS,MEASURE OXIDE THICKNESS,DEPOSIT PASSIVATION LAYER
valid_ic_seq_0618_60,MEASURE VIA CD,DEPOSIT BARRIER METAL,MEASURE VIA RESISTANCE,DEPOSIT METAL 1,SPIN COAT PHOTORESIST
valid_ic_seq_0618_80,DEVELOP PAD WINDOW,DEVELOP PHOTORESIST,POST EXPOSE BAKE,OPEN PAD WINDOW LITHO,PARAMETRIC TEST
valid_ic_seq_0619_60,MEASURE VIA CD,DEPOSIT BARRIER METAL,SPIN COAT PHOTORESIST,MEASURE SHEET RESISTANCE,MEASURE CD LEVEL 1
valid_ic_seq_0619_80,DEVELOP PHOTORESIST,DEVELOP PAD WINDOW,POST EXPOSE BAKE,OPEN PAD WINDOW LITHO,PAD WINDOW LITHO
valid_ic_seq_0620_60,MEASURE VIA CD,DEPOSIT BARRIER METAL,DEPOSIT METAL 1,MEASURE SHEET RESISTANCE,SPIN COAT PHOTORESIST
valid_ic_seq_0620_80,DEVELOP PAD WINDOW,DEVELOP PHOTORESIST,POST EXPOSE BAKE,PARAMETRIC TEST,OPEN PAD WINDOW LITHO
valid_ic_seq_0621_60,CLEAN AFTER VIA ETCH,DEPOSIT TUNGSTEN SEED,ALIGN MASK LEVEL 3,CLEAN AFTER ETCH,CLEAN PAD OPENING
valid_ic_seq_0621_80,MEASURE PASSIVATION QUALITY,MEASURE PASSIVATION THICKNESS,MEASURE FILM THICKNESS,MEASURE OXIDE THICKNESS,DEPOSIT PASSIVATION LAYER
valid_ic_seq_0622_60,MEASURE VIA CD,DEPOSIT BARRIER METAL,MEASURE SHEET RESISTANCE,DEPOSIT INTERLAYER DIELECTRIC,DEPOSIT INTERLEVEL DIELECTRIC
valid_ic_seq_0622_80,PAD WINDOW LITHO,OPEN PAD WINDOW LITHO,OPEN BOND PAD WINDOW,OPEN PAD WINDOW,DEVELOP PAD WINDOW
valid_ic_seq_0623_60,STRIP PHOTORESIST,STRIP RESIST,STRIP RESIST LEVEL 2,HARD BAKE,DEVELOP PHOTORESIST
valid_ic_seq_0623_80,MEASURE PASSIVATION QUALITY,MEASURE PASSIVATION THICKNESS,MEASURE FILM THICKNESS,MEASURE OXIDE THICKNESS,DEPOSIT PASSIVATION LAYER
valid_ic_seq_0624_60,MEASURE VIA CD,DEPOSIT BARRIER METAL,DEPOSIT METAL 1,MEASURE SHEET RESISTANCE,DEPOSIT TOP METAL
valid_ic_seq_0624_80,PAD WINDOW LITHO,OPEN PAD WINDOW LITHO,OPEN BOND PAD WINDOW,DEVELOP PAD WINDOW,OPEN PAD WINDOW
valid_ic_seq_0625_60,MEASURE VIA CD,DEPOSIT BARRIER METAL,SPIN COAT PHOTORESIST,MEASURE SHEET RESISTANCE,MEASURE CD LEVEL 1
valid_ic_seq_0625_80,OPEN PAD WINDOW LITHO,PAD WINDOW LITHO,DEVELOP PAD WINDOW,OPEN BOND PAD WINDOW,OPEN PAD WINDOW
valid_ic_seq_0626_60,CLEAN AFTER VIA ETCH,CLEAN AFTER ETCH,DEPOSIT TUNGSTEN SEED,CLEAN AFTER POLY ETCH,CLEAN AFTER METAL ETCH
valid_ic_seq_0626_80,DEVELOP PAD WINDOW,DEVELOP PHOTORESIST,POST EXPOSE BAKE,OPEN PAD WINDOW LITHO,PARAMETRIC TEST
valid_ic_seq_0627_60,CLEAN AFTER VIA ETCH,CLEAN AFTER ETCH,DEPOSIT TUNGSTEN SEED,ALIGN MASK LEVEL 3,CLEAN AFTER METAL ETCH
valid_ic_seq_0627_80,MEASURE PASSIVATION QUALITY,MEASURE PASSIVATION THICKNESS,MEASURE FILM THICKNESS,MEASURE OXIDE THICKNESS,PASSIVATION ETCH
valid_ic_seq_0628_60,CLEAN AFTER VIA ETCH,CLEAN AFTER ETCH,CLEAN PAD OPENING,CLEAN AFTER METAL ETCH,DEPOSIT TUNGSTEN SEED
valid_ic_seq_0628_80,OPEN PAD WINDOW LITHO,PAD WINDOW LITHO,DEVELOP PAD WINDOW,OPEN BOND PAD WINDOW,OPEN PAD WINDOW
valid_ic_seq_0629_60,HARD BAKE,DIELECTRIC ETCH VIA,VIA ETCH,VIA ETCH THROUGH DIELECTRIC,POLYSILICON ETCH DRY
valid_ic_seq_0629_80,OPEN PAD WINDOW,OPEN BOND PAD WINDOW,PAD WINDOW LITHO,OPEN PAD WINDOW LITHO,DEVELOP PAD WINDOW
valid_ic_seq_0630_60,DEPOSIT BARRIER METAL,MEASURE VIA CD,IMPLANT N-TYPE,DEPOSIT POLYSILICON,DEPOSIT INTERLAYER DIELECTRIC
valid_ic_seq_0630_80,OPEN PAD WINDOW LITHO,PAD WINDOW LITHO,DEVELOP PAD WINDOW,OPEN BOND PAD WINDOW,OPEN PAD WINDOW
valid_ic_seq_0631_60,DEPOSIT TUNGSTEN SEED,FILL VIA TUNGSTEN,SURFACE PREP FOR DEPOSITION,ANNEAL POLYSILICON,DEPOSIT PAD OXIDE
valid_ic_seq_0631_80,DEVELOP PHOTORESIST,DEVELOP PAD WINDOW,POST EXPOSE BAKE,PARAMETRIC TEST,OPEN PAD WINDOW LITHO
valid_ic_seq_0632_60,MEASURE VIA CD,DEPOSIT BARRIER METAL,MEASURE SHEET RESISTANCE,SPIN COAT PHOTORESIST,MEASURE METAL THICKNESS
valid_ic_seq_0632_80,PAD WINDOW LITHO,OPEN PAD WINDOW LITHO,DEVELOP PAD WINDOW,OPEN BOND PAD WINDOW,OPEN PAD WINDOW
valid_ic_seq_0633_60,MEASURE VIA CD,DEPOSIT BARRIER METAL,DEPOSIT METAL 1,MEASURE VIA RESISTANCE,DEPOSIT TOP METAL
valid_ic_seq_0633_80,OPEN PAD WINDOW LITHO,PAD WINDOW LITHO,OPEN BOND PAD WINDOW,DEVELOP PAD WINDOW,OPEN PAD WINDOW
valid_ic_seq_0634_60,CLEAN AFTER VIA ETCH,CLEAN AFTER ETCH,CLEAN AFTER METAL ETCH,CLEAN AFTER POLY ETCH,CLEAN PAD OPENING
valid_ic_seq_0634_80,OPEN PAD WINDOW LITHO,PAD WINDOW LITHO,DEVELOP PAD WINDOW,OPEN BOND PAD WINDOW,OPEN PAD WINDOW
valid_ic_seq_0635_60,MEASURE VIA CD,DEPOSIT BARRIER METAL,SPIN COAT PHOTORESIST,MEASURE SHEET RESISTANCE,DEPOSIT METAL 1
valid_ic_seq_0635_80,PASSIVATION ETCH,PASSIVATION ETCH PAD OPENING,MEASURE PASSIVATION THICKNESS,MEASURE PASSIVATION QUALITY,VIA ETCH THROUGH DIELECTRIC
valid_ic_seq_0636_60,VIA INSPECTION,VIA OPENING INSPECTION,PRE CLEAN INSPECTION,INITIAL WAFER INSPECTION,FINAL CD INSPECTION
valid_ic_seq_0636_80,DEPOSIT PASSIVATION LAYER,DEPOSIT PASSIVATION,MEASURE LINE WIDTH,DEPOSIT POLYSILICON,DEPOSIT BARRIER METAL
valid_ic_seq_0637_60,CLEAN AFTER VIA ETCH,CLEAN AFTER ETCH,DEPOSIT TUNGSTEN SEED,CLEAN AFTER METAL ETCH,CLEAN PAD OPENING
valid_ic_seq_0637_80,OPEN PAD WINDOW LITHO,PAD WINDOW LITHO,OPEN BOND PAD WINDOW,OPEN PAD WINDOW,DEVELOP PAD WINDOW
valid_ic_seq_0638_60,MEASURE VIA CD,DEPOSIT BARRIER METAL,SPIN COAT PHOTORESIST,MEASURE SHEET RESISTANCE,DEPOSIT METAL 1
valid_ic_seq_0638_80,OPEN PAD WINDOW LITHO,PAD WINDOW LITHO,OPEN BOND PAD WINDOW,OPEN PAD WINDOW,DEVELOP PAD WINDOW
valid_ic_seq_0639_60,MEASURE VIA CD,DEPOSIT BARRIER METAL,SPIN COAT PHOTORESIST,MEASURE SHEET RESISTANCE,DEPOSIT METAL 1
valid_ic_seq_0639_80,DEVELOP PHOTORESIST,DEVELOP PAD WINDOW,POST EXPOSE BAKE,OPEN PAD WINDOW LITHO,PAD WINDOW LITHO
valid_ic_seq_0640_60,CLEAN AFTER VIA ETCH,DEPOSIT TUNGSTEN SEED,ALIGN MASK LEVEL 3,CLEAN AFTER ETCH,CLEAN AFTER METAL ETCH
valid_ic_seq_0640_80,MEASURE PASSIVATION QUALITY,MEASURE PASSIVATION THICKNESS,MEASURE FILM THICKNESS,MEASURE OXIDE THICKNESS,DEPOSIT PASSIVATION LAYER
valid_ic_seq_0641_60,CLEAN AFTER VIA ETCH,CLEAN AFTER ETCH,CLEAN AFTER METAL ETCH,CLEAN PAD OPENING,CLEAN AFTER POLY ETCH
valid_ic_seq_0641_80,DEVELOP PHOTORESIST,DEVELOP PAD WINDOW,POST EXPOSE BAKE,OPEN PAD WINDOW LITHO,PAD WINDOW LITHO
valid_ic_seq_0642_60,VIA ETCH,HARD BAKE,DIELECTRIC ETCH VIA,VIA ETCH THROUGH DIELECTRIC,POLYSILICON ETCH DRY
valid_ic_seq_0642_80,OPEN PAD WINDOW,OPEN BOND PAD WINDOW,PAD WINDOW LITHO,OPEN PAD WINDOW LITHO,MEASURE SHEET RESISTANCE
valid_ic_seq_0643_60,STRIP PHOTORESIST,STRIP RESIST,STRIP RESIST LEVEL 2,HARD BAKE,DEVELOP PHOTORESIST
valid_ic_seq_0643_80,OPEN PAD WINDOW LITHO,PAD WINDOW LITHO,DEVELOP PAD WINDOW,OPEN BOND PAD WINDOW,OPEN PAD WINDOW
valid_ic_seq_0644_60,DEPOSIT BARRIER METAL,MEASURE VIA CD,IMPLANT N-TYPE,DEPOSIT POLYSILICON,DEPOSIT PASSIVATION
valid_ic_seq_0644_80,DEVELOP PAD WINDOW,DEVELOP PHOTORESIST,POST EXPOSE BAKE,PARAMETRIC TEST,THRESHOLD VOLTAGE TEST
valid_ic_seq_0645_60,CLEAN AFTER VIA ETCH,CLEAN AFTER ETCH,CLEAN PAD OPENING,CLEAN AFTER METAL ETCH,RCA CLEAN 2
valid_ic_seq_0645_80,OPEN BOND PAD WINDOW,OPEN PAD WINDOW,PAD WINDOW LITHO,OPEN PAD WINDOW LITHO,PASSIVATION ETCH PAD OPENING
valid_ic_seq_0646_60,CLEAN AFTER VIA ETCH,CLEAN AFTER ETCH,CLEAN PAD OPENING,CLEAN AFTER METAL ETCH,RCA CLEAN 2
valid_ic_seq_0646_80,OPEN BOND PAD WINDOW,OPEN PAD WINDOW,PAD WINDOW LITHO,OPEN PAD WINDOW LITHO,PASSIVATION ETCH PAD OPENING
valid_ic_seq_0647_60,STRIP PHOTORESIST,STRIP RESIST,STRIP RESIST LEVEL 2,HARD BAKE,DEVELOP PHOTORESIST
valid_ic_seq_0647_80,MEASURE PASSIVATION THICKNESS,MEASURE PASSIVATION QUALITY,PASSIVATION ETCH,PASSIVATION ETCH PAD OPENING,MEASURE FILM THICKNESS
valid_ic_seq_0648_60,CLEAN AFTER VIA ETCH,CLEAN AFTER ETCH,CLEAN AFTER METAL ETCH,CLEAN PAD OPENING,RCA CLEAN 2
valid_ic_seq_0648_80,OPEN PAD WINDOW,OPEN BOND PAD WINDOW,PAD WINDOW LITHO,OPEN PAD WINDOW LITHO,DEVELOP PAD WINDOW
valid_ic_seq_0649_60,HARD BAKE,VIA ETCH THROUGH DIELECTRIC,DIELECTRIC ETCH VIA,VIA ETCH,POLYSILICON ETCH DRY
valid_ic_seq_0649_80,OPEN PAD WINDOW,OPEN BOND PAD WINDOW,PAD WINDOW LITHO,OPEN PAD WINDOW LITHO,DEVELOP PAD WINDOW
valid_ic_seq_0650_60,VIA INSPECTION,VIA OPENING INSPECTION,PRE CLEAN INSPECTION,INITIAL WAFER INSPECTION,FINAL CD INSPECTION
valid_ic_seq_0650_80,MEASURE PASSIVATION QUALITY,MEASURE PASSIVATION THICKNESS,MEASURE FILM THICKNESS,MEASURE OXIDE THICKNESS,DEPOSIT PASSIVATION LAYER
valid_ic_seq_0651_60,STRIP PHOTORESIST,STRIP RESIST,STRIP RESIST LEVEL 2,HARD BAKE,DEVELOP PHOTORESIST
valid_ic_seq_0651_80,OPEN PAD WINDOW,OPEN BOND PAD WINDOW,PAD WINDOW LITHO,OPEN PAD WINDOW LITHO,DEVELOP PAD WINDOW
valid_ic_seq_0652_60,STRIP PHOTORESIST,STRIP RESIST,STRIP RESIST LEVEL 2,HARD BAKE,DEVELOP PHOTORESIST
valid_ic_seq_0652_80,OPEN PAD WINDOW,OPEN BOND PAD WINDOW,PAD WINDOW LITHO,OPEN PAD WINDOW LITHO,DEVELOP PAD WINDOW
valid_ic_seq_0653_60,CLEAN AFTER VIA ETCH,CLEAN AFTER ETCH,DEPOSIT TUNGSTEN SEED,CLEAN AFTER METAL ETCH,CLEAN AFTER POLY ETCH
valid_ic_seq_0653_80,DEVELOP PAD WINDOW,DEVELOP PHOTORESIST,POST EXPOSE BAKE,PARAMETRIC TEST,OPEN PAD WINDOW LITHO
valid_ic_seq_0654_60,STRIP RESIST,STRIP PHOTORESIST,STRIP RESIST LEVEL 2,HARD BAKE,DEVELOP PHOTORESIST
valid_ic_seq_0654_80,OPEN BOND PAD WINDOW,OPEN PAD WINDOW,PAD WINDOW LITHO,OPEN PAD WINDOW LITHO,PASSIVATION ETCH PAD OPENING
valid_ic_seq_0655_60,DEPOSIT BARRIER METAL,MEASURE VIA CD,DEPOSIT POLYSILICON,DEPOSIT PASSIVATION,IMPLANT N-TYPE
valid_ic_seq_0655_80,DEVELOP PAD WINDOW,DEVELOP PHOTORESIST,POST EXPOSE BAKE,PARAMETRIC TEST,THRESHOLD VOLTAGE TEST
valid_ic_seq_0656_60,MEASURE VIA CD,DEPOSIT BARRIER METAL,DEPOSIT METAL 1,MEASURE VIA RESISTANCE,DEPOSIT TOP METAL
valid_ic_seq_0656_80,DEVELOP PAD WINDOW,DEVELOP PHOTORESIST,POST EXPOSE BAKE,PARAMETRIC TEST,OPEN PAD WINDOW LITHO
valid_ic_seq_0657_60,CLEAN AFTER VIA ETCH,CLEAN AFTER ETCH,CLEAN AFTER METAL ETCH,CLEAN PAD OPENING,CLEAN AFTER POLY ETCH
valid_ic_seq_0657_80,OPEN PAD WINDOW LITHO,PAD WINDOW LITHO,DEVELOP PAD WINDOW,OPEN BOND PAD WINDOW,OPEN PAD WINDOW
valid_ic_seq_0658_60,MEASURE VIA CD,DEPOSIT BARRIER METAL,DEPOSIT METAL 1,SPIN COAT PHOTORESIST,DEPOSIT TOP METAL
valid_ic_seq_0658_80,DEVELOP PHOTORESIST,DEVELOP PAD WINDOW,POST EXPOSE BAKE,OPEN PAD WINDOW LITHO,PAD WINDOW LITHO
valid_ic_seq_0659_60,DEPOSIT BARRIER METAL,MEASURE VIA CD,IMPLANT N-TYPE,DEPOSIT POLYSILICON,DEPOSIT PASSIVATION
valid_ic_seq_0659_80,DEVELOP PHOTORESIST,DEVELOP PAD WINDOW,POST EXPOSE BAKE,OPEN PAD WINDOW LITHO,PAD WINDOW LITHO
valid_ic_seq_0660_60,CLEAN AFTER VIA ETCH,CLEAN AFTER ETCH,CLEAN AFTER METAL ETCH,CLEAN PAD OPENING,CLEAN AFTER POLY ETCH
valid_ic_seq_0660_80,DEVELOP PHOTORESIST,DEVELOP PAD WINDOW,POST EXPOSE BAKE,OPEN PAD WINDOW LITHO,PAD WINDOW LITHO
valid_ic_seq_0661_60,STRIP PHOTORESIST,STRIP RESIST,STRIP RESIST LEVEL 2,HARD BAKE,DEVELOP PHOTORESIST
valid_ic_seq_0661_80,PAD WINDOW LITHO,OPEN PAD WINDOW LITHO,DEVELOP PAD WINDOW,OPEN BOND PAD WINDOW,OPEN PAD WINDOW
valid_ic_seq_0662_60,STRIP RESIST,STRIP PHOTORESIST,STRIP RESIST LEVEL 2,HARD BAKE,DEVELOP PHOTORESIST
valid_ic_seq_0662_80,OPEN BOND PAD WINDOW,OPEN PAD WINDOW,PAD WINDOW LITHO,OPEN PAD WINDOW LITHO,MEASURE SHEET RESISTANCE
valid_ic_seq_0663_60,CLEAN AFTER VIA ETCH,DEPOSIT TUNGSTEN SEED,ALIGN MASK LEVEL 3,CLEAN AFTER ETCH,CLEAN PAD OPENING
valid_ic_seq_0663_80,PAD WINDOW LITHO,OPEN PAD WINDOW LITHO,OPEN BOND PAD WINDOW,OPEN PAD WINDOW,DEVELOP PAD WINDOW
valid_ic_seq_0664_60,CLEAN AFTER VIA ETCH,CLEAN AFTER ETCH,CLEAN AFTER METAL ETCH,CLEAN PAD OPENING,DEPOSIT TUNGSTEN SEED
valid_ic_seq_0664_80,DEVELOP PHOTORESIST,DEVELOP PAD WINDOW,POST EXPOSE BAKE,STRIP RESIST,OPEN PAD WINDOW LITHO
valid_ic_seq_0665_60,DEPOSIT BARRIER METAL,MEASURE VIA CD,DEPOSIT POLYSILICON,IMPLANT N-TYPE,DEPOSIT PASSIVATION
valid_ic_seq_0665_80,PAD WINDOW LITHO,OPEN PAD WINDOW LITHO,OPEN BOND PAD WINDOW,OPEN PAD WINDOW,DEVELOP PAD WINDOW
valid_ic_seq_0666_60,CLEAN AFTER VIA ETCH,DEPOSIT TUNGSTEN SEED,CLEAN AFTER ETCH,ALIGN MASK LEVEL 3,CLEAN AFTER METAL ETCH
valid_ic_seq_0666_80,DEVELOP PAD WINDOW,DEVELOP PHOTORESIST,POST EXPOSE BAKE,PARAMETRIC TEST,OPEN PAD WINDOW LITHO
valid_ic_seq_0667_60,VIA ETCH,VIA ETCH THROUGH DIELECTRIC,DIELECTRIC ETCH VIA,HARD BAKE,DEPOSIT INTERLEVEL DIELECTRIC
valid_ic_seq_0667_80,MEASURE PASSIVATION THICKNESS,MEASURE PASSIVATION QUALITY,MEASURE FILM THICKNESS,MEASURE OXIDE THICKNESS,PASSIVATION ETCH PAD OPENING
valid_ic_seq_0668_60,STRIP PHOTORESIST,STRIP RESIST,STRIP RESIST LEVEL 2,HARD BAKE,DEVELOP PHOTORESIST
valid_ic_seq_0668_80,OPEN PAD WINDOW LITHO,PAD WINDOW LITHO,DEVELOP PAD WINDOW,OPEN BOND PAD WINDOW,OPEN PAD WINDOW
valid_ic_seq_0669_60,CLEAN AFTER VIA ETCH,ALIGN MASK LEVEL 3,DEPOSIT TUNGSTEN SEED,CLEAN AFTER ETCH,CLEAN AFTER METAL ETCH
valid_ic_seq_0669_80,PASSIVATION ETCH PAD OPENING,PASSIVATION ETCH,VIA ETCH THROUGH DIELECTRIC,VIA ETCH,DIELECTRIC ETCH VIA
valid_ic_seq_0670_60,DEPOSIT TUNGSTEN SEED,FILL VIA TUNGSTEN,ANNEAL POLYSILICON,CURE PASSIVATION,RINSE WET WAFER_EDGE
valid_ic_seq_0670_80,PASSIVATION ETCH PAD OPENING,PASSIVATION ETCH,VIA ETCH THROUGH DIELECTRIC,VIA ETCH,DIELECTRIC ETCH VIA
valid_ic_seq_0671_60,CLEAN AFTER VIA ETCH,CLEAN AFTER ETCH,CLEAN PAD OPENING,CLEAN AFTER METAL ETCH,RCA CLEAN 2
valid_ic_seq_0671_80,DEVELOP PHOTORESIST,DEVELOP PAD WINDOW,POST EXPOSE BAKE,OPEN PAD WINDOW LITHO,PAD WINDOW LITHO
valid_ic_seq_0672_60,STRIP PHOTORESIST,STRIP RESIST,STRIP RESIST LEVEL 2,HARD BAKE,DEVELOP PHOTORESIST
valid_ic_seq_0672_80,PAD WINDOW LITHO,OPEN PAD WINDOW LITHO,OPEN BOND PAD WINDOW,OPEN PAD WINDOW,DEVELOP PAD WINDOW
valid_ic_seq_0673_60,STRIP PHOTORESIST,STRIP RESIST,STRIP RESIST LEVEL 2,HARD BAKE,DEVELOP PHOTORESIST
valid_ic_seq_0673_80,MEASURE PASSIVATION QUALITY,MEASURE PASSIVATION THICKNESS,MEASURE FILM THICKNESS,MEASURE OXIDE THICKNESS,DEPOSIT PASSIVATION LAYER
valid_ic_seq_0674_60,MEASURE VIA CD,DEPOSIT BARRIER METAL,SPIN COAT PHOTORESIST,MEASURE METAL THICKNESS,DEPOSIT METAL 1
valid_ic_seq_0674_80,DEVELOP PAD WINDOW,DEVELOP PHOTORESIST,POST EXPOSE BAKE,OPEN PAD WINDOW LITHO,PAD WINDOW LITHO
valid_ic_seq_0675_60,CLEAN AFTER VIA ETCH,CLEAN AFTER ETCH,CLEAN AFTER METAL ETCH,DEPOSIT TUNGSTEN SEED,CLEAN PAD OPENING
valid_ic_seq_0675_80,OPEN PAD WINDOW,OPEN BOND PAD WINDOW,PAD WINDOW LITHO,OPEN PAD WINDOW LITHO,DEVELOP PAD WINDOW
valid_ic_seq_0676_60,MEASURE VIA CD,DEPOSIT BARRIER METAL,SPIN COAT PHOTORESIST,MEASURE SHEET RESISTANCE,DEPOSIT METAL 1
valid_ic_seq_0676_80,STRIP RESIST,STRIP PHOTORESIST,STRIP RESIST LEVEL 2,HARD BAKE,DEVELOP PHOTORESIST
valid_ic_seq_0677_60,STRIP PHOTORESIST,STRIP RESIST,STRIP RESIST LEVEL 2,HARD BAKE,DEVELOP PHOTORESIST
valid_ic_seq_0677_80,CURE PASSIVATION,ANNEAL POLYSILICON,RINSE WET WAFER_EDGE,DRY WAFER BACKSIDE,BACKSIDE ANNEAL
valid_ic_seq_0678_60,CLEAN AFTER VIA ETCH,CLEAN AFTER ETCH,CLEAN PAD OPENING,CLEAN AFTER METAL ETCH,ALIGN MASK LEVEL 3
valid_ic_seq_0678_80,PAD WINDOW LITHO,OPEN PAD WINDOW LITHO,OPEN BOND PAD WINDOW,OPEN PAD WINDOW,DEVELOP PAD WINDOW
valid_ic_seq_0679_60,MEASURE VIA CD,DEPOSIT BARRIER METAL,SPIN COAT PHOTORESIST,DEPOSIT METAL 1,DEPOSIT TOP METAL
valid_ic_seq_0679_80,OPEN BOND PAD WINDOW,OPEN PAD WINDOW,PAD WINDOW LITHO,OPEN PAD WINDOW LITHO,FINAL LOT RELEASE
valid_ic_seq_0680_60,DEPOSIT TUNGSTEN SEED,FILL VIA TUNGSTEN,RINSE WET WAFER_EDGE,ANNEAL POLYSILICON,CLEAN AFTER VIA ETCH
valid_ic_seq_0680_80,PASSIVATION ETCH PAD OPENING,PASSIVATION ETCH,MEASURE PASSIVATION THICKNESS,VIA ETCH THROUGH DIELECTRIC,SWITCHING TEST
valid_ic_seq_0681_60,STRIP PHOTORESIST,STRIP RESIST,STRIP RESIST LEVEL 2,HARD BAKE,DEVELOP PHOTORESIST
valid_ic_seq_0681_80,OPEN PAD WINDOW,OPEN BOND PAD WINDOW,PAD WINDOW LITHO,OPEN PAD WINDOW LITHO,DEVELOP PAD WINDOW
valid_ic_seq_0682_60,STRIP RESIST,STRIP PHOTORESIST,STRIP RESIST LEVEL 2,HARD BAKE,DEVELOP PHOTORESIST
valid_ic_seq_0682_80,PAD WINDOW LITHO,OPEN PAD WINDOW LITHO,OPEN BOND PAD WINDOW,OPEN PAD WINDOW,DEVELOP PAD WINDOW
valid_ic_seq_0683_60,MEASURE VIA CD,DEPOSIT BARRIER METAL,MEASURE SHEET RESISTANCE,SPIN COAT PHOTORESIST,DEPOSIT INTERLAYER DIELECTRIC
valid_ic_seq_0683_80,DEVELOP PAD WINDOW,DEVELOP PHOTORESIST,POST EXPOSE BAKE,OPEN PAD WINDOW LITHO,PARAMETRIC TEST
valid_ic_seq_0684_60,MEASURE VIA CD,DEPOSIT BARRIER METAL,MEASURE SHEET RESISTANCE,SPIN COAT PHOTORESIST,MEASURE CD LEVEL 1
valid_ic_seq_0684_80,DEVELOP PHOTORESIST,DEVELOP PAD WINDOW,POST EXPOSE BAKE,OPEN PAD WINDOW LITHO,PAD WINDOW LITHO
valid_ic_seq_0685_60,STRIP PHOTORESIST,STRIP RESIST,STRIP RESIST LEVEL 2,HARD BAKE,DEVELOP PHOTORESIST
valid_ic_seq_0685_80,PAD WINDOW LITHO,OPEN PAD WINDOW LITHO,OPEN BOND PAD WINDOW,OPEN PAD WINDOW,DEVELOP PAD WINDOW
valid_ic_seq_0686_60,CLEAN AFTER VIA ETCH,DEPOSIT TUNGSTEN SEED,ALIGN MASK LEVEL 3,CLEAN AFTER ETCH,CLEAN AFTER POLY ETCH
valid_ic_seq_0686_80,DEVELOP PHOTORESIST,DEVELOP PAD WINDOW,POST EXPOSE BAKE,OPEN PAD WINDOW LITHO,PAD WINDOW LITHO
valid_ic_seq_0687_60,DEPOSIT BARRIER METAL,MEASURE VIA CD,DEPOSIT POLYSILICON,IMPLANT N-TYPE,DEPOSIT PASSIVATION
valid_ic_seq_0687_80,DEVELOP PAD WINDOW,DEVELOP PHOTORESIST,POST EXPOSE BAKE,OPEN PAD WINDOW LITHO,PAD WINDOW LITHO
valid_ic_seq_0688_60,MEASURE VIA CD,DEPOSIT BARRIER METAL,DEPOSIT METAL 1,MEASURE VIA RESISTANCE,DEPOSIT TOP METAL
valid_ic_seq_0688_80,DEVELOP PHOTORESIST,DEVELOP PAD WINDOW,POST EXPOSE BAKE,PARAMETRIC TEST,OPEN PAD WINDOW LITHO
valid_ic_seq_0689_60,MEASURE VIA CD,DEPOSIT BARRIER METAL,DEPOSIT METAL 1,MEASURE VIA RESISTANCE,DEPOSIT TOP METAL
valid_ic_seq_0689_80,OPEN PAD WINDOW LITHO,PAD WINDOW LITHO,DEVELOP PAD WINDOW,OPEN BOND PAD WINDOW,OPEN PAD WINDOW
valid_ic_seq_0690_60,MEASURE VIA CD,DEPOSIT BARRIER METAL,SPIN COAT PHOTORESIST,DEPOSIT METAL 1,MEASURE VIA RESISTANCE
valid_ic_seq_0690_80,OPEN PAD WINDOW LITHO,PAD WINDOW LITHO,OPEN BOND PAD WINDOW,DEVELOP PAD WINDOW,OPEN PAD WINDOW
valid_ic_seq_0691_60,MEASURE VIA CD,DEPOSIT BARRIER METAL,MEASURE SHEET RESISTANCE,DEPOSIT METAL 1,SPIN COAT PHOTORESIST
valid_ic_seq_0691_80,DEVELOP PAD WINDOW,DEVELOP PHOTORESIST,POST EXPOSE BAKE,PARAMETRIC TEST,OPEN PAD WINDOW LITHO
valid_ic_seq_0692_60,STRIP PHOTORESIST,STRIP RESIST,STRIP RESIST LEVEL 2,HARD BAKE,DEVELOP PHOTORESIST
valid_ic_seq_0692_80,MEASURE PASSIVATION QUALITY,MEASURE PASSIVATION THICKNESS,MEASURE FILM THICKNESS,MEASURE OXIDE THICKNESS,DEPOSIT PASSIVATION LAYER
valid_ic_seq_0693_60,MEASURE VIA CD,DEPOSIT BARRIER METAL,DEPOSIT METAL 1,MEASURE VIA RESISTANCE,DEPOSIT TOP METAL
valid_ic_seq_0693_80,OPEN PAD WINDOW,OPEN BOND PAD WINDOW,PAD WINDOW LITHO,OPEN PAD WINDOW LITHO,DEVELOP PAD WINDOW
valid_ic_seq_0694_60,CLEAN AFTER VIA ETCH,ALIGN MASK LEVEL 3,CLEAN AFTER ETCH,DEPOSIT TUNGSTEN SEED,CLEAN PAD OPENING
valid_ic_seq_0694_80,OPEN PAD WINDOW,OPEN BOND PAD WINDOW,PAD WINDOW LITHO,OPEN PAD WINDOW LITHO,DEVELOP PAD WINDOW
valid_ic_seq_0695_60,STRIP PHOTORESIST,STRIP RESIST,STRIP RESIST LEVEL 2,HARD BAKE,DEVELOP PHOTORESIST
valid_ic_seq_0695_80,OPEN PAD WINDOW,OPEN BOND PAD WINDOW,PAD WINDOW LITHO,OPEN PAD WINDOW LITHO,DEVELOP PAD WINDOW
valid_ic_seq_0696_60,STRIP PHOTORESIST,STRIP RESIST,STRIP RESIST LEVEL 2,HARD BAKE,DEVELOP PHOTORESIST
valid_ic_seq_0696_80,DEVELOP PHOTORESIST,DEVELOP PAD WINDOW,POST EXPOSE BAKE,OPEN PAD WINDOW LITHO,PAD WINDOW LITHO
valid_ic_seq_0697_60,MEASURE VIA CD,DEPOSIT BARRIER METAL,DEPOSIT METAL 1,MEASURE VIA RESISTANCE,DEPOSIT TOP METAL
valid_ic_seq_0697_80,OPEN PAD WINDOW LITHO,PAD WINDOW LITHO,DEVELOP PAD WINDOW,OPEN BOND PAD WINDOW,OPEN PAD WINDOW
valid_ic_seq_0698_60,STRIP PHOTORESIST,STRIP RESIST,STRIP RESIST LEVEL 2,HARD BAKE,DEVELOP PHOTORESIST
valid_ic_seq_0698_80,PAD WINDOW LITHO,OPEN PAD WINDOW LITHO,OPEN BOND PAD WINDOW,OPEN PAD WINDOW,DEVELOP PAD WINDOW
valid_ic_seq_0699_60,DEPOSIT BARRIER METAL,MEASURE VIA CD,IMPLANT N-TYPE,DEPOSIT POLYSILICON,DEPOSIT PAD OXIDE
valid_ic_seq_0699_80,DEVELOP PAD WINDOW,DEVELOP PHOTORESIST,POST EXPOSE BAKE,PARAMETRIC TEST,OPEN PAD WINDOW LITHO
valid_ic_seq_0700_60,STRIP RESIST,STRIP PHOTORESIST,STRIP RESIST LEVEL 2,HARD BAKE,DEVELOP PHOTORESIST
valid_ic_seq_0700_80,OPEN PAD WINDOW,OPEN BOND PAD WINDOW,PAD WINDOW LITHO,OPEN PAD WINDOW LITHO,PASSIVATION ETCH PAD OPENING
valid_ic_seq_0701_60,DEPOSIT BARRIER METAL,MEASURE VIA CD,DEPOSIT POLYSILICON,IMPLANT N-TYPE,DEPOSIT PASSIVATION
valid_ic_seq_0701_80,DEVELOP PAD WINDOW,DEVELOP PHOTORESIST,POST EXPOSE BAKE,PARAMETRIC TEST,OPEN PAD WINDOW
valid_ic_seq_0702_60,MEASURE VIA CD,DEPOSIT BARRIER METAL,DEPOSIT METAL 1,MEASURE SHEET RESISTANCE,SPIN COAT PHOTORESIST
valid_ic_seq_0702_80,OPEN PAD WINDOW,OPEN BOND PAD WINDOW,PAD WINDOW LITHO,OPEN PAD WINDOW LITHO,DEVELOP PAD WINDOW
valid_ic_seq_0703_60,CLEAN AFTER VIA ETCH,ALIGN MASK LEVEL 3,DEPOSIT TUNGSTEN SEED,CLEAN AFTER ETCH,CLEAN PAD OPENING
valid_ic_seq_0703_80,PAD WINDOW LITHO,OPEN PAD WINDOW LITHO,OPEN BOND PAD WINDOW,OPEN PAD WINDOW,DEVELOP PAD WINDOW
valid_ic_seq_0704_60,MEASURE VIA CD,DEPOSIT BARRIER METAL,SPIN COAT PHOTORESIST,MEASURE SHEET RESISTANCE,MEASURE METAL THICKNESS
valid_ic_seq_0704_80,DEVELOP PHOTORESIST,DEVELOP PAD WINDOW,POST EXPOSE BAKE,OPEN PAD WINDOW LITHO,PAD WINDOW LITHO
valid_ic_seq_0705_60,MEASURE VIA CD,DEPOSIT BARRIER METAL,DEPOSIT METAL 1,MEASURE SHEET RESISTANCE,DEPOSIT TOP METAL
valid_ic_seq_0705_80,PASSIVATION ETCH,PASSIVATION ETCH PAD OPENING,SWITCHING TEST,MEASURE PASSIVATION THICKNESS,MEASURE PASSIVATION QUALITY
valid_ic_seq_0706_60,CLEAN AFTER VIA ETCH,CLEAN AFTER ETCH,CLEAN AFTER METAL ETCH,CLEAN AFTER POLY ETCH,DEPOSIT TUNGSTEN SEED
valid_ic_seq_0706_80,PAD WINDOW LITHO,OPEN PAD WINDOW LITHO,OPEN BOND PAD WINDOW,OPEN PAD WINDOW,DEVELOP PAD WINDOW
valid_ic_seq_0707_60,FILL VIA TUNGSTEN,SURFACE PREP FOR DEPOSITION,DEPOSIT TUNGSTEN SEED,ANNEAL OXIDE,EXPOSE LITHO LEVEL 3
valid_ic_seq_0707_80,PASSIVATION ETCH,PASSIVATION ETCH PAD OPENING,SWITCHING TEST,MEASURE PASSIVATION QUALITY,MEASURE PASSIVATION THICKNESS
valid_ic_seq_0708_60,CLEAN AFTER VIA ETCH,CLEAN AFTER ETCH,DEPOSIT TUNGSTEN SEED,CLEAN AFTER METAL ETCH,CLEAN PAD OPENING
valid_ic_seq_0708_80,OPEN PAD WINDOW LITHO,PAD WINDOW LITHO,DEVELOP PAD WINDOW,OPEN BOND PAD WINDOW,OPEN PAD WINDOW
valid_ic_seq_0709_60,STRIP PHOTORESIST,STRIP RESIST,STRIP RESIST LEVEL 2,HARD BAKE,DEVELOP PHOTORESIST
valid_ic_seq_0709_80,OPEN PAD WINDOW LITHO,PAD WINDOW LITHO,DEVELOP PAD WINDOW,OPEN BOND PAD WINDOW,OPEN PAD WINDOW
valid_ic_seq_0710_60,MEASURE VIA CD,DEPOSIT BARRIER METAL,SPIN COAT PHOTORESIST,MEASURE SHEET RESISTANCE,DEPOSIT METAL 1
valid_ic_seq_0710_80,OPEN PAD WINDOW,OPEN BOND PAD WINDOW,PAD WINDOW LITHO,OPEN PAD WINDOW LITHO,PASSIVATION ETCH PAD OPENING
valid_ic_seq_0711_60,MEASURE VIA CD,DEPOSIT BARRIER METAL,DEPOSIT METAL 1,SPIN COAT PHOTORESIST,DEPOSIT TOP METAL
valid_ic_seq_0711_80,PAD WINDOW LITHO,OPEN PAD WINDOW LITHO,DEVELOP PAD WINDOW,OPEN BOND PAD WINDOW,OPEN PAD WINDOW
valid_ic_seq_0712_60,STRIP PHOTORESIST,STRIP RESIST,STRIP RESIST LEVEL 2,HARD BAKE,DEVELOP PHOTORESIST
valid_ic_seq_0712_80,MEASURE PASSIVATION QUALITY,MEASURE PASSIVATION THICKNESS,MEASURE FILM THICKNESS,MEASURE OXIDE THICKNESS,DEPOSIT PASSIVATION LAYER
valid_ic_seq_0713_60,VIA ETCH,VIA ETCH THROUGH DIELECTRIC,DIELECTRIC ETCH VIA,HARD BAKE,DEPOSIT INTERLEVEL DIELECTRIC
valid_ic_seq_0713_80,CURE PASSIVATION,ANNEAL POLYSILICON,FILL VIA TUNGSTEN,RINSE WET WAFER_EDGE,ANNEAL METAL 1
valid_ic_seq_0714_60,CLEAN AFTER VIA ETCH,CLEAN AFTER ETCH,CLEAN AFTER METAL ETCH,DEPOSIT TUNGSTEN SEED,CLEAN AFTER POLY ETCH
valid_ic_seq_0714_80,OPEN PAD WINDOW,OPEN BOND PAD WINDOW,PAD WINDOW LITHO,OPEN PAD WINDOW LITHO,DEVELOP PAD WINDOW
valid_ic_seq_0715_60,STRIP RESIST,STRIP PHOTORESIST,STRIP RESIST LEVEL 2,HARD BAKE,DEVELOP PHOTORESIST
valid_ic_seq_0715_80,MEASURE PASSIVATION QUALITY,MEASURE PASSIVATION THICKNESS,MEASURE FILM THICKNESS,MEASURE OXIDE THICKNESS,PASSIVATION ETCH PAD OPENING
valid_ic_seq_0716_60,DEPOSIT BARRIER METAL,MEASURE VIA CD,IMPLANT N-TYPE,DEPOSIT POLYSILICON,DEPOSIT METAL 1
valid_ic_seq_0716_80,PAD WINDOW LITHO,OPEN PAD WINDOW LITHO,DEVELOP PAD WINDOW,OPEN BOND PAD WINDOW,OPEN PAD WINDOW
valid_ic_seq_0717_60,STRIP PHOTORESIST,STRIP RESIST,STRIP RESIST LEVEL 2,HARD BAKE,DEVELOP PHOTORESIST
valid_ic_seq_0717_80,OPEN PAD WINDOW,OPEN BOND PAD WINDOW,PAD WINDOW LITHO,OPEN PAD WINDOW LITHO,DEVELOP PAD WINDOW
valid_ic_seq_0718_60,CLEAN AFTER VIA ETCH,CLEAN AFTER ETCH,CLEAN PAD OPENING,WET CLEAN RCA2,RCA CLEAN 2
valid_ic_seq_0718_80,DEVELOP PHOTORESIST,DEVELOP PAD WINDOW,POST EXPOSE BAKE,OPEN PAD WINDOW LITHO,OPEN PAD WINDOW
valid_ic_seq_0719_60,VIA ETCH,DIELECTRIC ETCH VIA,VIA ETCH THROUGH DIELECTRIC,HARD BAKE,DEPOSIT INTERLEVEL DIELECTRIC
valid_ic_seq_0719_80,OPEN PAD WINDOW,OPEN BOND PAD WINDOW,PAD WINDOW LITHO,OPEN PAD WINDOW LITHO,DEVELOP PAD WINDOW
valid_ic_seq_0720_60,CLEAN AFTER VIA ETCH,CLEAN AFTER ETCH,CLEAN AFTER METAL ETCH,CLEAN AFTER POLY ETCH,CLEAN PAD OPENING
valid_ic_seq_0720_80,MEASURE PASSIVATION QUALITY,MEASURE PASSIVATION THICKNESS,MEASURE FILM THICKNESS,DEPOSIT PASSIVATION LAYER,MEASURE OXIDE THICKNESS
valid_ic_seq_0721_60,MEASURE VIA CD,DEPOSIT BARRIER METAL,DEPOSIT METAL 1,MEASURE VIA RESISTANCE,DEPOSIT TOP METAL
valid_ic_seq_0721_80,OPEN PAD WINDOW LITHO,PAD WINDOW LITHO,OPEN BOND PAD WINDOW,OPEN PAD WINDOW,DEVELOP PAD WINDOW
valid_ic_seq_0722_60,STRIP PHOTORESIST,STRIP RESIST,STRIP RESIST LEVEL 2,HARD BAKE,DEVELOP PHOTORESIST
valid_ic_seq_0722_80,OPEN PAD WINDOW LITHO,PAD WINDOW LITHO,OPEN BOND PAD WINDOW,OPEN PAD WINDOW,DEVELOP PAD WINDOW
valid_ic_seq_0723_60,STRIP PHOTORESIST,STRIP RESIST,STRIP RESIST LEVEL 2,HARD BAKE,DEVELOP PHOTORESIST
valid_ic_seq_0723_80,DEVELOP PHOTORESIST,DEVELOP PAD WINDOW,POST EXPOSE BAKE,OPEN PAD WINDOW LITHO,PARAMETRIC TEST
valid_ic_seq_0724_60,CLEAN AFTER VIA ETCH,CLEAN AFTER ETCH,CLEAN PAD OPENING,CLEAN AFTER METAL ETCH,DEPOSIT TUNGSTEN SEED
valid_ic_seq_0724_80,PASSIVATION ETCH PAD OPENING,PASSIVATION ETCH,VIA ETCH,VIA ETCH THROUGH DIELECTRIC,DIELECTRIC ETCH VIA
valid_ic_seq_0725_60,CLEAN AFTER VIA ETCH,CLEAN AFTER ETCH,CLEAN AFTER METAL ETCH,CLEAN AFTER POLY ETCH,CLEAN PAD OPENING
valid_ic_seq_0725_80,PAD WINDOW LITHO,OPEN PAD WINDOW LITHO,OPEN BOND PAD WINDOW,OPEN PAD WINDOW,DEVELOP PAD WINDOW
valid_ic_seq_0726_60,DEPOSIT TUNGSTEN SEED,FILL VIA TUNGSTEN,ANNEAL POLYSILICON,CURE PASSIVATION,RINSE WET WAFER_EDGE
valid_ic_seq_0726_80,PASSIVATION ETCH PAD OPENING,PASSIVATION ETCH,SWITCHING TEST,VIA ETCH THROUGH DIELECTRIC,DIELECTRIC ETCH VIA
valid_ic_seq_0727_60,STRIP PHOTORESIST,STRIP RESIST,STRIP RESIST LEVEL 2,HARD BAKE,DEVELOP PHOTORESIST
valid_ic_seq_0727_80,DEVELOP PHOTORESIST,DEVELOP PAD WINDOW,POST EXPOSE BAKE,OPEN PAD WINDOW LITHO,PAD WINDOW LITHO
valid_ic_seq_0728_60,MEASURE VIA CD,DEPOSIT BARRIER METAL,DEPOSIT METAL 1,SPIN COAT PHOTORESIST,MEASURE VIA RESISTANCE
valid_ic_seq_0728_80,PASSIVATION ETCH PAD OPENING,PASSIVATION ETCH,VIA ETCH THROUGH DIELECTRIC,DIELECTRIC ETCH VIA,VIA ETCH
valid_ic_seq_0729_60,DEPOSIT BARRIER METAL,MEASURE VIA CD,IMPLANT N-TYPE,DEPOSIT POLYSILICON,DEPOSIT PASSIVATION
valid_ic_seq_0729_80,PASSIVATION ETCH PAD OPENING,PASSIVATION ETCH,SWITCHING TEST,THRESHOLD VOLTAGE TEST,MEASURE PASSIVATION THICKNESS
valid_ic_seq_0730_60,STRIP PHOTORESIST,STRIP RESIST,STRIP RESIST LEVEL 2,HARD BAKE,DEVELOP PHOTORESIST
valid_ic_seq_0730_80,MEASURE PASSIVATION QUALITY,MEASURE PASSIVATION THICKNESS,MEASURE FILM THICKNESS,MEASURE OXIDE THICKNESS,DEPOSIT PASSIVATION LAYER
valid_ic_seq_0731_60,MEASURE VIA CD,DEPOSIT BARRIER METAL,DEPOSIT METAL 1,MEASURE VIA RESISTANCE,DEPOSIT TOP METAL
valid_ic_seq_0731_80,OPEN BOND PAD WINDOW,OPEN PAD WINDOW,PAD WINDOW LITHO,OPEN PAD WINDOW LITHO,DEVELOP PAD WINDOW
valid_ic_seq_0732_60,CLEAN AFTER VIA ETCH,CLEAN AFTER ETCH,CLEAN PAD OPENING,ALIGN MASK LEVEL 3,CLEAN AFTER METAL ETCH
valid_ic_seq_0732_80,DEVELOP PAD WINDOW,DEVELOP PHOTORESIST,POST EXPOSE BAKE,PARAMETRIC TEST,OPEN PAD WINDOW LITHO
valid_ic_seq_0733_60,CLEAN AFTER VIA ETCH,CLEAN AFTER ETCH,CLEAN AFTER METAL ETCH,CLEAN PAD OPENING,DEPOSIT TUNGSTEN SEED
valid_ic_seq_0733_80,CURE PASSIVATION,ANNEAL POLYSILICON,BACKSIDE ANNEAL,FILL VIA TUNGSTEN,ANNEAL METAL 1
valid_ic_seq_0734_60,STRIP PHOTORESIST,STRIP RESIST,STRIP RESIST LEVEL 2,HARD BAKE,DEVELOP PHOTORESIST
valid_ic_seq_0734_80,OPEN BOND PAD WINDOW,OPEN PAD WINDOW,PAD WINDOW LITHO,OPEN PAD WINDOW LITHO,PASSIVATION ETCH PAD OPENING
valid_ic_seq_0735_60,VIA ETCH,VIA ETCH THROUGH DIELECTRIC,DIELECTRIC ETCH VIA,HARD BAKE,DEPOSIT INTERLAYER DIELECTRIC
valid_ic_seq_0735_80,CURE PASSIVATION,ANNEAL POLYSILICON,RINSE WET WAFER_EDGE,CLEAN PAD OPENING,DRY WAFER BACKSIDE
valid_ic_seq_0736_60,DEPOSIT BARRIER METAL,MEASURE VIA CD,IMPLANT N-TYPE,DEPOSIT POLYSILICON,DEPOSIT PASSIVATION
valid_ic_seq_0736_80,DEVELOP PAD WINDOW,DEVELOP PHOTORESIST,POST EXPOSE BAKE,PARAMETRIC TEST,THRESHOLD VOLTAGE TEST
valid_ic_seq_0737_60,DEPOSIT BARRIER METAL,MEASURE VIA CD,DEPOSIT POLYSILICON,IMPLANT N-TYPE,DEPOSIT METAL 1
valid_ic_seq_0737_80,OPEN PAD WINDOW LITHO,PAD WINDOW LITHO,DEVELOP PAD WINDOW,OPEN BOND PAD WINDOW,OPEN PAD WINDOW
valid_ic_seq_0738_60,MEASURE VIA CD,DEPOSIT BARRIER METAL,MEASURE SHEET RESISTANCE,SPIN COAT PHOTORESIST,DEPOSIT METAL 1
valid_ic_seq_0738_80,DEVELOP PAD WINDOW,DEVELOP PHOTORESIST,POST EXPOSE BAKE,OPEN PAD WINDOW LITHO,PAD WINDOW LITHO
valid_ic_seq_0739_60,CLEAN AFTER VIA ETCH,ALIGN MASK LEVEL 3,CLEAN AFTER ETCH,DEPOSIT TUNGSTEN SEED,CLEAN PAD OPENING
valid_ic_seq_0739_80,OPEN PAD WINDOW LITHO,PAD WINDOW LITHO,OPEN BOND PAD WINDOW,OPEN PAD WINDOW,DEVELOP PAD WINDOW
valid_ic_seq_0740_60,CLEAN AFTER VIA ETCH,CLEAN AFTER ETCH,DEPOSIT TUNGSTEN SEED,CLEAN AFTER METAL ETCH,CLEAN AFTER POLY ETCH
valid_ic_seq_0740_80,OPEN PAD WINDOW LITHO,PAD WINDOW LITHO,OPEN BOND PAD WINDOW,OPEN PAD WINDOW,DEVELOP PAD WINDOW
valid_ic_seq_0741_60,STRIP PHOTORESIST,STRIP RESIST,STRIP RESIST LEVEL 2,HARD BAKE,DEVELOP PHOTORESIST
valid_ic_seq_0741_80,MEASURE PASSIVATION QUALITY,MEASURE PASSIVATION THICKNESS,MEASURE FILM THICKNESS,MEASURE OXIDE THICKNESS,DEPOSIT PASSIVATION LAYER
valid_ic_seq_0742_60,CLEAN AFTER VIA ETCH,CLEAN AFTER ETCH,CLEAN AFTER METAL ETCH,CLEAN PAD OPENING,DEPOSIT TUNGSTEN SEED
valid_ic_seq_0742_80,DEVELOP PHOTORESIST,DEVELOP PAD WINDOW,POST EXPOSE BAKE,OPEN PAD WINDOW LITHO,PAD WINDOW LITHO
valid_ic_seq_0743_60,MEASURE VIA CD,DEPOSIT BARRIER METAL,MEASURE CD LEVEL 1,MEASURE SHEET RESISTANCE,DEPOSIT METAL 1
valid_ic_seq_0743_80,OPEN PAD WINDOW,OPEN BOND PAD WINDOW,PAD WINDOW LITHO,OPEN PAD WINDOW LITHO,MEASURE SHEET RESISTANCE
valid_ic_seq_0744_60,STRIP PHOTORESIST,STRIP RESIST,STRIP RESIST LEVEL 2,HARD BAKE,DEVELOP PHOTORESIST
valid_ic_seq_0744_80,OPEN BOND PAD WINDOW,OPEN PAD WINDOW,PAD WINDOW LITHO,OPEN PAD WINDOW LITHO,PASSIVATION ETCH PAD OPENING
valid_ic_seq_0745_60,CLEAN AFTER VIA ETCH,CLEAN AFTER ETCH,CLEAN PAD OPENING,CLEAN AFTER METAL ETCH,RCA CLEAN 2
valid_ic_seq_0745_80,OPEN BOND PAD WINDOW,OPEN PAD WINDOW,PAD WINDOW LITHO,OPEN PAD WINDOW LITHO,DEVELOP PAD WINDOW
valid_ic_seq_0746_60,CLEAN AFTER VIA ETCH,ALIGN MASK LEVEL 3,DEPOSIT TUNGSTEN SEED,CLEAN AFTER ETCH,CLEAN AFTER POLY ETCH
valid_ic_seq_0746_80,PAD WINDOW LITHO,OPEN PAD WINDOW LITHO,OPEN BOND PAD WINDOW,OPEN PAD WINDOW,DEVELOP PAD WINDOW
valid_ic_seq_0747_60,CLEAN AFTER VIA ETCH,CLEAN AFTER ETCH,DEPOSIT TUNGSTEN SEED,CLEAN AFTER METAL ETCH,CLEAN AFTER POLY ETCH
valid_ic_seq_0747_80,PAD WINDOW LITHO,OPEN PAD WINDOW LITHO,DEVELOP PAD WINDOW,OPEN BOND PAD WINDOW,OPEN PAD WINDOW
valid_ic_seq_0748_60,HARD BAKE,DIELECTRIC ETCH VIA,VIA ETCH THROUGH DIELECTRIC,VIA ETCH,POLYSILICON ETCH DRY
valid_ic_seq_0748_80,OPEN PAD WINDOW LITHO,PAD WINDOW LITHO,DEVELOP PAD WINDOW,OPEN BOND PAD WINDOW,OPEN PAD WINDOW
valid_ic_seq_0749_60,VIA OPENING INSPECTION,VIA INSPECTION,PRE CLEAN INSPECTION,INITIAL WAFER INSPECTION,FINAL PARTICLE INSPECTION
valid_ic_seq_0749_80,CURE PASSIVATION,ANNEAL POLYSILICON,RINSE WET WAFER_EDGE,DRY WAFER BACKSIDE,CLEAN PAD OPENING
valid_ic_seq_0750_60,DEPOSIT TUNGSTEN SEED,FILL VIA TUNGSTEN,ANNEAL POLYSILICON,CURE PASSIVATION,RINSE WET WAFER_EDGE
valid_ic_seq_0750_80,DEVELOP PHOTORESIST,DEVELOP PAD WINDOW,POST EXPOSE BAKE,OPEN PAD WINDOW LITHO,PAD WINDOW LITHO
valid_ic_seq_0751_60,STRIP PHOTORESIST,STRIP RESIST,STRIP RESIST LEVEL 2,HARD BAKE,DEVELOP PHOTORESIST
valid_ic_seq_0751_80,OPEN PAD WINDOW,OPEN BOND PAD WINDOW,PAD WINDOW LITHO,OPEN PAD WINDOW LITHO,DEVELOP PAD WINDOW
valid_ic_seq_0752_60,STRIP PHOTORESIST,STRIP RESIST,STRIP RESIST LEVEL 2,HARD BAKE,DEVELOP PHOTORESIST
valid_ic_seq_0752_80,OPEN PAD WINDOW,OPEN BOND PAD WINDOW,PAD WINDOW LITHO,OPEN PAD WINDOW LITHO,DEVELOP PAD WINDOW
valid_ic_seq_0753_60,DEPOSIT BARRIER METAL,MEASURE VIA CD,DEPOSIT POLYSILICON,DEPOSIT PASSIVATION,IMPLANT N-TYPE
valid_ic_seq_0753_80,PASSIVATION ETCH,PASSIVATION ETCH PAD OPENING,MEASURE PASSIVATION THICKNESS,VIA ETCH THROUGH DIELECTRIC,MEASURE PASSIVATION QUALITY
valid_ic_seq_0754_60,MEASURE VIA CD,DEPOSIT BARRIER METAL,SPIN COAT PHOTORESIST,MEASURE SHEET RESISTANCE,DEPOSIT METAL 1
valid_ic_seq_0754_80,DEVELOP PAD WINDOW,DEVELOP PHOTORESIST,POST EXPOSE BAKE,PARAMETRIC TEST,OPEN PAD WINDOW LITHO
valid_ic_seq_0755_60,STRIP PHOTORESIST,STRIP RESIST,STRIP RESIST LEVEL 2,HARD BAKE,DEVELOP PHOTORESIST
valid_ic_seq_0755_80,OPEN PAD WINDOW LITHO,PAD WINDOW LITHO,OPEN BOND PAD WINDOW,OPEN PAD WINDOW,DEVELOP PAD WINDOW
valid_ic_seq_0756_60,MEASURE VIA CD,DEPOSIT BARRIER METAL,MEASURE SHEET RESISTANCE,SPIN COAT PHOTORESIST,DEPOSIT METAL 1
valid_ic_seq_0756_80,OPEN PAD WINDOW LITHO,PAD WINDOW LITHO,DEVELOP PAD WINDOW,OPEN BOND PAD WINDOW,OPEN PAD WINDOW
valid_ic_seq_0757_60,DEPOSIT BARRIER METAL,MEASURE VIA CD,DEPOSIT POLYSILICON,IMPLANT N-TYPE,DEPOSIT INTERLAYER DIELECTRIC
valid_ic_seq_0757_80,OPEN PAD WINDOW,OPEN BOND PAD WINDOW,PAD WINDOW LITHO,OPEN PAD WINDOW LITHO,MEASURE SHEET RESISTANCE
valid_ic_seq_0758_60,STRIP RESIST,STRIP PHOTORESIST,STRIP RESIST LEVEL 2,HARD BAKE,DEVELOP PHOTORESIST
valid_ic_seq_0758_80,MEASURE PASSIVATION QUALITY,MEASURE PASSIVATION THICKNESS,MEASURE FILM THICKNESS,DEPOSIT PASSIVATION LAYER,MEASURE OXIDE THICKNESS
valid_ic_seq_0759_60,STRIP PHOTORESIST,STRIP RESIST,STRIP RESIST LEVEL 2,HARD BAKE,DEVELOP PHOTORESIST
valid_ic_seq_0759_80,DEVELOP PAD WINDOW,DEVELOP PHOTORESIST,POST EXPOSE BAKE,OPEN PAD WINDOW LITHO,PAD WINDOW LITHO
valid_ic_seq_0760_60,STRIP RESIST,STRIP PHOTORESIST,STRIP RESIST LEVEL 2,HARD BAKE,DEVELOP PHOTORESIST
valid_ic_seq_0760_80,OPEN PAD WINDOW LITHO,PAD WINDOW LITHO,DEVELOP PAD WINDOW,OPEN BOND PAD WINDOW,OPEN PAD WINDOW
valid_ic_seq_0761_60,STRIP PHOTORESIST,STRIP RESIST,STRIP RESIST LEVEL 2,HARD BAKE,DEVELOP PHOTORESIST
valid_ic_seq_0761_80,OPEN PAD WINDOW,OPEN BOND PAD WINDOW,PAD WINDOW LITHO,OPEN PAD WINDOW LITHO,DEVELOP PAD WINDOW
valid_ic_seq_0762_60,CLEAN AFTER VIA ETCH,CLEAN AFTER ETCH,CLEAN AFTER METAL ETCH,CLEAN PAD OPENING,CLEAN AFTER POLY ETCH
valid_ic_seq_0762_80,DEVELOP PHOTORESIST,DEVELOP PAD WINDOW,POST EXPOSE BAKE,OPEN PAD WINDOW LITHO,PAD WINDOW LITHO
valid_ic_seq_0763_60,MEASURE VIA CD,DEPOSIT BARRIER METAL,MEASURE SHEET RESISTANCE,DEPOSIT METAL 1,SPIN COAT PHOTORESIST
valid_ic_seq_0763_80,OPEN PAD WINDOW,OPEN BOND PAD WINDOW,PAD WINDOW LITHO,OPEN PAD WINDOW LITHO,DEVELOP PAD WINDOW
valid_ic_seq_0764_60,CLEAN AFTER VIA ETCH,CLEAN AFTER ETCH,DEPOSIT TUNGSTEN SEED,CLEAN AFTER METAL ETCH,CLEAN PAD OPENING
valid_ic_seq_0764_80,OPEN PAD WINDOW,OPEN BOND PAD WINDOW,PAD WINDOW LITHO,OPEN PAD WINDOW LITHO,FINAL LOT RELEASE
valid_ic_seq_0765_60,CLEAN AFTER VIA ETCH,CLEAN AFTER ETCH,CLEAN AFTER METAL ETCH,CLEAN PAD OPENING,CLEAN AFTER POLY ETCH
valid_ic_seq_0765_80,DEVELOP PAD WINDOW,DEVELOP PHOTORESIST,POST EXPOSE BAKE,PARAMETRIC TEST,OPEN PAD WINDOW LITHO
valid_ic_seq_0766_60,CLEAN AFTER VIA ETCH,CLEAN AFTER ETCH,CLEAN AFTER METAL ETCH,DEPOSIT TUNGSTEN SEED,CLEAN PAD OPENING
valid_ic_seq_0766_80,OPEN BOND PAD WINDOW,OPEN PAD WINDOW,PAD WINDOW LITHO,OPEN PAD WINDOW LITHO,FRONTSIDE CLEAN
valid_ic_seq_0767_60,STRIP RESIST,STRIP PHOTORESIST,STRIP RESIST LEVEL 2,HARD BAKE,DEVELOP PHOTORESIST
valid_ic_seq_0767_80,OPEN PAD WINDOW LITHO,PAD WINDOW LITHO,DEVELOP PAD WINDOW,OPEN BOND PAD WINDOW,OPEN PAD WINDOW
valid_ic_seq_0768_60,STRIP RESIST,STRIP PHOTORESIST,STRIP RESIST LEVEL 2,HARD BAKE,DEVELOP PHOTORESIST
valid_ic_seq_0768_80,OPEN PAD WINDOW,OPEN BOND PAD WINDOW,PAD WINDOW LITHO,OPEN PAD WINDOW LITHO,DEVELOP PAD WINDOW
valid_ic_seq_0769_60,CLEAN AFTER VIA ETCH,CLEAN AFTER ETCH,DEPOSIT TUNGSTEN SEED,CLEAN AFTER METAL ETCH,CLEAN PAD OPENING
valid_ic_seq_0769_80,DEVELOP PAD WINDOW,DEVELOP PHOTORESIST,POST EXPOSE BAKE,OPEN PAD WINDOW LITHO,PARAMETRIC TEST
valid_ic_seq_0770_60,STRIP PHOTORESIST,STRIP RESIST,STRIP RESIST LEVEL 2,HARD BAKE,DEVELOP PHOTORESIST
valid_ic_seq_0770_80,OPEN PAD WINDOW,OPEN BOND PAD WINDOW,PAD WINDOW LITHO,OPEN PAD WINDOW LITHO,DEVELOP PAD WINDOW
valid_ic_seq_0771_60,CLEAN AFTER VIA ETCH,CLEAN AFTER ETCH,DEPOSIT TUNGSTEN SEED,CLEAN AFTER METAL ETCH,CLEAN AFTER POLY ETCH
valid_ic_seq_0771_80,PASSIVATION ETCH PAD OPENING,PASSIVATION ETCH,VIA ETCH THROUGH DIELECTRIC,DIELECTRIC ETCH VIA,VIA ETCH
valid_ic_seq_0772_60,DEPOSIT BARRIER METAL,MEASURE VIA CD,IMPLANT N-TYPE,DEPOSIT POLYSILICON,DEPOSIT PASSIVATION
valid_ic_seq_0772_80,DEVELOP PHOTORESIST,DEVELOP PAD WINDOW,POST EXPOSE BAKE,OPEN PAD WINDOW LITHO,PAD WINDOW LITHO
valid_ic_seq_0773_60,HARD BAKE,VIA ETCH THROUGH DIELECTRIC,DIELECTRIC ETCH VIA,VIA ETCH,POLYSILICON ETCH DRY
valid_ic_seq_0773_80,OPEN BOND PAD WINDOW,OPEN PAD WINDOW,PAD WINDOW LITHO,OPEN PAD WINDOW LITHO,PASSIVATION ETCH PAD OPENING
valid_ic_seq_0774_60,CLEAN AFTER VIA ETCH,CLEAN AFTER ETCH,DEPOSIT TUNGSTEN SEED,CLEAN AFTER METAL ETCH,CLEAN PAD OPENING
valid_ic_seq_0774_80,DEVELOP PAD WINDOW,DEVELOP PHOTORESIST,POST EXPOSE BAKE,PARAMETRIC TEST,OPEN PAD WINDOW LITHO
valid_ic_seq_0775_60,HARD BAKE,VIA ETCH THROUGH DIELECTRIC,VIA ETCH,DIELECTRIC ETCH VIA,POLYSILICON ETCH DRY
valid_ic_seq_0775_80,MEASURE PASSIVATION QUALITY,MEASURE PASSIVATION THICKNESS,MEASURE FILM THICKNESS,MEASURE OXIDE THICKNESS,DEPOSIT PASSIVATION LAYER
valid_ic_seq_0776_60,STRIP PHOTORESIST,STRIP RESIST,STRIP RESIST LEVEL 2,HARD BAKE,DEVELOP PHOTORESIST
valid_ic_seq_0776_80,OPEN PAD WINDOW,OPEN BOND PAD WINDOW,PAD WINDOW LITHO,OPEN PAD WINDOW LITHO,PASSIVATION ETCH PAD OPENING
valid_ic_seq_0777_60,MEASURE VIA CD,DEPOSIT BARRIER METAL,SPIN COAT PHOTORESIST,DEPOSIT METAL 1,MEASURE SHEET RESISTANCE
valid_ic_seq_0777_80,PASSIVATION ETCH PAD OPENING,PASSIVATION ETCH,SWITCHING TEST,VIA ETCH THROUGH DIELECTRIC,VIA ETCH
valid_ic_seq_0778_60,DEPOSIT BARRIER METAL,MEASURE VIA CD,DEPOSIT POLYSILICON,IMPLANT N-TYPE,DEPOSIT PASSIVATION
valid_ic_seq_0778_80,PAD WINDOW LITHO,OPEN PAD WINDOW LITHO,DEVELOP PAD WINDOW,OPEN BOND PAD WINDOW,OPEN PAD WINDOW
valid_ic_seq_0779_60,MEASURE VIA CD,DEPOSIT BARRIER METAL,DEPOSIT METAL 1,SPIN COAT PHOTORESIST,MEASURE VIA RESISTANCE
valid_ic_seq_0779_80,DEVELOP PAD WINDOW,DEVELOP PHOTORESIST,POST EXPOSE BAKE,OPEN PAD WINDOW LITHO,PAD WINDOW LITHO
valid_ic_seq_0780_60,STRIP PHOTORESIST,STRIP RESIST,STRIP RESIST LEVEL 2,HARD BAKE,DEVELOP PHOTORESIST
valid_ic_seq_0780_80,OPEN PAD WINDOW,OPEN BOND PAD WINDOW,PAD WINDOW LITHO,OPEN PAD WINDOW LITHO,DEVELOP PAD WINDOW
valid_ic_seq_0781_60,MEASURE VIA CD,DEPOSIT BARRIER METAL,MEASURE CD LEVEL 1,DEPOSIT POLYSILICON,MEASURE SHEET RESISTANCE
valid_ic_seq_0781_80,PAD WINDOW LITHO,OPEN PAD WINDOW LITHO,OPEN BOND PAD WINDOW,OPEN PAD WINDOW,DEVELOP PAD WINDOW
valid_ic_seq_0782_60,STRIP PHOTORESIST,STRIP RESIST,STRIP RESIST LEVEL 2,HARD BAKE,DEVELOP PHOTORESIST
valid_ic_seq_0782_80,OPEN BOND PAD WINDOW,OPEN PAD WINDOW,PAD WINDOW LITHO,OPEN PAD WINDOW LITHO,PASSIVATION ETCH PAD OPENING
valid_ic_seq_0783_60,CLEAN AFTER VIA ETCH,CLEAN AFTER ETCH,CLEAN AFTER METAL ETCH,CLEAN PAD OPENING,DEPOSIT TUNGSTEN SEED
valid_ic_seq_0783_80,PAD WINDOW LITHO,OPEN PAD WINDOW LITHO,DEVELOP PAD WINDOW,OPEN BOND PAD WINDOW,OPEN PAD WINDOW
valid_ic_seq_0784_60,MEASURE VIA CD,DEPOSIT BARRIER METAL,SPIN COAT PHOTORESIST,DEPOSIT METAL 1,MEASURE VIA RESISTANCE
valid_ic_seq_0784_80,OPEN PAD WINDOW LITHO,PAD WINDOW LITHO,OPEN BOND PAD WINDOW,OPEN PAD WINDOW,DEVELOP PAD WINDOW
valid_ic_seq_0785_60,DEPOSIT TUNGSTEN SEED,FILL VIA TUNGSTEN,ANNEAL POLYSILICON,CURE PASSIVATION,SURFACE PREP FOR DEPOSITION
valid_ic_seq_0785_80,DEVELOP PAD WINDOW,DEVELOP PHOTORESIST,POST EXPOSE BAKE,OPEN PAD WINDOW LITHO,OPEN PAD WINDOW
valid_ic_seq_0786_60,DEPOSIT BARRIER METAL,MEASURE VIA CD,DEPOSIT POLYSILICON,IMPLANT N-TYPE,DEPOSIT PASSIVATION
valid_ic_seq_0786_80,DEVELOP PAD WINDOW,DEVELOP PHOTORESIST,POST EXPOSE BAKE,OPEN PAD WINDOW LITHO,PAD WINDOW LITHO
valid_ic_seq_0787_60,DEPOSIT BARRIER METAL,MEASURE VIA CD,DEPOSIT POLYSILICON,IMPLANT N-TYPE,DEPOSIT PASSIVATION
valid_ic_seq_0787_80,DEVELOP PHOTORESIST,DEVELOP PAD WINDOW,POST EXPOSE BAKE,PARAMETRIC TEST,THRESHOLD VOLTAGE TEST
valid_ic_seq_0788_60,CLEAN AFTER VIA ETCH,CLEAN AFTER ETCH,CLEAN PAD OPENING,ALIGN MASK LEVEL 3,RCA CLEAN 2
valid_ic_seq_0788_80,DEVELOP PAD WINDOW,DEVELOP PHOTORESIST,POST EXPOSE BAKE,PARAMETRIC TEST,OPEN PAD WINDOW LITHO
valid_ic_seq_0789_60,DEPOSIT BARRIER METAL,MEASURE VIA CD,DEPOSIT POLYSILICON,DEPOSIT METAL 1,DEPOSIT TOP METAL
valid_ic_seq_0789_80,DEVELOP PHOTORESIST,DEVELOP PAD WINDOW,POST EXPOSE BAKE,OPEN PAD WINDOW LITHO,PAD WINDOW LITHO
valid_ic_seq_0790_60,DEPOSIT BARRIER METAL,MEASURE VIA CD,IMPLANT N-TYPE,DEPOSIT POLYSILICON,DEPOSIT PASSIVATION
valid_ic_seq_0790_80,DEVELOP PAD WINDOW,DEVELOP PHOTORESIST,POST EXPOSE BAKE,PARAMETRIC TEST,THRESHOLD VOLTAGE TEST
valid_ic_seq_0791_60,CLEAN AFTER VIA ETCH,CLEAN AFTER ETCH,DEPOSIT TUNGSTEN SEED,CLEAN AFTER METAL ETCH,CLEAN AFTER POLY ETCH
valid_ic_seq_0791_80,OPEN PAD WINDOW LITHO,PAD WINDOW LITHO,OPEN BOND PAD WINDOW,DEVELOP PAD WINDOW,OPEN PAD WINDOW
valid_ic_seq_0792_60,CLEAN AFTER VIA ETCH,CLEAN AFTER ETCH,DEPOSIT TUNGSTEN SEED,CLEAN AFTER METAL ETCH,CLEAN PAD OPENING
valid_ic_seq_0792_80,OPEN PAD WINDOW LITHO,PAD WINDOW LITHO,DEVELOP PAD WINDOW,OPEN BOND PAD WINDOW,OPEN PAD WINDOW
valid_ic_seq_0793_60,MEASURE VIA CD,DEPOSIT BARRIER METAL,SPIN COAT PHOTORESIST,MEASURE SHEET RESISTANCE,DEPOSIT METAL 1
valid_ic_seq_0793_80,MEASURE PASSIVATION QUALITY,MEASURE PASSIVATION THICKNESS,DEPOSIT PASSIVATION LAYER,MEASURE FILM THICKNESS,MEASURE OXIDE THICKNESS
valid_ic_seq_0794_60,CLEAN AFTER VIA ETCH,CLEAN AFTER ETCH,ALIGN MASK LEVEL 3,CLEAN PAD OPENING,CLEAN AFTER POLY ETCH
valid_ic_seq_0794_80,DEVELOP PAD WINDOW,DEVELOP PHOTORESIST,POST EXPOSE BAKE,PARAMETRIC TEST,THRESHOLD VOLTAGE TEST
valid_ic_seq_0795_60,CLEAN AFTER VIA ETCH,CLEAN AFTER ETCH,CLEAN AFTER POLY ETCH,CLEAN AFTER METAL ETCH,DEPOSIT TUNGSTEN SEED
valid_ic_seq_0795_80,OPEN PAD WINDOW LITHO,PAD WINDOW LITHO,DEVELOP PAD WINDOW,OPEN BOND PAD WINDOW,DEVELOP PHOTORESIST
valid_ic_seq_0796_60,MEASURE VIA CD,DEPOSIT BARRIER METAL,SPIN COAT PHOTORESIST,MEASURE SHEET RESISTANCE,DEPOSIT METAL 1
valid_ic_seq_0796_80,PASSIVATION ETCH,PASSIVATION ETCH PAD OPENING,VIA ETCH THROUGH DIELECTRIC,VIA ETCH,MEASURE PASSIVATION THICKNESS
valid_ic_seq_0797_60,MEASURE VIA CD,DEPOSIT BARRIER METAL,MEASURE SHEET RESISTANCE,SPIN COAT PHOTORESIST,DEPOSIT METAL 1
valid_ic_seq_0797_80,OPEN PAD WINDOW LITHO,PAD WINDOW LITHO,DEVELOP PAD WINDOW,DEVELOP PHOTORESIST,OPEN BOND PAD WINDOW
valid_ic_seq_0798_60,MEASURE VIA CD,DEPOSIT BARRIER METAL,DEPOSIT METAL 1,SPIN COAT PHOTORESIST,DEPOSIT TOP METAL
valid_ic_seq_0798_80,OPEN PAD WINDOW,OPEN BOND PAD WINDOW,PAD WINDOW LITHO,OPEN PAD WINDOW LITHO,DEVELOP PAD WINDOW
valid_ic_seq_0799_60,CLEAN AFTER VIA ETCH,CLEAN AFTER ETCH,CLEAN AFTER METAL ETCH,DEPOSIT TUNGSTEN SEED,CLEAN AFTER POLY ETCH
valid_ic_seq_0799_80,MEASURE PASSIVATION QUALITY,MEASURE PASSIVATION THICKNESS,MEASURE FILM THICKNESS,MEASURE OXIDE THICKNESS,PASSIVATION ETCH PAD OPENING
valid_ic_seq_0800_60,CLEAN AFTER VIA ETCH,CLEAN AFTER ETCH,CLEAN AFTER METAL ETCH,CLEAN PAD OPENING,CLEAN AFTER POLY ETCH
valid_ic_seq_0800_80,MEASURE PASSIVATION QUALITY,MEASURE PASSIVATION THICKNESS,MEASURE FILM THICKNESS,MEASURE OXIDE THICKNESS,DEPOSIT PASSIVATION LAYER
valid_ic_seq_0801_60,MEASURE VIA CD,DEPOSIT BARRIER METAL,MEASURE SHEET RESISTANCE,DEPOSIT METAL 1,SPIN COAT PHOTORESIST
valid_ic_seq_0801_80,DEVELOP PAD WINDOW,DEVELOP PHOTORESIST,POST EXPOSE BAKE,OPEN PAD WINDOW LITHO,PAD WINDOW LITHO
valid_ic_seq_0802_60,STRIP PHOTORESIST,STRIP RESIST,STRIP RESIST LEVEL 2,HARD BAKE,DEVELOP PHOTORESIST
valid_ic_seq_0802_80,OPEN PAD WINDOW,OPEN BOND PAD WINDOW,PAD WINDOW LITHO,OPEN PAD WINDOW LITHO,MEASURE SHEET RESISTANCE
valid_ic_seq_0803_60,HARD BAKE,DIELECTRIC ETCH VIA,VIA ETCH,VIA ETCH THROUGH DIELECTRIC,POLYSILICON ETCH DRY
valid_ic_seq_0803_80,OPEN PAD WINDOW,OPEN BOND PAD WINDOW,PAD WINDOW LITHO,OPEN PAD WINDOW LITHO,PASSIVATION ETCH PAD OPENING
valid_ic_seq_0804_60,DEPOSIT BARRIER METAL,MEASURE VIA CD,DEPOSIT POLYSILICON,IMPLANT N-TYPE,DEPOSIT PASSIVATION
valid_ic_seq_0804_80,DEVELOP PAD WINDOW,DEVELOP PHOTORESIST,POST EXPOSE BAKE,OPEN PAD WINDOW LITHO,PARAMETRIC TEST
valid_ic_seq_0805_60,DEPOSIT TUNGSTEN SEED,FILL VIA TUNGSTEN,ANNEAL POLYSILICON,SURFACE PREP FOR DEPOSITION,RINSE WET WAFER_EDGE
valid_ic_seq_0805_80,PASSIVATION ETCH,PASSIVATION ETCH PAD OPENING,SWITCHING TEST,MEASURE PASSIVATION THICKNESS,MEASURE PASSIVATION QUALITY
valid_ic_seq_0806_60,STRIP PHOTORESIST,STRIP RESIST,STRIP RESIST LEVEL 2,HARD BAKE,DEVELOP PHOTORESIST
valid_ic_seq_0806_80,MEASURE PASSIVATION THICKNESS,MEASURE PASSIVATION QUALITY,PASSIVATION ETCH,PASSIVATION ETCH PAD OPENING,DEPOSIT PASSIVATION LAYER
valid_ic_seq_0807_60,CLEAN AFTER VIA ETCH,CLEAN AFTER ETCH,CLEAN PAD OPENING,CLEAN AFTER METAL ETCH,CLEAN AFTER POLY ETCH
valid_ic_seq_0807_80,OPEN PAD WINDOW,OPEN BOND PAD WINDOW,PAD WINDOW LITHO,OPEN PAD WINDOW LITHO,DEVELOP PAD WINDOW
valid_ic_seq_0808_60,MEASURE VIA CD,DEPOSIT BARRIER METAL,SPIN COAT PHOTORESIST,MEASURE SHEET RESISTANCE,DEPOSIT INTERLAYER DIELECTRIC
valid_ic_seq_0808_80,OPEN PAD WINDOW LITHO,PAD WINDOW LITHO,DEVELOP PAD WINDOW,OPEN BOND PAD WINDOW,OPEN PAD WINDOW
valid_ic_seq_0809_60,MEASURE VIA CD,DEPOSIT BARRIER METAL,SPIN COAT PHOTORESIST,MEASURE SHEET RESISTANCE,DEPOSIT METAL 1
valid_ic_seq_0809_80,DEVELOP PAD WINDOW,DEVELOP PHOTORESIST,POST EXPOSE BAKE,PARAMETRIC TEST,OPEN PAD WINDOW LITHO
valid_ic_seq_0810_60,DEPOSIT BARRIER METAL,MEASURE VIA CD,DEPOSIT POLYSILICON,DEPOSIT METAL 1,DEPOSIT INTERLAYER DIELECTRIC
valid_ic_seq_0810_80,PASSIVATION ETCH PAD OPENING,PASSIVATION ETCH,VIA ETCH THROUGH DIELECTRIC,VIA ETCH,SWITCHING TEST
valid_ic_seq_0811_60,STRIP PHOTORESIST,STRIP RESIST,STRIP RESIST LEVEL 2,HARD BAKE,PRE ANNEAL CHECK
valid_ic_seq_0811_80,OPEN PAD WINDOW,OPEN BOND PAD WINDOW,PAD WINDOW LITHO,OPEN PAD WINDOW LITHO,PASSIVATION ETCH PAD OPENING
valid_ic_seq_0812_60,CLEAN AFTER VIA ETCH,CLEAN AFTER ETCH,CLEAN AFTER POLY ETCH,DEPOSIT TUNGSTEN SEED,CLEAN AFTER METAL ETCH
valid_ic_seq_0812_80,OPEN PAD WINDOW,OPEN BOND PAD WINDOW,PAD WINDOW LITHO,OPEN PAD WINDOW LITHO,DEVELOP PAD WINDOW
valid_ic_seq_0813_60,CLEAN AFTER VIA ETCH,CLEAN AFTER ETCH,CLEAN PAD OPENING,CLEAN AFTER METAL ETCH,RCA CLEAN 2
valid_ic_seq_0813_80,OPEN PAD WINDOW,OPEN BOND PAD WINDOW,PAD WINDOW LITHO,OPEN PAD WINDOW LITHO,DEVELOP PAD WINDOW
valid_ic_seq_0814_60,CLEAN AFTER VIA ETCH,CLEAN AFTER ETCH,CLEAN AFTER METAL ETCH,DEPOSIT TUNGSTEN SEED,CLEAN PAD OPENING
valid_ic_seq_0814_80,OPEN PAD WINDOW LITHO,PAD WINDOW LITHO,OPEN BOND PAD WINDOW,DEVELOP PAD WINDOW,OPEN PAD WINDOW
valid_ic_seq_0815_60,CLEAN AFTER VIA ETCH,CLEAN AFTER ETCH,CLEAN AFTER METAL ETCH,DEPOSIT TUNGSTEN SEED,CLEAN AFTER POLY ETCH
valid_ic_seq_0815_80,OPEN PAD WINDOW,OPEN BOND PAD WINDOW,PAD WINDOW LITHO,OPEN PAD WINDOW LITHO,DEVELOP PAD WINDOW
valid_ic_seq_0816_60,DIELECTRIC ETCH VIA,VIA ETCH THROUGH DIELECTRIC,VIA ETCH,HARD BAKE,DEPOSIT INTERLAYER DIELECTRIC
valid_ic_seq_0816_80,OPEN BOND PAD WINDOW,OPEN PAD WINDOW,PAD WINDOW LITHO,OPEN PAD WINDOW LITHO,DEVELOP PAD WINDOW
valid_ic_seq_0817_60,MEASURE VIA CD,DEPOSIT BARRIER METAL,SPIN COAT PHOTORESIST,MEASURE SHEET RESISTANCE,ANNEAL METAL
valid_ic_seq_0817_80,OPEN BOND PAD WINDOW,OPEN PAD WINDOW,PAD WINDOW LITHO,OPEN PAD WINDOW LITHO,PASSIVATION ETCH PAD OPENING
valid_ic_seq_0818_60,MEASURE VIA CD,DEPOSIT BARRIER METAL,MEASURE CD LEVEL 1,DEPOSIT POLYSILICON,SPIN COAT PHOTORESIST
valid_ic_seq_0818_80,DEVELOP PHOTORESIST,DEVELOP PAD WINDOW,POST EXPOSE BAKE,PARAMETRIC TEST,OPEN PAD WINDOW LITHO
valid_ic_seq_0819_60,DEPOSIT TUNGSTEN SEED,FILL VIA TUNGSTEN,ANNEAL POLYSILICON,CURE PASSIVATION,RINSE WET WAFER_EDGE
valid_ic_seq_0819_80,PASSIVATION ETCH PAD OPENING,PASSIVATION ETCH,VIA ETCH THROUGH DIELECTRIC,VIA ETCH,DIELECTRIC ETCH VIA
valid_ic_seq_0820_60,MEASURE VIA CD,DEPOSIT BARRIER METAL,SPIN COAT PHOTORESIST,MEASURE SHEET RESISTANCE,MEASURE CD LEVEL 1
valid_ic_seq_0820_80,DEVELOP PHOTORESIST,DEVELOP PAD WINDOW,POST EXPOSE BAKE,OPEN PAD WINDOW LITHO,PAD WINDOW LITHO
valid_ic_seq_0821_60,CLEAN AFTER VIA ETCH,ALIGN MASK LEVEL 3,DEPOSIT TUNGSTEN SEED,CLEAN AFTER ETCH,CLEAN AFTER POLY ETCH
valid_ic_seq_0821_80,OPEN PAD WINDOW LITHO,PAD WINDOW LITHO,OPEN BOND PAD WINDOW,OPEN PAD WINDOW,DEVELOP PAD WINDOW
valid_ic_seq_0822_60,CLEAN AFTER VIA ETCH,CLEAN AFTER ETCH,DEPOSIT TUNGSTEN SEED,CLEAN PAD OPENING,CLEAN AFTER METAL ETCH
valid_ic_seq_0822_80,DEVELOP PAD WINDOW,DEVELOP PHOTORESIST,POST EXPOSE BAKE,OPEN PAD WINDOW LITHO,PAD WINDOW LITHO
valid_ic_seq_0823_60,MEASURE VIA CD,DEPOSIT BARRIER METAL,SPIN COAT PHOTORESIST,MEASURE METAL THICKNESS,MEASURE SHEET RESISTANCE
valid_ic_seq_0823_80,DEVELOP PAD WINDOW,DEVELOP PHOTORESIST,POST EXPOSE BAKE,OPEN PAD WINDOW LITHO,PAD WINDOW LITHO
valid_ic_seq_0824_60,STRIP PHOTORESIST,STRIP RESIST,STRIP RESIST LEVEL 2,HARD BAKE,DEVELOP PHOTORESIST
valid_ic_seq_0824_80,MEASURE PASSIVATION QUALITY,MEASURE PASSIVATION THICKNESS,MEASURE FILM THICKNESS,MEASURE OXIDE THICKNESS,DEPOSIT PASSIVATION LAYER
valid_ic_seq_0825_60,CLEAN AFTER VIA ETCH,CLEAN AFTER ETCH,CLEAN AFTER METAL ETCH,DEPOSIT TUNGSTEN SEED,CLEAN AFTER POLY ETCH
valid_ic_seq_0825_80,PASSIVATION ETCH PAD OPENING,PASSIVATION ETCH,VIA ETCH THROUGH DIELECTRIC,VIA ETCH,DIELECTRIC ETCH VIA
valid_ic_seq_0826_60,CLEAN AFTER VIA ETCH,CLEAN AFTER ETCH,DEPOSIT TUNGSTEN SEED,CLEAN AFTER METAL ETCH,CLEAN PAD OPENING
valid_ic_seq_0826_80,OPEN PAD WINDOW,OPEN BOND PAD WINDOW,PAD WINDOW LITHO,OPEN PAD WINDOW LITHO,DEVELOP PAD WINDOW
valid_ic_seq_0827_60,CLEAN AFTER VIA ETCH,CLEAN AFTER ETCH,CLEAN AFTER METAL ETCH,CLEAN PAD OPENING,CLEAN AFTER POLY ETCH
valid_ic_seq_0827_80,DEVELOP PAD WINDOW,DEVELOP PHOTORESIST,POST EXPOSE BAKE,PARAMETRIC TEST,OPEN PAD WINDOW LITHO
valid_ic_seq_0828_60,STRIP PHOTORESIST,STRIP RESIST,STRIP RESIST LEVEL 2,HARD BAKE,DEVELOP PHOTORESIST
valid_ic_seq_0828_80,OPEN PAD WINDOW,OPEN BOND PAD WINDOW,PAD WINDOW LITHO,OPEN PAD WINDOW LITHO,DEVELOP PAD WINDOW
valid_ic_seq_0829_60,MEASURE VIA CD,DEPOSIT BARRIER METAL,MEASURE SHEET RESISTANCE,SPIN COAT PHOTORESIST,MEASURE CD LEVEL 1
valid_ic_seq_0829_80,PAD WINDOW LITHO,OPEN PAD WINDOW LITHO,OPEN BOND PAD WINDOW,OPEN PAD WINDOW,DEVELOP PAD WINDOW
valid_ic_seq_0830_60,CLEAN AFTER VIA ETCH,CLEAN AFTER ETCH,CLEAN AFTER METAL ETCH,DEPOSIT TUNGSTEN SEED,CLEAN PAD OPENING
valid_ic_seq_0830_80,OPEN PAD WINDOW LITHO,PAD WINDOW LITHO,DEVELOP PAD WINDOW,OPEN BOND PAD WINDOW,OPEN PAD WINDOW
valid_ic_seq_0831_60,STRIP PHOTORESIST,STRIP RESIST,STRIP RESIST LEVEL 2,HARD BAKE,DEVELOP PHOTORESIST
valid_ic_seq_0831_80,PAD WINDOW LITHO,OPEN PAD WINDOW LITHO,DEVELOP PAD WINDOW,OPEN BOND PAD WINDOW,OPEN PAD WINDOW
valid_ic_seq_0832_60,CLEAN AFTER VIA ETCH,CLEAN AFTER ETCH,DEPOSIT TUNGSTEN SEED,CLEAN AFTER METAL ETCH,CLEAN AFTER POLY ETCH
valid_ic_seq_0832_80,PAD WINDOW LITHO,OPEN PAD WINDOW LITHO,OPEN BOND PAD WINDOW,OPEN PAD WINDOW,DEVELOP PAD WINDOW
valid_ic_seq_0833_60,DEPOSIT TUNGSTEN SEED,FILL VIA TUNGSTEN,ANNEAL POLYSILICON,CURE PASSIVATION,RINSE WET WAFER_EDGE
valid_ic_seq_0833_80,STRIP PHOTORESIST,STRIP RESIST,STRIP RESIST LEVEL 2,HARD BAKE,DEVELOP PHOTORESIST
valid_ic_seq_0834_60,DEPOSIT BARRIER METAL,MEASURE VIA CD,DEPOSIT POLYSILICON,IMPLANT N-TYPE,DEPOSIT PASSIVATION
valid_ic_seq_0834_80,OPEN BOND PAD WINDOW,OPEN PAD WINDOW,PAD WINDOW LITHO,OPEN PAD WINDOW LITHO,FINAL LOT RELEASE
valid_ic_seq_0835_60,MEASURE VIA CD,DEPOSIT BARRIER METAL,MEASURE SHEET RESISTANCE,DEPOSIT METAL 1,MEASURE CD LEVEL 1
valid_ic_seq_0835_80,DEVELOP PHOTORESIST,DEVELOP PAD WINDOW,POST EXPOSE BAKE,PARAMETRIC TEST,OPEN PAD WINDOW LITHO
valid_ic_seq_0836_60,STRIP RESIST,STRIP PHOTORESIST,STRIP RESIST LEVEL 2,HARD BAKE,DEVELOP PHOTORESIST
valid_ic_seq_0836_80,OPEN PAD WINDOW,OPEN BOND PAD WINDOW,PAD WINDOW LITHO,OPEN PAD WINDOW LITHO,DEVELOP PAD WINDOW
valid_ic_seq_0837_60,HARD BAKE,VIA ETCH THROUGH DIELECTRIC,DIELECTRIC ETCH VIA,VIA ETCH,POLYSILICON ETCH DRY
valid_ic_seq_0837_80,OPEN PAD WINDOW,OPEN BOND PAD WINDOW,PAD WINDOW LITHO,OPEN PAD WINDOW LITHO,PASSIVATION ETCH PAD OPENING
valid_ic_seq_0838_60,VIA ETCH,VIA ETCH THROUGH DIELECTRIC,DIELECTRIC ETCH VIA,HARD BAKE,DEPOSIT INTERLEVEL DIELECTRIC
valid_ic_seq_0838_80,OPEN PAD WINDOW,OPEN BOND PAD WINDOW,PAD WINDOW LITHO,OPEN PAD WINDOW LITHO,DEVELOP PAD WINDOW
valid_ic_seq_0839_60,CLEAN AFTER VIA ETCH,CLEAN AFTER ETCH,CLEAN AFTER METAL ETCH,DEPOSIT TUNGSTEN SEED,RCA CLEAN 2
valid_ic_seq_0839_80,OPEN PAD WINDOW,OPEN BOND PAD WINDOW,PAD WINDOW LITHO,OPEN PAD WINDOW LITHO,DEVELOP PAD WINDOW
valid_ic_seq_0840_60,DEPOSIT TUNGSTEN SEED,FILL VIA TUNGSTEN,ANNEAL POLYSILICON,CURE PASSIVATION,RINSE WET WAFER_EDGE
valid_ic_seq_0840_80,DEVELOP PHOTORESIST,DEVELOP PAD WINDOW,POST EXPOSE BAKE,PARAMETRIC TEST,OPEN PAD WINDOW LITHO
valid_ic_seq_0841_60,STRIP PHOTORESIST,STRIP RESIST,STRIP RESIST LEVEL 2,HARD BAKE,DEVELOP PHOTORESIST
valid_ic_seq_0841_80,MEASURE PASSIVATION QUALITY,MEASURE PASSIVATION THICKNESS,MEASURE FILM THICKNESS,MEASURE OXIDE THICKNESS,DEPOSIT PASSIVATION LAYER
valid_ic_seq_0842_60,MEASURE VIA CD,DEPOSIT BARRIER METAL,MEASURE SHEET RESISTANCE,SPIN COAT PHOTORESIST,DEPOSIT METAL 1
valid_ic_seq_0842_80,OPEN PAD WINDOW,OPEN BOND PAD WINDOW,PAD WINDOW LITHO,OPEN PAD WINDOW LITHO,DEVELOP PAD WINDOW
valid_ic_seq_0843_60,DEPOSIT BARRIER METAL,MEASURE VIA CD,DEPOSIT POLYSILICON,IMPLANT N-TYPE,DEPOSIT INTERLAYER DIELECTRIC
valid_ic_seq_0843_80,PAD WINDOW LITHO,OPEN PAD WINDOW LITHO,OPEN BOND PAD WINDOW,DEVELOP PAD WINDOW,OPEN PAD WINDOW
valid_ic_seq_0844_60,CLEAN AFTER VIA ETCH,ALIGN MASK LEVEL 3,DEPOSIT TUNGSTEN SEED,CLEAN AFTER ETCH,CLEAN PAD OPENING
valid_ic_seq_0844_80,DEVELOP PAD WINDOW,DEVELOP PHOTORESIST,POST EXPOSE BAKE,OPEN PAD WINDOW LITHO,PAD WINDOW LITHO
valid_ic_seq_0845_60,VIA ETCH THROUGH DIELECTRIC,VIA ETCH,DIELECTRIC ETCH VIA,HARD BAKE,DEPOSIT INTERLAYER DIELECTRIC
valid_ic_seq_0845_80,OPEN PAD WINDOW,OPEN BOND PAD WINDOW,PAD WINDOW LITHO,OPEN PAD WINDOW LITHO,DEVELOP PAD WINDOW
valid_ic_seq_0846_60,VIA ETCH,VIA ETCH THROUGH DIELECTRIC,DIELECTRIC ETCH VIA,HARD BAKE,DEPOSIT INTERLEVEL DIELECTRIC
valid_ic_seq_0846_80,MEASURE PASSIVATION QUALITY,MEASURE PASSIVATION THICKNESS,MEASURE FILM THICKNESS,MEASURE OXIDE THICKNESS,DEPOSIT PASSIVATION LAYER
valid_ic_seq_0847_60,STRIP PHOTORESIST,STRIP RESIST,STRIP RESIST LEVEL 2,HARD BAKE,DEVELOP PHOTORESIST
valid_ic_seq_0847_80,MEASURE PASSIVATION THICKNESS,MEASURE PASSIVATION QUALITY,MEASURE FILM THICKNESS,PASSIVATION ETCH PAD OPENING,MEASURE OXIDE THICKNESS
valid_ic_seq_0848_60,CLEAN AFTER VIA ETCH,CLEAN AFTER ETCH,CLEAN AFTER METAL ETCH,CLEAN PAD OPENING,DEPOSIT TUNGSTEN SEED
valid_ic_seq_0848_80,OPEN PAD WINDOW LITHO,PAD WINDOW LITHO,DEVELOP PAD WINDOW,OPEN BOND PAD WINDOW,OPEN PAD WINDOW
valid_ic_seq_0849_60,HARD BAKE,DIELECTRIC ETCH VIA,VIA ETCH,VIA ETCH THROUGH DIELECTRIC,POLYSILICON ETCH DRY
valid_ic_seq_0849_80,MEASURE PASSIVATION QUALITY,MEASURE PASSIVATION THICKNESS,DEPOSIT PASSIVATION LAYER,MEASURE FILM THICKNESS,DEPOSIT PASSIVATION
valid_ic_seq_0850_60,MEASURE VIA CD,DEPOSIT BARRIER METAL,MEASURE CD LEVEL 1,DEPOSIT POLYSILICON,SPIN COAT PHOTORESIST
valid_ic_seq_0850_80,OPEN PAD WINDOW LITHO,PAD WINDOW LITHO,DEVELOP PAD WINDOW,OPEN BOND PAD WINDOW,OPEN PAD WINDOW
valid_ic_seq_0851_60,STRIP RESIST,STRIP PHOTORESIST,STRIP RESIST LEVEL 2,HARD BAKE,DEVELOP PHOTORESIST
valid_ic_seq_0851_80,OPEN PAD WINDOW LITHO,PAD WINDOW LITHO,DEVELOP PAD WINDOW,OPEN BOND PAD WINDOW,OPEN PAD WINDOW
valid_ic_seq_0852_60,MEASURE VIA CD,DEPOSIT BARRIER METAL,SPIN COAT PHOTORESIST,MEASURE LINE WIDTH,MEASURE METAL THICKNESS
valid_ic_seq_0852_80,OPEN PAD WINDOW LITHO,PAD WINDOW LITHO,DEVELOP PAD WINDOW,OPEN BOND PAD WINDOW,OPEN PAD WINDOW
valid_ic_seq_0853_60,MEASURE VIA CD,DEPOSIT BARRIER METAL,DEPOSIT METAL 1,MEASURE VIA RESISTANCE,DEPOSIT TOP METAL
valid_ic_seq_0853_80,PASSIVATION ETCH,PASSIVATION ETCH PAD OPENING,MEASURE PASSIVATION THICKNESS,MEASURE PASSIVATION QUALITY,DEPOSIT PASSIVATION LAYER
valid_ic_seq_0854_60,DIELECTRIC ETCH VIA,VIA ETCH THROUGH DIELECTRIC,VIA ETCH,HARD BAKE,METAL ETCH DRY
valid_ic_seq_0854_80,MEASURE PASSIVATION QUALITY,MEASURE PASSIVATION THICKNESS,MEASURE FILM THICKNESS,DEPOSIT PASSIVATION LAYER,MEASURE OXIDE THICKNESS
valid_ic_seq_0855_60,MEASURE VIA CD,DEPOSIT BARRIER METAL,MEASURE SHEET RESISTANCE,DEPOSIT METAL 1,SPIN COAT PHOTORESIST
valid_ic_seq_0855_80,OPEN PAD WINDOW LITHO,PAD WINDOW LITHO,DEVELOP PAD WINDOW,OPEN BOND PAD WINDOW,OPEN PAD WINDOW
valid_ic_seq_0856_60,HARD BAKE,DIELECTRIC ETCH VIA,VIA ETCH THROUGH DIELECTRIC,VIA ETCH,POLYSILICON ETCH DRY
valid_ic_seq_0856_80,MEASURE PASSIVATION QUALITY,MEASURE PASSIVATION THICKNESS,DEPOSIT PASSIVATION LAYER,PASSIVATION ETCH PAD OPENING,MEASURE FILM THICKNESS
valid_ic_seq_0857_60,STRIP RESIST,STRIP PHOTORESIST,STRIP RESIST LEVEL 2,HARD BAKE,DEVELOP PHOTORESIST
valid_ic_seq_0857_80,OPEN PAD WINDOW,OPEN BOND PAD WINDOW,PAD WINDOW LITHO,OPEN PAD WINDOW LITHO,PASSIVATION ETCH PAD OPENING
valid_ic_seq_0858_60,MEASURE VIA CD,DEPOSIT BARRIER METAL,SPIN COAT PHOTORESIST,DEPOSIT METAL 1,DEPOSIT TOP METAL
valid_ic_seq_0858_80,DEVELOP PHOTORESIST,DEVELOP PAD WINDOW,POST EXPOSE BAKE,OPEN PAD WINDOW LITHO,PAD WINDOW LITHO
valid_ic_seq_0859_60,DEPOSIT BARRIER METAL,MEASURE VIA CD,IMPLANT N-TYPE,DEPOSIT PASSIVATION,DEPOSIT PASSIVATION LAYER
valid_ic_seq_0859_80,PASSIVATION ETCH PAD OPENING,PASSIVATION ETCH,VIA ETCH THROUGH DIELECTRIC,DIELECTRIC ETCH VIA,VIA ETCH
valid_ic_seq_0860_60,MEASURE VIA CD,DEPOSIT BARRIER METAL,SPIN COAT PHOTORESIST,MEASURE SHEET RESISTANCE,DEPOSIT METAL 1
valid_ic_seq_0860_80,PAD WINDOW LITHO,OPEN PAD WINDOW LITHO,OPEN BOND PAD WINDOW,OPEN PAD WINDOW,DEVELOP PAD WINDOW
valid_ic_seq_0861_60,DIELECTRIC ETCH VIA,VIA ETCH THROUGH DIELECTRIC,VIA ETCH,HARD BAKE,DEPOSIT INTERLAYER DIELECTRIC
valid_ic_seq_0861_80,OPEN BOND PAD WINDOW,OPEN PAD WINDOW,PAD WINDOW LITHO,OPEN PAD WINDOW LITHO,PASSIVATION ETCH PAD OPENING
valid_ic_seq_0862_60,HARD BAKE,DIELECTRIC ETCH VIA,VIA ETCH THROUGH DIELECTRIC,VIA ETCH,POLYSILICON ETCH DRY
valid_ic_seq_0862_80,OPEN PAD WINDOW LITHO,PAD WINDOW LITHO,DEVELOP PAD WINDOW,OPEN BOND PAD WINDOW,OPEN PAD WINDOW
valid_ic_seq_0863_60,STRIP PHOTORESIST,STRIP RESIST,STRIP RESIST LEVEL 2,HARD BAKE,DEVELOP PHOTORESIST
valid_ic_seq_0863_80,OPEN BOND PAD WINDOW,OPEN PAD WINDOW,PAD WINDOW LITHO,OPEN PAD WINDOW LITHO,DEVELOP PAD WINDOW
valid_ic_seq_0864_60,CLEAN AFTER VIA ETCH,CLEAN AFTER ETCH,DEPOSIT TUNGSTEN SEED,CLEAN AFTER METAL ETCH,CLEAN AFTER POLY ETCH
valid_ic_seq_0864_80,OPEN BOND PAD WINDOW,OPEN PAD WINDOW,PAD WINDOW LITHO,OPEN PAD WINDOW LITHO,PASSIVATION ETCH PAD OPENING
valid_ic_seq_0865_60,DEPOSIT BARRIER METAL,MEASURE VIA CD,IMPLANT N-TYPE,DEPOSIT POLYSILICON,DEPOSIT PASSIVATION
valid_ic_seq_0865_80,OPEN PAD WINDOW LITHO,PAD WINDOW LITHO,DEVELOP PAD WINDOW,OPEN BOND PAD WINDOW,OPEN PAD WINDOW
valid_ic_seq_0866_60,MEASURE VIA CD,DEPOSIT BARRIER METAL,MEASURE SHEET RESISTANCE,DEPOSIT METAL 1,MEASURE CD LEVEL 1
valid_ic_seq_0866_80,PAD WINDOW LITHO,OPEN PAD WINDOW LITHO,OPEN BOND PAD WINDOW,OPEN PAD WINDOW,DEVELOP PAD WINDOW
valid_ic_seq_0867_60,MEASURE VIA CD,DEPOSIT BARRIER METAL,DEPOSIT METAL 1,SPIN COAT PHOTORESIST,MEASURE SHEET RESISTANCE
valid_ic_seq_0867_80,DEVELOP PHOTORESIST,DEVELOP PAD WINDOW,POST EXPOSE BAKE,PAD WINDOW LITHO,OPEN PAD WINDOW LITHO
valid_ic_seq_0868_60,DEPOSIT BARRIER METAL,MEASURE VIA CD,DEPOSIT POLYSILICON,IMPLANT N-TYPE,DEPOSIT METAL 1
valid_ic_seq_0868_80,OPEN PAD WINDOW,OPEN BOND PAD WINDOW,PAD WINDOW LITHO,OPEN PAD WINDOW LITHO,MEASURE SHEET RESISTANCE
valid_ic_seq_0869_60,CLEAN AFTER VIA ETCH,CLEAN AFTER ETCH,DEPOSIT TUNGSTEN SEED,CLEAN AFTER METAL ETCH,CLEAN AFTER POLY ETCH
valid_ic_seq_0869_80,OPEN PAD WINDOW LITHO,PAD WINDOW LITHO,DEVELOP PAD WINDOW,OPEN BOND PAD WINDOW,OPEN PAD WINDOW
valid_ic_seq_0870_60,STRIP PHOTORESIST,STRIP RESIST,STRIP RESIST LEVEL 2,HARD BAKE,DEVELOP PHOTORESIST
valid_ic_seq_0870_80,MEASURE PASSIVATION QUALITY,MEASURE PASSIVATION THICKNESS,MEASURE FILM THICKNESS,MEASURE OXIDE THICKNESS,DEPOSIT PASSIVATION LAYER
valid_ic_seq_0871_60,STRIP PHOTORESIST,STRIP RESIST,STRIP RESIST LEVEL 2,HARD BAKE,DEVELOP PHOTORESIST
valid_ic_seq_0871_80,MEASURE PASSIVATION QUALITY,MEASURE PASSIVATION THICKNESS,MEASURE FILM THICKNESS,DEPOSIT PASSIVATION LAYER,MEASURE OXIDE THICKNESS
valid_ic_seq_0872_60,CLEAN AFTER VIA ETCH,CLEAN AFTER ETCH,DEPOSIT TUNGSTEN SEED,CLEAN AFTER METAL ETCH,CLEAN AFTER POLY ETCH
valid_ic_seq_0872_80,OPEN PAD WINDOW LITHO,PAD WINDOW LITHO,OPEN BOND PAD WINDOW,DEVELOP PAD WINDOW,OPEN PAD WINDOW
valid_ic_seq_0873_60,CLEAN AFTER VIA ETCH,CLEAN AFTER ETCH,CLEAN AFTER METAL ETCH,DEPOSIT TUNGSTEN SEED,CLEAN PAD OPENING
valid_ic_seq_0873_80,CURE PASSIVATION,ANNEAL POLYSILICON,FILL VIA TUNGSTEN,ANNEAL OXIDE,BACKSIDE ANNEAL
valid_ic_seq_0874_60,DEPOSIT BARRIER METAL,MEASURE VIA CD,IMPLANT N-TYPE,DEPOSIT METAL 1,DEPOSIT TOP METAL
valid_ic_seq_0874_80,PASSIVATION ETCH PAD OPENING,PASSIVATION ETCH,SWITCHING TEST,VIA ETCH THROUGH DIELECTRIC,VIA ETCH
valid_ic_seq_0875_60,MEASURE VIA CD,DEPOSIT BARRIER METAL,SPIN COAT PHOTORESIST,DEPOSIT METAL 1,MEASURE METAL THICKNESS
valid_ic_seq_0875_80,OPEN PAD WINDOW LITHO,PAD WINDOW LITHO,OPEN BOND PAD WINDOW,OPEN PAD WINDOW,DEVELOP PAD WINDOW
valid_ic_seq_0876_60,CLEAN AFTER VIA ETCH,CLEAN AFTER ETCH,CLEAN PAD OPENING,CLEAN AFTER METAL ETCH,CLEAN AFTER POLY ETCH
valid_ic_seq_0876_80,OPEN PAD WINDOW,OPEN BOND PAD WINDOW,PAD WINDOW LITHO,OPEN PAD WINDOW LITHO,DEVELOP PAD WINDOW
valid_ic_seq_0877_60,STRIP PHOTORESIST,STRIP RESIST,STRIP RESIST LEVEL 2,HARD BAKE,DEVELOP PHOTORESIST
valid_ic_seq_0877_80,PAD WINDOW LITHO,OPEN PAD WINDOW LITHO,OPEN BOND PAD WINDOW,OPEN PAD WINDOW,DEVELOP PAD WINDOW
valid_ic_seq_0878_60,STRIP PHOTORESIST,STRIP RESIST,STRIP RESIST LEVEL 2,HARD BAKE,DEVELOP PHOTORESIST
valid_ic_seq_0878_80,CURE PASSIVATION,ANNEAL POLYSILICON,FINAL CLEAN,RINSE WET WAFER_EDGE,DRY WAFER BACKSIDE
valid_ic_seq_0879_60,CLEAN AFTER VIA ETCH,CLEAN AFTER ETCH,CLEAN AFTER METAL ETCH,CLEAN PAD OPENING,RCA CLEAN 2
valid_ic_seq_0879_80,OPEN BOND PAD WINDOW,OPEN PAD WINDOW,PAD WINDOW LITHO,OPEN PAD WINDOW LITHO,DEVELOP PAD WINDOW
valid_ic_seq_0880_60,STRIP PHOTORESIST,STRIP RESIST,STRIP RESIST LEVEL 2,HARD BAKE,PRE ANNEAL CHECK
valid_ic_seq_0880_80,OPEN PAD WINDOW,OPEN BOND PAD WINDOW,PAD WINDOW LITHO,OPEN PAD WINDOW LITHO,DEVELOP PAD WINDOW
valid_ic_seq_0881_60,CLEAN AFTER VIA ETCH,ALIGN MASK LEVEL 3,DEPOSIT TUNGSTEN SEED,CLEAN AFTER ETCH,CLEAN PAD OPENING
valid_ic_seq_0881_80,OPEN PAD WINDOW LITHO,PAD WINDOW LITHO,OPEN BOND PAD WINDOW,OPEN PAD WINDOW,DEVELOP PAD WINDOW
valid_ic_seq_0882_60,CLEAN AFTER VIA ETCH,CLEAN AFTER ETCH,CLEAN AFTER METAL ETCH,DEPOSIT TUNGSTEN SEED,CLEAN AFTER POLY ETCH
valid_ic_seq_0882_80,DEVELOP PHOTORESIST,DEVELOP PAD WINDOW,POST EXPOSE BAKE,OPEN PAD WINDOW LITHO,PAD WINDOW LITHO
valid_ic_seq_0883_60,CLEAN AFTER VIA ETCH,CLEAN AFTER ETCH,DEPOSIT TUNGSTEN SEED,CLEAN PAD OPENING,CLEAN AFTER METAL ETCH
valid_ic_seq_0883_80,OPEN PAD WINDOW LITHO,PAD WINDOW LITHO,DEVELOP PAD WINDOW,OPEN BOND PAD WINDOW,OPEN PAD WINDOW
valid_ic_seq_0884_60,MEASURE VIA CD,DEPOSIT BARRIER METAL,MEASURE SHEET RESISTANCE,SPIN COAT PHOTORESIST,MEASURE METAL THICKNESS
valid_ic_seq_0884_80,DEVELOP PHOTORESIST,DEVELOP PAD WINDOW,POST EXPOSE BAKE,PARAMETRIC TEST,FINAL PARTICLE INSPECTION
valid_ic_seq_0885_60,STRIP PHOTORESIST,STRIP RESIST,STRIP RESIST LEVEL 2,HARD BAKE,DEVELOP PHOTORESIST
valid_ic_seq_0885_80,OPEN PAD WINDOW LITHO,PAD WINDOW LITHO,DEVELOP PAD WINDOW,OPEN BOND PAD WINDOW,OPEN PAD WINDOW
valid_ic_seq_0886_60,DEPOSIT BARRIER METAL,MEASURE VIA CD,IMPLANT N-TYPE,DEPOSIT POLYSILICON,DEPOSIT PASSIVATION
valid_ic_seq_0886_80,OPEN PAD WINDOW LITHO,PAD WINDOW LITHO,DEVELOP PAD WINDOW,OPEN BOND PAD WINDOW,OPEN PAD WINDOW
valid_ic_seq_0887_60,CLEAN AFTER VIA ETCH,DEPOSIT TUNGSTEN SEED,ALIGN MASK LEVEL 3,CLEAN AFTER ETCH,CLEAN PAD OPENING
valid_ic_seq_0887_80,OPEN PAD WINDOW,OPEN BOND PAD WINDOW,PAD WINDOW LITHO,OPEN PAD WINDOW LITHO,DEVELOP PAD WINDOW
valid_ic_seq_0888_60,DEPOSIT BARRIER METAL,MEASURE VIA CD,DEPOSIT POLYSILICON,IMPLANT N-TYPE,DEPOSIT PASSIVATION
valid_ic_seq_0888_80,PASSIVATION ETCH,PASSIVATION ETCH PAD OPENING,MEASURE PASSIVATION THICKNESS,MEASURE PASSIVATION QUALITY,SWITCHING TEST
valid_ic_seq_0889_60,STRIP RESIST,STRIP PHOTORESIST,STRIP RESIST LEVEL 2,HARD BAKE,DEVELOP PHOTORESIST
valid_ic_seq_0889_80,OPEN PAD WINDOW,OPEN BOND PAD WINDOW,PAD WINDOW LITHO,OPEN PAD WINDOW LITHO,DEVELOP PAD WINDOW
valid_ic_seq_0890_60,HARD BAKE,VIA ETCH THROUGH DIELECTRIC,DIELECTRIC ETCH VIA,VIA ETCH,POLYSILICON ETCH DRY
valid_ic_seq_0890_80,MEASURE PASSIVATION THICKNESS,MEASURE PASSIVATION QUALITY,MEASURE FILM THICKNESS,MEASURE OXIDE THICKNESS,DEPOSIT PASSIVATION LAYER
valid_ic_seq_0891_60,CLEAN AFTER VIA ETCH,CLEAN AFTER ETCH,CLEAN PAD OPENING,CLEAN AFTER METAL ETCH,RCA CLEAN 2
valid_ic_seq_0891_80,PAD WINDOW LITHO,OPEN PAD WINDOW LITHO,DEVELOP PAD WINDOW,OPEN BOND PAD WINDOW,OPEN PAD WINDOW
valid_ic_seq_0892_60,HARD BAKE,VIA ETCH THROUGH DIELECTRIC,DIELECTRIC ETCH VIA,VIA ETCH,POLYSILICON ETCH DRY
valid_ic_seq_0892_80,CURE PASSIVATION,ANNEAL POLYSILICON,BACKSIDE ANNEAL,RINSE WET WAFER_EDGE,DRY WAFER BACKSIDE
valid_ic_seq_0893_60,MEASURE VIA CD,DEPOSIT BARRIER METAL,SPIN COAT PHOTORESIST,MEASURE SHEET RESISTANCE,DEPOSIT METAL 1
valid_ic_seq_0893_80,OPEN PAD WINDOW LITHO,PAD WINDOW LITHO,DEVELOP PAD WINDOW,OPEN BOND PAD WINDOW,OPEN PAD WINDOW
valid_ic_seq_0894_60,MEASURE VIA CD,DEPOSIT BARRIER METAL,MEASURE SHEET RESISTANCE,SPIN COAT PHOTORESIST,MEASURE METAL THICKNESS
valid_ic_seq_0894_80,DEVELOP PHOTORESIST,DEVELOP PAD WINDOW,POST EXPOSE BAKE,OPEN PAD WINDOW LITHO,PAD WINDOW LITHO
valid_ic_seq_0895_60,STRIP RESIST,STRIP PHOTORESIST,STRIP RESIST LEVEL 2,HARD BAKE,DEVELOP PHOTORESIST
valid_ic_seq_0895_80,CURE PASSIVATION,ANNEAL POLYSILICON,RINSE WET WAFER_EDGE,FILL VIA TUNGSTEN,DRY WAFER BACKSIDE
valid_ic_seq_0896_60,MEASURE VIA CD,DEPOSIT BARRIER METAL,DEPOSIT METAL 1,MEASURE VIA RESISTANCE,SPIN COAT PHOTORESIST
valid_ic_seq_0896_80,OPEN PAD WINDOW,OPEN BOND PAD WINDOW,PAD WINDOW LITHO,OPEN PAD WINDOW LITHO,DEVELOP PAD WINDOW
valid_ic_seq_0897_60,STRIP PHOTORESIST,STRIP RESIST,STRIP RESIST LEVEL 2,HARD BAKE,DEVELOP PHOTORESIST
valid_ic_seq_0897_80,OPEN PAD WINDOW LITHO,PAD WINDOW LITHO,DEVELOP PAD WINDOW,OPEN BOND PAD WINDOW,OPEN PAD WINDOW
valid_ic_seq_0898_60,DEPOSIT TUNGSTEN SEED,FILL VIA TUNGSTEN,ANNEAL POLYSILICON,CURE PASSIVATION,RINSE WET WAFER_EDGE
valid_ic_seq_0898_80,OPEN PAD WINDOW LITHO,PAD WINDOW LITHO,OPEN BOND PAD WINDOW,DEVELOP PAD WINDOW,OPEN PAD WINDOW
valid_ic_seq_0899_60,CLEAN AFTER VIA ETCH,CLEAN AFTER ETCH,CLEAN PAD OPENING,CLEAN AFTER METAL ETCH,DEPOSIT TUNGSTEN SEED
valid_ic_seq_0899_80,DEVELOP PAD WINDOW,DEVELOP PHOTORESIST,POST EXPOSE BAKE,PARAMETRIC TEST,OPEN PAD WINDOW LITHO
valid_ic_seq_0900_60,CLEAN AFTER VIA ETCH,CLEAN AFTER ETCH,CLEAN AFTER METAL ETCH,CLEAN AFTER POLY ETCH,CLEAN PAD OPENING
valid_ic_seq_0900_80,PAD WINDOW LITHO,OPEN PAD WINDOW LITHO,DEVELOP PAD WINDOW,OPEN BOND PAD WINDOW,OPEN PAD WINDOW
valid_ic_seq_0901_60,CLEAN AFTER VIA ETCH,CLEAN AFTER ETCH,CLEAN AFTER METAL ETCH,CLEAN PAD OPENING,CLEAN AFTER POLY ETCH
valid_ic_seq_0901_80,DEVELOP PHOTORESIST,DEVELOP PAD WINDOW,POST EXPOSE BAKE,PAD WINDOW LITHO,OPEN PAD WINDOW LITHO
valid_ic_seq_0902_60,CLEAN AFTER VIA ETCH,CLEAN AFTER ETCH,CLEAN AFTER METAL ETCH,CLEAN PAD OPENING,CLEAN AFTER POLY ETCH
valid_ic_seq_0902_80,OPEN PAD WINDOW,OPEN BOND PAD WINDOW,PAD WINDOW LITHO,OPEN PAD WINDOW LITHO,DEVELOP PAD WINDOW
valid_ic_seq_0903_60,CLEAN AFTER VIA ETCH,CLEAN AFTER ETCH,CLEAN AFTER METAL ETCH,DEPOSIT TUNGSTEN SEED,CLEAN PAD OPENING
valid_ic_seq_0903_80,OPEN PAD WINDOW,OPEN BOND PAD WINDOW,PAD WINDOW LITHO,OPEN PAD WINDOW LITHO,DEVELOP PAD WINDOW
valid_ic_seq_0904_60,VIA ETCH THROUGH DIELECTRIC,VIA ETCH,DIELECTRIC ETCH VIA,HARD BAKE,DEPOSIT INTERLAYER DIELECTRIC
valid_ic_seq_0904_80,MEASURE PASSIVATION QUALITY,MEASURE PASSIVATION THICKNESS,MEASURE FILM THICKNESS,MEASURE OXIDE THICKNESS,DEPOSIT PASSIVATION LAYER
valid_ic_seq_0905_60,STRIP PHOTORESIST,STRIP RESIST,STRIP RESIST LEVEL 2,HARD BAKE,DEVELOP PHOTORESIST
valid_ic_seq_0905_80,OPEN BOND PAD WINDOW,OPEN PAD WINDOW,PAD WINDOW LITHO,OPEN PAD WINDOW LITHO,FINAL LOT RELEASE
valid_ic_seq_0906_60,STRIP PHOTORESIST,STRIP RESIST,STRIP RESIST LEVEL 2,HARD BAKE,DEVELOP PHOTORESIST
valid_ic_seq_0906_80,OPEN BOND PAD WINDOW,OPEN PAD WINDOW,PAD WINDOW LITHO,OPEN PAD WINDOW LITHO,DEVELOP PAD WINDOW
valid_ic_seq_0907_60,DEPOSIT BARRIER METAL,MEASURE VIA CD,IMPLANT N-TYPE,DEPOSIT POLYSILICON,DEPOSIT PASSIVATION
valid_ic_seq_0907_80,PAD WINDOW LITHO,OPEN PAD WINDOW LITHO,OPEN BOND PAD WINDOW,DEVELOP PAD WINDOW,OPEN PAD WINDOW
valid_ic_seq_0908_60,CLEAN AFTER VIA ETCH,CLEAN AFTER ETCH,CLEAN PAD OPENING,CLEAN AFTER METAL ETCH,CLEAN AFTER POLY ETCH
valid_ic_seq_0908_80,OPEN PAD WINDOW LITHO,PAD WINDOW LITHO,DEVELOP PAD WINDOW,OPEN BOND PAD WINDOW,OPEN PAD WINDOW
valid_ic_seq_0909_60,CLEAN AFTER VIA ETCH,ALIGN MASK LEVEL 3,DEPOSIT TUNGSTEN SEED,CLEAN AFTER ETCH,CLEAN PAD OPENING
valid_ic_seq_0909_80,OPEN PAD WINDOW LITHO,PAD WINDOW LITHO,DEVELOP PAD WINDOW,OPEN BOND PAD WINDOW,OPEN PAD WINDOW
valid_ic_seq_0910_60,MEASURE VIA CD,DEPOSIT BARRIER METAL,MEASURE SHEET RESISTANCE,SPIN COAT PHOTORESIST,DEPOSIT METAL 1
valid_ic_seq_0910_80,PASSIVATION ETCH,PASSIVATION ETCH PAD OPENING,VIA ETCH THROUGH DIELECTRIC,VIA ETCH,DIELECTRIC ETCH VIA
valid_ic_seq_0911_60,MEASURE VIA CD,DEPOSIT BARRIER METAL,MEASURE SHEET RESISTANCE,DEPOSIT METAL 1,SPIN COAT PHOTORESIST
valid_ic_seq_0911_80,DEVELOP PAD WINDOW,DEVELOP PHOTORESIST,POST EXPOSE BAKE,OPEN PAD WINDOW LITHO,PARAMETRIC TEST
valid_ic_seq_0912_60,MEASURE VIA CD,DEPOSIT BARRIER METAL,MEASURE SHEET RESISTANCE,DEPOSIT METAL 1,DEPOSIT PASSIVATION
valid_ic_seq_0912_80,DEVELOP PHOTORESIST,DEVELOP PAD WINDOW,POST EXPOSE BAKE,OPEN PAD WINDOW,OPEN PAD WINDOW LITHO
valid_ic_seq_0913_60,VIA OPENING INSPECTION,VIA INSPECTION,PRE CLEAN INSPECTION,INITIAL WAFER INSPECTION,FINAL PARTICLE INSPECTION
valid_ic_seq_0913_80,CURE PASSIVATION,ANNEAL POLYSILICON,RINSE WET WAFER_EDGE,FILL VIA TUNGSTEN,DRY WAFER BACKSIDE
valid_ic_seq_0914_60,STRIP PHOTORESIST,STRIP RESIST,STRIP RESIST LEVEL 2,HARD BAKE,DEVELOP PHOTORESIST
valid_ic_seq_0914_80,OPEN PAD WINDOW,OPEN BOND PAD WINDOW,PAD WINDOW LITHO,OPEN PAD WINDOW LITHO,MEASURE SHEET RESISTANCE
valid_ic_seq_0915_60,STRIP PHOTORESIST,STRIP RESIST,STRIP RESIST LEVEL 2,HARD BAKE,DEVELOP PHOTORESIST
valid_ic_seq_0915_80,OPEN PAD WINDOW,OPEN BOND PAD WINDOW,PAD WINDOW LITHO,OPEN PAD WINDOW LITHO,DEVELOP PAD WINDOW
valid_ic_seq_0916_60,CLEAN AFTER VIA ETCH,CLEAN AFTER ETCH,CLEAN AFTER METAL ETCH,CLEAN AFTER POLY ETCH,CLEAN PAD OPENING
valid_ic_seq_0916_80,OPEN PAD WINDOW LITHO,PAD WINDOW LITHO,OPEN BOND PAD WINDOW,OPEN PAD WINDOW,DEVELOP PAD WINDOW
valid_ic_seq_0917_60,CLEAN AFTER VIA ETCH,DEPOSIT TUNGSTEN SEED,ALIGN MASK LEVEL 3,CLEAN AFTER ETCH,CLEAN PAD OPENING
valid_ic_seq_0917_80,PAD WINDOW LITHO,OPEN PAD WINDOW LITHO,OPEN BOND PAD WINDOW,OPEN PAD WINDOW,DEVELOP PAD WINDOW
valid_ic_seq_0918_60,MEASURE VIA CD,DEPOSIT BARRIER METAL,MEASURE SHEET RESISTANCE,SPIN COAT PHOTORESIST,DEPOSIT POLYSILICON
valid_ic_seq_0918_80,OPEN PAD WINDOW LITHO,PAD WINDOW LITHO,DEVELOP PAD WINDOW,OPEN BOND PAD WINDOW,OPEN PAD WINDOW
valid_ic_seq_0919_60,CLEAN AFTER VIA ETCH,CLEAN AFTER ETCH,CLEAN AFTER METAL ETCH,CLEAN PAD OPENING,ALIGN MASK LEVEL 3
valid_ic_seq_0919_80,MEASURE PASSIVATION QUALITY,MEASURE PASSIVATION THICKNESS,MEASURE FILM THICKNESS,MEASURE OXIDE THICKNESS,DEPOSIT PASSIVATION LAYER
valid_ic_seq_0920_60,HARD BAKE,VIA ETCH THROUGH DIELECTRIC,DIELECTRIC ETCH VIA,VIA ETCH,POLYSILICON ETCH DRY
valid_ic_seq_0920_80,MEASURE PASSIVATION QUALITY,MEASURE PASSIVATION THICKNESS,MEASURE FILM THICKNESS,DEPOSIT PASSIVATION LAYER,MEASURE OXIDE THICKNESS
valid_ic_seq_0921_60,VIA ETCH THROUGH DIELECTRIC,VIA ETCH,DIELECTRIC ETCH VIA,HARD BAKE,DEPOSIT INTERLAYER DIELECTRIC
valid_ic_seq_0921_80,OPEN PAD WINDOW,OPEN BOND PAD WINDOW,PAD WINDOW LITHO,OPEN PAD WINDOW LITHO,DEVELOP PAD WINDOW
valid_ic_seq_0922_60,HARD BAKE,DIELECTRIC ETCH VIA,VIA ETCH,VIA ETCH THROUGH DIELECTRIC,POLYSILICON ETCH DRY
valid_ic_seq_0922_80,CURE PASSIVATION,RINSE WET WAFER_EDGE,ANNEAL POLYSILICON,DRY WAFER BACKSIDE,CLEAN PAD OPENING
valid_ic_seq_0923_60,CLEAN AFTER VIA ETCH,CLEAN AFTER ETCH,CLEAN AFTER METAL ETCH,DEPOSIT TUNGSTEN SEED,CLEAN AFTER POLY ETCH
valid_ic_seq_0923_80,OPEN PAD WINDOW,OPEN BOND PAD WINDOW,PAD WINDOW LITHO,OPEN PAD WINDOW LITHO,PASSIVATION ETCH PAD OPENING
valid_ic_seq_0924_60,DEPOSIT TUNGSTEN SEED,FILL VIA TUNGSTEN,DEPOSIT PAD OXIDE,ANNEAL POLYSILICON,SURFACE PREP FOR DEPOSITION
valid_ic_seq_0924_80,DEVELOP PHOTORESIST,DEVELOP PAD WINDOW,POST EXPOSE BAKE,PARAMETRIC TEST,OPEN PAD WINDOW LITHO
valid_ic_seq_0925_60,VIA INSPECTION,VIA OPENING INSPECTION,PRE CLEAN INSPECTION,INITIAL WAFER INSPECTION,MEASURE VIA CD
valid_ic_seq_0925_80,DEPOSIT PASSIVATION LAYER,DEPOSIT PASSIVATION,MEASURE LINE WIDTH,DEPOSIT POLYSILICON,DEPOSIT BARRIER METAL
valid_ic_seq_0926_60,STRIP RESIST,STRIP PHOTORESIST,STRIP RESIST LEVEL 2,HARD BAKE,DEVELOP PHOTORESIST
valid_ic_seq_0926_80,OPEN PAD WINDOW,OPEN BOND PAD WINDOW,PAD WINDOW LITHO,OPEN PAD WINDOW LITHO,DEVELOP PAD WINDOW
valid_ic_seq_0927_60,MEASURE VIA CD,DEPOSIT BARRIER METAL,DEPOSIT METAL 1,SPIN COAT PHOTORESIST,DEPOSIT TOP METAL
valid_ic_seq_0927_80,OPEN PAD WINDOW LITHO,PAD WINDOW LITHO,OPEN BOND PAD WINDOW,DEVELOP PAD WINDOW,OPEN PAD WINDOW
valid_ic_seq_0928_60,CLEAN AFTER VIA ETCH,CLEAN AFTER ETCH,CLEAN AFTER METAL ETCH,CLEAN AFTER POLY ETCH,CLEAN PAD OPENING
valid_ic_seq_0928_80,DEVELOP PAD WINDOW,DEVELOP PHOTORESIST,POST EXPOSE BAKE,OPEN PAD WINDOW LITHO,PAD WINDOW LITHO
valid_ic_seq_0929_60,HARD BAKE,VIA ETCH THROUGH DIELECTRIC,DIELECTRIC ETCH VIA,VIA ETCH,POLYSILICON ETCH DRY
valid_ic_seq_0929_80,OPEN PAD WINDOW,OPEN BOND PAD WINDOW,PAD WINDOW LITHO,OPEN PAD WINDOW LITHO,DEVELOP PAD WINDOW
valid_ic_seq_0930_60,STRIP PHOTORESIST,STRIP RESIST,STRIP RESIST LEVEL 2,HARD BAKE,DEVELOP PHOTORESIST
valid_ic_seq_0930_80,OPEN BOND PAD WINDOW,OPEN PAD WINDOW,PAD WINDOW LITHO,OPEN PAD WINDOW LITHO,PASSIVATION ETCH PAD OPENING
valid_ic_seq_0931_60,STRIP PHOTORESIST,STRIP RESIST,STRIP RESIST LEVEL 2,HARD BAKE,DEVELOP PHOTORESIST
valid_ic_seq_0931_80,MEASURE PASSIVATION THICKNESS,MEASURE PASSIVATION QUALITY,MEASURE FILM THICKNESS,DEPOSIT PASSIVATION LAYER,MEASURE OXIDE THICKNESS
valid_ic_seq_0932_60,CLEAN AFTER VIA ETCH,CLEAN AFTER ETCH,CLEAN AFTER METAL ETCH,CLEAN PAD OPENING,DEPOSIT TUNGSTEN SEED
valid_ic_seq_0932_80,PAD WINDOW LITHO,OPEN PAD WINDOW LITHO,DEVELOP PAD WINDOW,OPEN BOND PAD WINDOW,OPEN PAD WINDOW
valid_ic_seq_0933_60,DEPOSIT BARRIER METAL,MEASURE VIA CD,DEPOSIT POLYSILICON,IMPLANT N-TYPE,DEPOSIT PASSIVATION
valid_ic_seq_0933_80,DEVELOP PAD WINDOW,DEVELOP PHOTORESIST,POST EXPOSE BAKE,PARAMETRIC TEST,OPEN PAD WINDOW LITHO
valid_ic_seq_0934_60,HARD BAKE,DIELECTRIC ETCH VIA,VIA ETCH,VIA ETCH THROUGH DIELECTRIC,POLYSILICON ETCH DRY
valid_ic_seq_0934_80,MEASURE PASSIVATION QUALITY,MEASURE PASSIVATION THICKNESS,MEASURE FILM THICKNESS,PASSIVATION ETCH PAD OPENING,MEASURE OXIDE THICKNESS
valid_ic_seq_0935_60,DEPOSIT BARRIER METAL,MEASURE VIA CD,IMPLANT N-TYPE,DEPOSIT POLYSILICON,DEPOSIT PASSIVATION
valid_ic_seq_0935_80,DEVELOP PHOTORESIST,DEVELOP PAD WINDOW,POST EXPOSE BAKE,OPEN PAD WINDOW LITHO,PARAMETRIC TEST
valid_ic_seq_0936_60,CLEAN AFTER VIA ETCH,CLEAN AFTER ETCH,DEPOSIT TUNGSTEN SEED,CLEAN AFTER METAL ETCH,CLEAN AFTER POLY ETCH
valid_ic_seq_0936_80,MEASURE PASSIVATION QUALITY,MEASURE PASSIVATION THICKNESS,MEASURE FILM THICKNESS,MEASURE OXIDE THICKNESS,DEPOSIT PASSIVATION LAYER
valid_ic_seq_0937_60,MEASURE VIA CD,DEPOSIT BARRIER METAL,MEASURE SHEET RESISTANCE,SPIN COAT PHOTORESIST,DEPOSIT METAL 1
valid_ic_seq_0937_80,DEVELOP PAD WINDOW,DEVELOP PHOTORESIST,POST EXPOSE BAKE,OPEN PAD WINDOW LITHO,PAD WINDOW LITHO
valid_ic_seq_0938_60,CLEAN AFTER VIA ETCH,CLEAN AFTER ETCH,DEPOSIT TUNGSTEN SEED,CLEAN AFTER METAL ETCH,CLEAN AFTER POLY ETCH
valid_ic_seq_0938_80,OPEN PAD WINDOW LITHO,PAD WINDOW LITHO,DEVELOP PAD WINDOW,OPEN BOND PAD WINDOW,OPEN PAD WINDOW
valid_ic_seq_0939_60,STRIP PHOTORESIST,STRIP RESIST,STRIP RESIST LEVEL 2,HARD BAKE,DEVELOP PHOTORESIST
valid_ic_seq_0939_80,OPEN BOND PAD WINDOW,OPEN PAD WINDOW,PAD WINDOW LITHO,OPEN PAD WINDOW LITHO,PASSIVATION ETCH PAD OPENING
valid_ic_seq_0940_60,CLEAN AFTER VIA ETCH,ALIGN MASK LEVEL 3,DEPOSIT TUNGSTEN SEED,CLEAN AFTER ETCH,CLEAN PAD OPENING
valid_ic_seq_0940_80,OPEN PAD WINDOW LITHO,PAD WINDOW LITHO,OPEN BOND PAD WINDOW,OPEN PAD WINDOW,DEVELOP PAD WINDOW
valid_ic_seq_0941_60,STRIP PHOTORESIST,STRIP RESIST,STRIP RESIST LEVEL 2,HARD BAKE,DEVELOP PHOTORESIST
valid_ic_seq_0941_80,MEASURE PASSIVATION QUALITY,MEASURE PASSIVATION THICKNESS,MEASURE FILM THICKNESS,MEASURE OXIDE THICKNESS,DEPOSIT PASSIVATION LAYER
valid_ic_seq_0942_60,DEPOSIT BARRIER METAL,MEASURE VIA CD,IMPLANT N-TYPE,DEPOSIT POLYSILICON,DEPOSIT PASSIVATION
valid_ic_seq_0942_80,DEVELOP PAD WINDOW,DEVELOP PHOTORESIST,POST EXPOSE BAKE,PARAMETRIC TEST,OPEN PAD WINDOW LITHO
valid_ic_seq_0943_60,MEASURE VIA CD,DEPOSIT BARRIER METAL,DEPOSIT METAL 1,MEASURE VIA RESISTANCE,MEASURE SHEET RESISTANCE
valid_ic_seq_0943_80,DEVELOP PAD WINDOW,DEVELOP PHOTORESIST,POST EXPOSE BAKE,PARAMETRIC TEST,OPEN PAD WINDOW LITHO
valid_ic_seq_0944_60,CLEAN AFTER VIA ETCH,CLEAN AFTER ETCH,CLEAN PAD OPENING,CLEAN AFTER METAL ETCH,RCA CLEAN 2
valid_ic_seq_0944_80,OPEN PAD WINDOW LITHO,PAD WINDOW LITHO,DEVELOP PAD WINDOW,OPEN BOND PAD WINDOW,OPEN PAD WINDOW
valid_ic_seq_0945_60,STRIP PHOTORESIST,STRIP RESIST,STRIP RESIST LEVEL 2,HARD BAKE,DEVELOP PHOTORESIST
valid_ic_seq_0945_80,DEVELOP PAD WINDOW,DEVELOP PHOTORESIST,POST EXPOSE BAKE,OPEN PAD WINDOW LITHO,PAD WINDOW LITHO
valid_ic_seq_0946_60,CLEAN AFTER VIA ETCH,CLEAN AFTER ETCH,CLEAN AFTER METAL ETCH,DEPOSIT TUNGSTEN SEED,CLEAN AFTER POLY ETCH
valid_ic_seq_0946_80,OPEN PAD WINDOW LITHO,PAD WINDOW LITHO,OPEN BOND PAD WINDOW,OPEN PAD WINDOW,DEVELOP PAD WINDOW
valid_ic_seq_0947_60,DEPOSIT BARRIER METAL,MEASURE VIA CD,DEPOSIT POLYSILICON,IMPLANT N-TYPE,DEPOSIT PASSIVATION
valid_ic_seq_0947_80,OPEN PAD WINDOW LITHO,PAD WINDOW LITHO,DEVELOP PAD WINDOW,OPEN BOND PAD WINDOW,OPEN PAD WINDOW
valid_ic_seq_0948_60,CLEAN AFTER VIA ETCH,CLEAN AFTER ETCH,CLEAN AFTER METAL ETCH,CLEAN AFTER POLY ETCH,CLEAN PAD OPENING
valid_ic_seq_0948_80,OPEN PAD WINDOW LITHO,PAD WINDOW LITHO,DEVELOP PAD WINDOW,OPEN BOND PAD WINDOW,OPEN PAD WINDOW
valid_ic_seq_0949_60,FILL VIA TUNGSTEN,DEPOSIT TUNGSTEN SEED,SURFACE PREP FOR DEPOSITION,ANNEAL OXIDE,CURE PASSIVATION
valid_ic_seq_0949_80,DEVELOP PAD WINDOW,DEVELOP PHOTORESIST,POST EXPOSE BAKE,OPEN PAD WINDOW LITHO,PARAMETRIC TEST
valid_ic_seq_0950_60,CLEAN AFTER VIA ETCH,CLEAN AFTER ETCH,CLEAN AFTER METAL ETCH,DEPOSIT TUNGSTEN SEED,CLEAN PAD OPENING
valid_ic_seq_0950_80,DEVELOP PAD WINDOW,DEVELOP PHOTORESIST,POST EXPOSE BAKE,PARAMETRIC TEST,OPEN PAD WINDOW LITHO
valid_ic_seq_0951_60,MEASURE VIA CD,DEPOSIT BARRIER METAL,SPIN COAT PHOTORESIST,MEASURE SHEET RESISTANCE,MEASURE METAL THICKNESS
valid_ic_seq_0951_80,DEVELOP PAD WINDOW,DEVELOP PHOTORESIST,POST EXPOSE BAKE,OPEN PAD WINDOW LITHO,PAD WINDOW LITHO
valid_ic_seq_0952_60,MEASURE VIA CD,DEPOSIT BARRIER METAL,MEASURE VIA RESISTANCE,DEPOSIT METAL 1,MEASURE SHEET RESISTANCE
valid_ic_seq_0952_80,DEVELOP PAD WINDOW,DEVELOP PHOTORESIST,POST EXPOSE BAKE,PARAMETRIC TEST,OPEN PAD WINDOW LITHO
valid_ic_seq_0953_60,CLEAN AFTER VIA ETCH,CLEAN AFTER ETCH,CLEAN AFTER METAL ETCH,CLEAN PAD OPENING,DEPOSIT TUNGSTEN SEED
valid_ic_seq_0953_80,DEVELOP PHOTORESIST,DEVELOP PAD WINDOW,POST EXPOSE BAKE,OPEN PAD WINDOW LITHO,PARAMETRIC TEST
valid_ic_seq_0954_60,CLEAN AFTER VIA ETCH,CLEAN AFTER ETCH,DEPOSIT TUNGSTEN SEED,CLEAN AFTER METAL ETCH,CLEAN AFTER POLY ETCH
valid_ic_seq_0954_80,OPEN PAD WINDOW LITHO,PAD WINDOW LITHO,DEVELOP PAD WINDOW,OPEN BOND PAD WINDOW,OPEN PAD WINDOW
valid_ic_seq_0955_60,CLEAN AFTER VIA ETCH,ALIGN MASK LEVEL 3,DEPOSIT TUNGSTEN SEED,CLEAN AFTER ETCH,CLEAN PAD OPENING
valid_ic_seq_0955_80,DEVELOP PAD WINDOW,DEVELOP PHOTORESIST,POST EXPOSE BAKE,PARAMETRIC TEST,OPEN PAD WINDOW LITHO
valid_ic_seq_0956_60,CLEAN AFTER VIA ETCH,CLEAN AFTER ETCH,ALIGN MASK LEVEL 3,CLEAN AFTER METAL ETCH,CLEAN PAD OPENING
valid_ic_seq_0956_80,OPEN BOND PAD WINDOW,OPEN PAD WINDOW,PAD WINDOW LITHO,OPEN PAD WINDOW LITHO,PARAMETRIC TEST
valid_ic_seq_0957_60,CLEAN AFTER VIA ETCH,CLEAN AFTER ETCH,CLEAN AFTER METAL ETCH,CLEAN PAD OPENING,DEPOSIT TUNGSTEN SEED
valid_ic_seq_0957_80,OPEN PAD WINDOW,OPEN BOND PAD WINDOW,PAD WINDOW LITHO,OPEN PAD WINDOW LITHO,DEVELOP PAD WINDOW
valid_ic_seq_0958_60,STRIP PHOTORESIST,STRIP RESIST,STRIP RESIST LEVEL 2,HARD BAKE,DEVELOP PHOTORESIST
valid_ic_seq_0958_80,OPEN BOND PAD WINDOW,OPEN PAD WINDOW,PAD WINDOW LITHO,OPEN PAD WINDOW LITHO,PASSIVATION ETCH PAD OPENING
valid_ic_seq_0959_60,MEASURE VIA CD,DEPOSIT BARRIER METAL,DEPOSIT METAL 1,MEASURE VIA RESISTANCE,MEASURE SHEET RESISTANCE
valid_ic_seq_0959_80,DEVELOP PHOTORESIST,DEVELOP PAD WINDOW,POST EXPOSE BAKE,PARAMETRIC TEST,OPEN PAD WINDOW LITHO
valid_ic_seq_0960_60,CLEAN AFTER VIA ETCH,CLEAN AFTER ETCH,CLEAN AFTER METAL ETCH,CLEAN AFTER POLY ETCH,CLEAN PAD OPENING
valid_ic_seq_0960_80,DEVELOP PHOTORESIST,DEVELOP PAD WINDOW,POST EXPOSE BAKE,PARAMETRIC TEST,OPEN PAD WINDOW LITHO
valid_ic_seq_0961_60,DEPOSIT TUNGSTEN SEED,FILL VIA TUNGSTEN,ANNEAL POLYSILICON,RINSE WET WAFER_EDGE,SURFACE PREP FOR DEPOSITION
valid_ic_seq_0961_80,PAD WINDOW LITHO,OPEN PAD WINDOW LITHO,OPEN BOND PAD WINDOW,OPEN PAD WINDOW,DEVELOP PAD WINDOW
valid_ic_seq_0962_60,CLEAN AFTER VIA ETCH,CLEAN AFTER ETCH,DEPOSIT TUNGSTEN SEED,CLEAN AFTER POLY ETCH,CLEAN AFTER METAL ETCH
valid_ic_seq_0962_80,OPEN PAD WINDOW LITHO,PAD WINDOW LITHO,OPEN BOND PAD WINDOW,DEVELOP PAD WINDOW,OPEN PAD WINDOW
valid_ic_seq_0963_60,CLEAN AFTER VIA ETCH,CLEAN AFTER ETCH,DEPOSIT TUNGSTEN SEED,CLEAN AFTER METAL ETCH,CLEAN AFTER POLY ETCH
valid_ic_seq_0963_80,OPEN PAD WINDOW LITHO,PAD WINDOW LITHO,DEVELOP PAD WINDOW,OPEN BOND PAD WINDOW,DEVELOP PHOTORESIST
valid_ic_seq_0964_60,CLEAN AFTER VIA ETCH,CLEAN AFTER ETCH,DEPOSIT TUNGSTEN SEED,CLEAN AFTER METAL ETCH,CLEAN AFTER POLY ETCH
valid_ic_seq_0964_80,OPEN PAD WINDOW LITHO,PAD WINDOW LITHO,DEVELOP PAD WINDOW,OPEN BOND PAD WINDOW,OPEN PAD WINDOW
valid_ic_seq_0965_60,VIA ETCH,VIA ETCH THROUGH DIELECTRIC,DIELECTRIC ETCH VIA,HARD BAKE,DEPOSIT INTERLEVEL DIELECTRIC
valid_ic_seq_0965_80,MEASURE PASSIVATION THICKNESS,MEASURE PASSIVATION QUALITY,MEASURE FILM THICKNESS,MEASURE OXIDE THICKNESS,DEPOSIT PASSIVATION LAYER
valid_ic_seq_0966_60,CLEAN AFTER VIA ETCH,CLEAN AFTER ETCH,CLEAN AFTER METAL ETCH,CLEAN PAD OPENING,CLEAN AFTER POLY ETCH
valid_ic_seq_0966_80,OPEN PAD WINDOW LITHO,PAD WINDOW LITHO,DEVELOP PAD WINDOW,OPEN BOND PAD WINDOW,OPEN PAD WINDOW
valid_ic_seq_0967_60,STRIP PHOTORESIST,STRIP RESIST,STRIP RESIST LEVEL 2,HARD BAKE,DEVELOP PHOTORESIST
valid_ic_seq_0967_80,OPEN PAD WINDOW LITHO,PAD WINDOW LITHO,DEVELOP PAD WINDOW,OPEN BOND PAD WINDOW,OPEN PAD WINDOW
valid_ic_seq_0968_60,STRIP PHOTORESIST,STRIP RESIST,STRIP RESIST LEVEL 2,HARD BAKE,DEVELOP PHOTORESIST
valid_ic_seq_0968_80,OPEN PAD WINDOW,OPEN BOND PAD WINDOW,PAD WINDOW LITHO,OPEN PAD WINDOW LITHO,MEASURE SHEET RESISTANCE
valid_ic_seq_0969_60,STRIP PHOTORESIST,STRIP RESIST,STRIP RESIST LEVEL 2,HARD BAKE,DEVELOP PHOTORESIST
valid_ic_seq_0969_80,OPEN BOND PAD WINDOW,OPEN PAD WINDOW,PAD WINDOW LITHO,OPEN PAD WINDOW LITHO,PASSIVATION ETCH PAD OPENING
valid_ic_seq_0970_60,CLEAN AFTER VIA ETCH,CLEAN AFTER ETCH,DEPOSIT TUNGSTEN SEED,CLEAN AFTER POLY ETCH,CLEAN AFTER METAL ETCH
valid_ic_seq_0970_80,OPEN PAD WINDOW,OPEN BOND PAD WINDOW,PAD WINDOW LITHO,OPEN PAD WINDOW LITHO,DEVELOP PAD WINDOW
valid_ic_seq_0971_60,DEPOSIT BARRIER METAL,MEASURE VIA CD,DEPOSIT POLYSILICON,IMPLANT N-TYPE,DEPOSIT METAL 1
valid_ic_seq_0971_80,PASSIVATION ETCH PAD OPENING,PASSIVATION ETCH,SWITCHING TEST,VIA ETCH THROUGH DIELECTRIC,VIA ETCH
valid_ic_seq_0972_60,STRIP PHOTORESIST,STRIP RESIST,STRIP RESIST LEVEL 2,HARD BAKE,DEVELOP PHOTORESIST
valid_ic_seq_0972_80,OPEN PAD WINDOW,OPEN BOND PAD WINDOW,PAD WINDOW LITHO,OPEN PAD WINDOW LITHO,DEVELOP PAD WINDOW
valid_ic_seq_0973_60,MEASURE VIA CD,DEPOSIT BARRIER METAL,MEASURE CD LEVEL 1,DEPOSIT POLYSILICON,MEASURE SHEET RESISTANCE
valid_ic_seq_0973_80,OPEN BOND PAD WINDOW,OPEN PAD WINDOW,PAD WINDOW LITHO,OPEN PAD WINDOW LITHO,MEASURE SHEET RESISTANCE
valid_ic_seq_0974_60,MEASURE VIA CD,DEPOSIT BARRIER METAL,MEASURE SHEET RESISTANCE,DEPOSIT METAL 1,MEASURE VIA RESISTANCE
valid_ic_seq_0974_80,PASSIVATION ETCH PAD OPENING,PASSIVATION ETCH,SWITCHING TEST,SHIP LOT,VIA ETCH THROUGH DIELECTRIC
valid_ic_seq_0975_60,CLEAN AFTER VIA ETCH,CLEAN AFTER ETCH,DEPOSIT TUNGSTEN SEED,CLEAN AFTER METAL ETCH,CLEAN AFTER POLY ETCH
valid_ic_seq_0975_80,OPEN PAD WINDOW LITHO,PAD WINDOW LITHO,OPEN BOND PAD WINDOW,OPEN PAD WINDOW,DEVELOP PAD WINDOW
valid_ic_seq_0976_60,STRIP PHOTORESIST,STRIP RESIST,STRIP RESIST LEVEL 2,HARD BAKE,DEVELOP PHOTORESIST
valid_ic_seq_0976_80,MEASURE PASSIVATION THICKNESS,MEASURE PASSIVATION QUALITY,MEASURE FILM THICKNESS,MEASURE OXIDE THICKNESS,DEPOSIT PASSIVATION LAYER
valid_ic_seq_0977_60,CLEAN AFTER VIA ETCH,CLEAN AFTER ETCH,CLEAN AFTER METAL ETCH,CLEAN AFTER POLY ETCH,CLEAN PAD OPENING
valid_ic_seq_0977_80,PAD WINDOW LITHO,OPEN PAD WINDOW LITHO,OPEN BOND PAD WINDOW,OPEN PAD WINDOW,DEVELOP PAD WINDOW
valid_ic_seq_0978_60,CLEAN AFTER VIA ETCH,CLEAN AFTER ETCH,CLEAN AFTER METAL ETCH,CLEAN AFTER POLY ETCH,CLEAN PAD OPENING
valid_ic_seq_0978_80,OPEN PAD WINDOW LITHO,PAD WINDOW LITHO,DEVELOP PAD WINDOW,OPEN BOND PAD WINDOW,OPEN PAD WINDOW
valid_ic_seq_0979_60,STRIP RESIST,STRIP PHOTORESIST,STRIP RESIST LEVEL 2,HARD BAKE,DEVELOP PHOTORESIST
valid_ic_seq_0979_80,OPEN PAD WINDOW,OPEN BOND PAD WINDOW,PAD WINDOW LITHO,OPEN PAD WINDOW LITHO,PASSIVATION ETCH PAD OPENING
valid_ic_seq_0980_60,CLEAN AFTER VIA ETCH,CLEAN AFTER ETCH,CLEAN AFTER METAL ETCH,CLEAN AFTER POLY ETCH,CLEAN PAD OPENING
valid_ic_seq_0980_80,OPEN PAD WINDOW,OPEN BOND PAD WINDOW,PAD WINDOW LITHO,OPEN PAD WINDOW LITHO,FINAL LOT RELEASE
valid_ic_seq_0981_60,CLEAN AFTER VIA ETCH,CLEAN AFTER ETCH,DEPOSIT TUNGSTEN SEED,CLEAN AFTER METAL ETCH,SURFACE PREP FOR DEPOSITION
valid_ic_seq_0981_80,DEVELOP PAD WINDOW,DEVELOP PHOTORESIST,POST EXPOSE BAKE,HARD BAKE,OPEN PAD WINDOW LITHO
valid_ic_seq_0982_60,STRIP PHOTORESIST,STRIP RESIST,STRIP RESIST LEVEL 2,HARD BAKE,DEVELOP PHOTORESIST
valid_ic_seq_0982_80,OPEN PAD WINDOW,OPEN BOND PAD WINDOW,PAD WINDOW LITHO,OPEN PAD WINDOW LITHO,DEVELOP PAD WINDOW
valid_ic_seq_0983_60,CLEAN AFTER VIA ETCH,ALIGN MASK LEVEL 3,DEPOSIT TUNGSTEN SEED,CLEAN AFTER ETCH,CLEAN AFTER POLY ETCH
valid_ic_seq_0983_80,OPEN PAD WINDOW LITHO,PAD WINDOW LITHO,OPEN BOND PAD WINDOW,OPEN PAD WINDOW,DEVELOP PAD WINDOW
valid_ic_seq_0984_60,MEASURE VIA CD,DEPOSIT BARRIER METAL,MEASURE SHEET RESISTANCE,DEPOSIT METAL 1,SPIN COAT PHOTORESIST
valid_ic_seq_0984_80,DEVELOP PAD WINDOW,DEVELOP PHOTORESIST,POST EXPOSE BAKE,OPEN PAD WINDOW LITHO,PAD WINDOW LITHO
valid_ic_seq_0985_60,STRIP PHOTORESIST,STRIP RESIST,STRIP RESIST LEVEL 2,HARD BAKE,DEVELOP PHOTORESIST
valid_ic_seq_0985_80,OPEN PAD WINDOW,OPEN BOND PAD WINDOW,PAD WINDOW LITHO,OPEN PAD WINDOW LITHO,DEVELOP PAD WINDOW
valid_ic_seq_0986_60,MEASURE VIA CD,DEPOSIT BARRIER METAL,DEPOSIT METAL 1,MEASURE SHEET RESISTANCE,SPIN COAT PHOTORESIST
valid_ic_seq_0986_80,STRIP PHOTORESIST,STRIP RESIST,STRIP RESIST LEVEL 2,HARD BAKE,DEVELOP PHOTORESIST
valid_ic_seq_0987_60,DEPOSIT BARRIER METAL,MEASURE VIA CD,DEPOSIT POLYSILICON,IMPLANT N-TYPE,DEPOSIT INTERLAYER DIELECTRIC
valid_ic_seq_0987_80,DEVELOP PHOTORESIST,DEVELOP PAD WINDOW,POST EXPOSE BAKE,PARAMETRIC TEST,OPEN PAD WINDOW LITHO
valid_ic_seq_0988_60,STRIP RESIST,STRIP PHOTORESIST,STRIP RESIST LEVEL 2,HARD BAKE,DEVELOP PHOTORESIST
valid_ic_seq_0988_80,DEVELOP PHOTORESIST,DEVELOP PAD WINDOW,POST EXPOSE BAKE,PARAMETRIC TEST,OPEN PAD WINDOW LITHO
valid_ic_seq_0989_60,DEPOSIT TUNGSTEN SEED,FILL VIA TUNGSTEN,ANNEAL POLYSILICON,SURFACE PREP FOR DEPOSITION,RINSE WET WAFER_EDGE
valid_ic_seq_0989_80,STRIP PHOTORESIST,STRIP RESIST,STRIP RESIST LEVEL 2,HARD BAKE,DEVELOP PHOTORESIST
valid_ic_seq_0990_60,VIA ETCH,VIA ETCH THROUGH DIELECTRIC,DIELECTRIC ETCH VIA,HARD BAKE,DEPOSIT INTERLEVEL DIELECTRIC
valid_ic_seq_0990_80,OPEN PAD WINDOW,OPEN BOND PAD WINDOW,PAD WINDOW LITHO,OPEN PAD WINDOW LITHO,PASSIVATION ETCH PAD OPENING
valid_ic_seq_0991_60,DEPOSIT BARRIER METAL,MEASURE VIA CD,IMPLANT N-TYPE,DEPOSIT POLYSILICON,DEPOSIT PASSIVATION
valid_ic_seq_0991_80,DEVELOP PAD WINDOW,DEVELOP PHOTORESIST,POST EXPOSE BAKE,PARAMETRIC TEST,OPEN PAD WINDOW
valid_ic_seq_0992_60,MEASURE VIA CD,DEPOSIT BARRIER METAL,MEASURE SHEET RESISTANCE,SPIN COAT PHOTORESIST,DEPOSIT METAL 1
valid_ic_seq_0992_80,DEVELOP PHOTORESIST,DEVELOP PAD WINDOW,POST EXPOSE BAKE,OPEN PAD WINDOW LITHO,PARAMETRIC TEST
valid_ic_seq_0993_60,CLEAN AFTER VIA ETCH,CLEAN AFTER ETCH,CLEAN PAD OPENING,ALIGN MASK LEVEL 3,RCA CLEAN 2
valid_ic_seq_0993_80,OPEN PAD WINDOW,OPEN BOND PAD WINDOW,PAD WINDOW LITHO,OPEN PAD WINDOW LITHO,FINAL LOT RELEASE
valid_ic_seq_0994_60,MEASURE VIA CD,DEPOSIT BARRIER METAL,SPIN COAT PHOTORESIST,MEASURE SHEET RESISTANCE,MEASURE METAL THICKNESS
valid_ic_seq_0994_80,OPEN PAD WINDOW,OPEN BOND PAD WINDOW,PAD WINDOW LITHO,OPEN PAD WINDOW LITHO,DEVELOP PAD WINDOW
valid_ic_seq_0995_60,MEASURE VIA CD,DEPOSIT BARRIER METAL,MEASURE SHEET RESISTANCE,SPIN COAT PHOTORESIST,DEPOSIT POLYSILICON
valid_ic_seq_0995_80,OPEN PAD WINDOW LITHO,PAD WINDOW LITHO,DEVELOP PAD WINDOW,OPEN BOND PAD WINDOW,OPEN PAD WINDOW
valid_ic_seq_0996_60,HARD BAKE,VIA ETCH THROUGH DIELECTRIC,DIELECTRIC ETCH VIA,VIA ETCH,POLYSILICON ETCH DRY
valid_ic_seq_0996_80,MEASURE PASSIVATION THICKNESS,MEASURE PASSIVATION QUALITY,DEPOSIT PASSIVATION LAYER,PASSIVATION ETCH PAD OPENING,MEASURE FILM THICKNESS
valid_ic_seq_0997_60,DEPOSIT TUNGSTEN SEED,FILL VIA TUNGSTEN,ANNEAL POLYSILICON,SURFACE PREP FOR DEPOSITION,RINSE WET WAFER_EDGE
valid_ic_seq_0997_80,DEVELOP PAD WINDOW,DEVELOP PHOTORESIST,POST EXPOSE BAKE,PARAMETRIC TEST,OPEN PAD WINDOW LITHO
valid_ic_seq_0998_60,DEPOSIT BARRIER METAL,MEASURE VIA CD,DEPOSIT POLYSILICON,IMPLANT N-TYPE,DEPOSIT METAL 1
valid_ic_seq_0998_80,DEVELOP PHOTORESIST,DEVELOP PAD WINDOW,POST EXPOSE BAKE,OPEN PAD WINDOW LITHO,PAD WINDOW LITHO
valid_ic_seq_0999_60,STRIP RESIST,STRIP PHOTORESIST,STRIP RESIST LEVEL 2,HARD BAKE,DEVELOP PHOTORESIST
valid_ic_seq_0999_80,OPEN PAD WINDOW,OPEN BOND PAD WINDOW,PAD WINDOW LITHO,OPEN PAD WINDOW LITHO,DEVELOP PAD WINDOW
valid_ic_seq_1000_60,MEASURE VIA CD,DEPOSIT BARRIER METAL,DEPOSIT METAL 1,SPIN COAT PHOTORESIST,MEASURE SHEET RESISTANCE
valid_ic_seq_1000_80,DEVELOP PAD WINDOW,DEVELOP PHOTORESIST,POST EXPOSE BAKE,OPEN PAD WINDOW LITHO,PARAMETRIC TEST
valid_igbt_seq_0001_60,ALIGN MASK LEVEL 5,ALIGN MASK LEVEL 6,ALIGN MASK LEVEL 3,ALIGN MASK LEVEL 1,BREAKDOWN VOLTAGE TEST
valid_igbt_seq_0001_80,CURE PASSIVATION,BACKSIDE ANNEAL,BACKSIDE RINSE,ANNEAL DIELECTRIC,POLYSILICON ANNEAL
valid_igbt_seq_0002_60,SOFT BAKE,DEPOSIT METAL SEED,ALIGN MASK LEVEL 5,BACKSIDE RINSE,ALIGN MASK LEVEL 4
valid_igbt_seq_0002_80,CURE PASSIVATION,BACKSIDE ANNEAL,BACKSIDE RINSE,CLEAN PAD OPENING,POLYSILICON ANNEAL
valid_igbt_seq_0003_60,SPIN COAT PHOTORESIST,MEASURE METAL THICKNESS,MEASURE POLY THICKNESS,MEASURE FILM THICKNESS,MEASURE SURFACE PARTICLES
valid_igbt_seq_0003_80,CURE PASSIVATION,BACKSIDE ANNEAL,ANNEAL DIELECTRIC,PASSIVATION ETCH PAD OPENING,BACKSIDE RINSE
valid_igbt_seq_0004_60,MEASURE PLANARITY,MEASURE SURFACE PLANARITY,MEASURE SURFACE PARTICLES,SPIN COAT PHOTORESIST,CMP DIELECTRIC
valid_igbt_seq_0004_80,CURE PASSIVATION,ANNEAL DIELECTRIC,BACKSIDE ANNEAL,PASSIVATION ETCH PAD OPENING,PASSIVATION ETCH
valid_igbt_seq_0005_60,ALIGN MASK LEVEL 5,ALIGN MASK LEVEL 6,ALIGN MASK LEVEL 1,ALIGN MASK LEVEL 3,LEAKAGE TEST
valid_igbt_seq_0005_80,MEASURE PASSIVATION THICKNESS,MEASURE PASSIVATION QUALITY,MEASURE FILM THICKNESS,MEASURE OXIDE THICKNESS,DEPOSIT PASSIVATION LAYER
valid_igbt_seq_0006_60,SOFT BAKE,DEPOSIT METAL SEED,BACKSIDE RINSE,ALIGN MASK LEVEL 5,ALIGN MASK LEVEL 4
valid_igbt_seq_0006_80,CURE PASSIVATION,ANNEAL DIELECTRIC,PASSIVATION ETCH PAD OPENING,BACKSIDE ANNEAL,PASSIVATION ETCH
valid_igbt_seq_0007_60,MEASURE SURFACE PLANARITY,MEASURE PLANARITY,CMP DIELECTRIC,CMP INTERLAYER DIELECTRIC,SPIN COAT PHOTORESIST
valid_igbt_seq_0007_80,CURE PASSIVATION,CLEAN PAD OPENING,BACKSIDE ANNEAL,ANNEAL DIELECTRIC,POLYSILICON ANNEAL
valid_igbt_seq_0008_60,SOFT BAKE,BACKSIDE RINSE,ALIGN MASK LEVEL 5,DEPOSIT METAL SEED,ALIGN MASK LEVEL 4
valid_igbt_seq_0008_80,MEASURE PASSIVATION QUALITY,MEASURE PASSIVATION THICKNESS,MEASURE FILM THICKNESS,MEASURE OXIDE THICKNESS,DEPOSIT PASSIVATION LAYER
valid_igbt_seq_0009_60,MEASURE PLANARITY,MEASURE SURFACE PLANARITY,MEASURE POLY THICKNESS,SPIN COAT PHOTORESIST,MEASURE FILM THICKNESS
valid_igbt_seq_0009_80,DEPOSIT PASSIVATION LAYER,DEPOSIT PASSIVATION,MEASURE LINE WIDTH,DEPOSIT POLYSILICON,CMP DIELECTRIC
valid_igbt_seq_0010_60,SPIN COAT PHOTORESIST,MEASURE METAL THICKNESS,MEASURE POLY THICKNESS,MEASURE FILM THICKNESS,MEASURE SURFACE PARTICLES
valid_igbt_seq_0010_80,CURE PASSIVATION,BACKSIDE RINSE,BACKSIDE ANNEAL,CLEAN PAD OPENING,POLYSILICON ANNEAL
valid_igbt_seq_0011_60,SPIN COAT PHOTORESIST,MEASURE METAL THICKNESS,MEASURE POLY THICKNESS,MEASURE FILM THICKNESS,MEASURE SURFACE PARTICLES
valid_igbt_seq_0011_80,MEASURE PASSIVATION QUALITY,MEASURE PASSIVATION THICKNESS,MEASURE FILM THICKNESS,DEPOSIT PASSIVATION LAYER,MEASURE OXIDE THICKNESS
valid_igbt_seq_0012_60,SOFT BAKE,DEPOSIT METAL SEED,BACKSIDE RINSE,ALIGN MASK LEVEL 5,ALIGN MASK LEVEL 4
valid_igbt_seq_0012_80,MEASURE PASSIVATION QUALITY,MEASURE PASSIVATION THICKNESS,MEASURE FILM THICKNESS,DEPOSIT PASSIVATION LAYER,MEASURE OXIDE THICKNESS
valid_igbt_seq_0013_60,SPIN COAT PHOTORESIST,MEASURE METAL THICKNESS,MEASURE POLY THICKNESS,MEASURE FILM THICKNESS,MEASURE SURFACE PARTICLES
valid_igbt_seq_0013_80,CURE PASSIVATION,BACKSIDE ANNEAL,POLYSILICON ANNEAL,BACKSIDE RINSE,DEPOSIT METAL SEED
valid_igbt_seq_0014_60,MEASURE PLANARITY,MEASURE SURFACE PLANARITY,MEASURE SURFACE PARTICLES,SPIN COAT PHOTORESIST,MEASURE POLY THICKNESS
valid_igbt_seq_0014_80,CURE PASSIVATION,PASSIVATION ETCH PAD OPENING,ANNEAL DIELECTRIC,BACKSIDE ANNEAL,PASSIVATION ETCH
valid_igbt_seq_0015_60,CMP INTERLAYER DIELECTRIC,CMP DIELECTRIC,CMP VIA FILL,CMP METAL,DENSIFY DIELECTRIC
valid_igbt_seq_0015_80,DEPOSIT PASSIVATION LAYER,DEPOSIT PASSIVATION,MEASURE LINE WIDTH,DEPOSIT POLYSILICON,DEPOSIT BARRIER METAL
valid_igbt_seq_0016_60,MEASURE SURFACE PLANARITY,MEASURE PLANARITY,CMP INTERLAYER DIELECTRIC,CMP DIELECTRIC,SPIN COAT PHOTORESIST
valid_igbt_seq_0016_80,CURE PASSIVATION,BACKSIDE ANNEAL,BACKSIDE RINSE,POLYSILICON ANNEAL,CLEAN PAD OPENING
valid_igbt_seq_0017_60,SPIN COAT PHOTORESIST,MEASURE METAL THICKNESS,MEASURE POLY THICKNESS,MEASURE FILM THICKNESS,MEASURE SURFACE PARTICLES
valid_igbt_seq_0017_80,MEASURE PASSIVATION QUALITY,MEASURE PASSIVATION THICKNESS,MEASURE FILM THICKNESS,DEPOSIT PASSIVATION LAYER,MEASURE OXIDE THICKNESS
valid_igbt_seq_0018_60,CMP INTERLAYER DIELECTRIC,CMP DIELECTRIC,CMP VIA FILL,DENSIFY OXIDE,CMP METAL
valid_igbt_seq_0018_80,CURE PASSIVATION,BACKSIDE ANNEAL,PASSIVATION ETCH PAD OPENING,ANNEAL DIELECTRIC,PASSIVATION ETCH
valid_igbt_seq_0019_60,SOFT BAKE,ALIGN MASK LEVEL 5,BACKSIDE RINSE,DEPOSIT METAL SEED,ALIGN MASK LEVEL 4
valid_igbt_seq_0019_80,CURE PASSIVATION,POLYSILICON ANNEAL,BACKSIDE ANNEAL,ANNEAL DIELECTRIC,BACKSIDE RINSE
valid_igbt_seq_0020_60,MEASURE SURFACE PLANARITY,MEASURE PLANARITY,SPIN COAT PHOTORESIST,CMP DIELECTRIC,MEASURE METAL THICKNESS
valid_igbt_seq_0020_80,CURE PASSIVATION,BACKSIDE ANNEAL,ANNEAL DIELECTRIC,BACKSIDE RINSE,CLEAN PAD OPENING
valid_igbt_seq_0021_60,SOFT BAKE,BACKSIDE RINSE,ALIGN MASK LEVEL 5,DEPOSIT METAL SEED,BREAKDOWN VOLTAGE TEST
valid_igbt_seq_0021_80,DEPOSIT PASSIVATION LAYER,DEPOSIT PASSIVATION,MEASURE LINE WIDTH,DEPOSIT POLYSILICON,DEPOSIT INTERLAYER DIELECTRIC
valid_igbt_seq_0022_60,DENSIFY OXIDE,DENSIFY DIELECTRIC,THERMAL OXIDATION,MEASURE JUNCTION DEPTH,ANNEAL METAL 1
valid_igbt_seq_0022_80,DEPOSIT PASSIVATION LAYER,DEPOSIT PASSIVATION,MEASURE LINE WIDTH,DEPOSIT POLYSILICON,DEPOSIT BARRIER METAL
valid_igbt_seq_0023_60,SPIN COAT PHOTORESIST,MEASURE METAL THICKNESS,MEASURE POLY THICKNESS,MEASURE FILM THICKNESS,MEASURE SURFACE PARTICLES
valid_igbt_seq_0023_80,MEASURE PASSIVATION QUALITY,MEASURE PASSIVATION THICKNESS,MEASURE FILM THICKNESS,MEASURE OXIDE THICKNESS,DEPOSIT PASSIVATION LAYER
valid_igbt_seq_0024_60,MEASURE PLANARITY,MEASURE SURFACE PLANARITY,SPIN COAT PHOTORESIST,CMP DIELECTRIC,MEASURE POLY THICKNESS
valid_igbt_seq_0024_80,DEPOSIT PASSIVATION,DEPOSIT PASSIVATION LAYER,MEASURE LINE WIDTH,DEPOSIT BARRIER METAL,DEPOSIT POLYSILICON
valid_igbt_seq_0025_60,CMP DIELECTRIC,CMP INTERLAYER DIELECTRIC,CMP VIA FILL,DENSIFY OXIDE,CMP METAL
valid_igbt_seq_0025_80,CLEAN AFTER METAL ETCH,CLEAN PAD OPENING,CLEAN AFTER OXIDE ETCH,CLEAN AFTER FIELD ETCH,CLEAN AFTER WINDOW ETCH
valid_igbt_seq_0026_60,CMP INTERLAYER DIELECTRIC,CMP DIELECTRIC,CMP VIA FILL,DENSIFY OXIDE,CMP METAL
valid_igbt_seq_0026_80,DEPOSIT PASSIVATION LAYER,DEPOSIT PASSIVATION,MEASURE LINE WIDTH,DEPOSIT POLYSILICON,DEPOSIT BARRIER METAL
valid_igbt_seq_0027_60,CMP INTERLAYER DIELECTRIC,CMP DIELECTRIC,CMP VIA FILL,CMP METAL,DEPOSIT INTERLEVEL DIELECTRIC
valid_igbt_seq_0027_80,DEPOSIT PASSIVATION LAYER,DEPOSIT PASSIVATION,MEASURE LINE WIDTH,DEPOSIT POLYSILICON,DEPOSIT BARRIER METAL
valid_igbt_seq_0028_60,SOFT BAKE,BACKSIDE RINSE,DEPOSIT METAL SEED,ALIGN MASK LEVEL 5,ALIGN MASK LEVEL 4
valid_igbt_seq_0028_80,CURE PASSIVATION,BACKSIDE ANNEAL,ANNEAL DIELECTRIC,CLEAN PAD OPENING,BACKSIDE RINSE
valid_igbt_seq_0029_60,CMP DIELECTRIC,CMP INTERLAYER DIELECTRIC,CMP VIA FILL,CMP METAL,DENSIFY OXIDE
valid_igbt_seq_0029_80,CURE PASSIVATION,POLYSILICON ANNEAL,BACKSIDE ANNEAL,ANNEAL METAL 1,DENSIFY OXIDE
valid_igbt_seq_0030_60,CMP DIELECTRIC,CMP INTERLAYER DIELECTRIC,DENSIFY OXIDE,DENSIFY DIELECTRIC,DEPOSIT INTERLEVEL DIELECTRIC
valid_igbt_seq_0030_80,DEPOSIT PASSIVATION LAYER,DEPOSIT PASSIVATION,MEASURE LINE WIDTH,DEPOSIT POLYSILICON,DEPOSIT INTERLAYER DIELECTRIC
valid_igbt_seq_0031_60,MEASURE PLANARITY,MEASURE SURFACE PLANARITY,CMP DIELECTRIC,CMP INTERLAYER DIELECTRIC,SPIN COAT PHOTORESIST
valid_igbt_seq_0031_80,MEASURE LINE WIDTH,DEPOSIT PASSIVATION LAYER,DEPOSIT PASSIVATION,PASSIVATION ETCH,PARAMETRIC TEST
valid_igbt_seq_0032_60,SPIN COAT PHOTORESIST,MEASURE METAL THICKNESS,MEASURE POLY THICKNESS,MEASURE FILM THICKNESS,MEASURE SURFACE PARTICLES
valid_igbt_seq_0032_80,CURE PASSIVATION,BACKSIDE RINSE,BACKSIDE ANNEAL,CLEAN PAD OPENING,POLYSILICON ANNEAL
valid_igbt_seq_0033_60,MEASURE SURFACE PLANARITY,MEASURE PLANARITY,CMP DIELECTRIC,CMP INTERLAYER DIELECTRIC,MEASURE SURFACE PARTICLES
valid_igbt_seq_0033_80,CURE PASSIVATION,BACKSIDE RINSE,CLEAN PAD OPENING,BACKSIDE ANNEAL,MEASURE BACKSIDE CONTACT
valid_igbt_seq_0034_60,SOFT BAKE,BACKSIDE RINSE,ALIGN MASK LEVEL 5,DEPOSIT METAL SEED,ALIGN MASK LEVEL 4
valid_igbt_seq_0034_80,MEASURE PASSIVATION QUALITY,MEASURE PASSIVATION THICKNESS,DEPOSIT PASSIVATION LAYER,MEASURE FILM THICKNESS,DEPOSIT PASSIVATION
valid_igbt_seq_0035_60,SOFT BAKE,DEPOSIT METAL SEED,BACKSIDE RINSE,ALIGN MASK LEVEL 5,ALIGN MASK LEVEL 4
valid_igbt_seq_0035_80,MEASURE PASSIVATION QUALITY,MEASURE PASSIVATION THICKNESS,MEASURE FILM THICKNESS,MEASURE OXIDE THICKNESS,DEPOSIT PASSIVATION LAYER
valid_igbt_seq_0036_60,CMP DIELECTRIC,CMP INTERLAYER DIELECTRIC,DENSIFY OXIDE,DENSIFY DIELECTRIC,CMP VIA FILL
valid_igbt_seq_0036_80,CURE PASSIVATION,BACKSIDE ANNEAL,ANNEAL METAL 1,ANNEAL METAL,DENSIFY OXIDE
valid_igbt_seq_0037_60,DENSIFY OXIDE,DENSIFY DIELECTRIC,ANNEAL METAL 1,ANNEAL METAL,THERMAL OXIDATION
valid_igbt_seq_0037_80,MEASURE LINE WIDTH,DEPOSIT PASSIVATION LAYER,DEPOSIT PASSIVATION,PASSIVATION ETCH,DEPOSIT INTERLAYER DIELECTRIC
valid_igbt_seq_0038_60,MEASURE PLANARITY,MEASURE SURFACE PLANARITY,CMP DIELECTRIC,CMP INTERLAYER DIELECTRIC,MEASURE SURFACE PARTICLES
valid_igbt_seq_0038_80,CURE PASSIVATION,CLEAN PAD OPENING,BACKSIDE ANNEAL,ANNEAL DIELECTRIC,BACKSIDE RINSE
valid_igbt_seq_0039_60,SPIN COAT PHOTORESIST,MEASURE METAL THICKNESS,MEASURE POLY THICKNESS,MEASURE FILM THICKNESS,MEASURE SURFACE PARTICLES
valid_igbt_seq_0039_80,MEASURE PASSIVATION QUALITY,MEASURE PASSIVATION THICKNESS,MEASURE FILM THICKNESS,MEASURE OXIDE THICKNESS,DEPOSIT PASSIVATION LAYER
valid_igbt_seq_0040_60,MEASURE FILM THICKNESS,MEASURE DIELECTRIC THICKNESS,MEASURE OXIDE THICKNESS,SPIN COAT PHOTORESIST,PARAMETRIC TEST
valid_igbt_seq_0040_80,CURE PASSIVATION,ANNEAL DIELECTRIC,BACKSIDE ANNEAL,FINAL CLEAN,CLEAN PAD OPENING
valid_igbt_seq_0041_60,MEASURE SURFACE PLANARITY,MEASURE PLANARITY,SPIN COAT PHOTORESIST,MEASURE SURFACE PARTICLES,CMP DIELECTRIC
valid_igbt_seq_0041_80,CURE PASSIVATION,BACKSIDE ANNEAL,ANNEAL DIELECTRIC,POLYSILICON ANNEAL,BACKSIDE RINSE
valid_igbt_seq_0042_60,MEASURE FILM THICKNESS,MEASURE DIELECTRIC THICKNESS,MEASURE OXIDE THICKNESS,SPIN COAT PHOTORESIST,PARAMETRIC TEST
valid_igbt_seq_0042_80,MEASURE LINE WIDTH,DEPOSIT PASSIVATION,DEPOSIT PASSIVATION LAYER,DEPOSIT INTERLAYER DIELECTRIC,PASSIVATION ETCH
valid_igbt_seq_0043_60,MEASURE SURFACE PLANARITY,MEASURE PLANARITY,CMP DIELECTRIC,CMP INTERLAYER DIELECTRIC,MEASURE SURFACE PARTICLES
valid_igbt_seq_0043_80,CURE PASSIVATION,BACKSIDE ANNEAL,BACKSIDE RINSE,CLEAN PAD OPENING,POLYSILICON ANNEAL
valid_igbt_seq_0044_60,MEASURE FILM THICKNESS,MEASURE DIELECTRIC THICKNESS,MEASURE OXIDE THICKNESS,SPIN COAT PHOTORESIST,PARAMETRIC TEST
valid_igbt_seq_0044_80,MEASURE LINE WIDTH,DEPOSIT PASSIVATION,DEPOSIT PASSIVATION LAYER,PASSIVATION ETCH,PASSIVATION ETCH PAD OPENING
valid_igbt_seq_0045_60,SOFT BAKE,ALIGN MASK LEVEL 5,DEPOSIT METAL SEED,BACKSIDE RINSE,BREAKDOWN VOLTAGE TEST
valid_igbt_seq_0045_80,MEASURE PASSIVATION QUALITY,MEASURE PASSIVATION THICKNESS,MEASURE FILM THICKNESS,DEPOSIT PASSIVATION LAYER,MEASURE OXIDE THICKNESS
valid_igbt_seq_0046_60,MEASURE PLANARITY,MEASURE SURFACE PLANARITY,MEASURE POLY THICKNESS,SPIN COAT PHOTORESIST,MEASURE SURFACE PARTICLES
valid_igbt_seq_0046_80,CURE PASSIVATION,BACKSIDE RINSE,BACKSIDE ANNEAL,CLEAN PAD OPENING,ANNEAL DIELECTRIC
valid_igbt_seq_0047_60,SPIN COAT PHOTORESIST,MEASURE METAL THICKNESS,MEASURE POLY THICKNESS,MEASURE FILM THICKNESS,MEASURE SURFACE PARTICLES
valid_igbt_seq_0047_80,CURE PASSIVATION,BACKSIDE RINSE,BACKSIDE ANNEAL,POLYSILICON ANNEAL,ANNEAL DIELECTRIC
valid_igbt_seq_0048_60,SPIN COAT PHOTORESIST,MEASURE POLY THICKNESS,MEASURE METAL THICKNESS,MEASURE FILM THICKNESS,MEASURE SURFACE PARTICLES
valid_igbt_seq_0048_80,DEPOSIT PASSIVATION LAYER,DEPOSIT PASSIVATION,MEASURE LINE WIDTH,DEPOSIT POLYSILICON,DEPOSIT BARRIER METAL
valid_igbt_seq_0049_60,SPIN COAT PHOTORESIST,MEASURE POLY THICKNESS,MEASURE METAL THICKNESS,MEASURE FILM THICKNESS,MEASURE SURFACE PARTICLES
valid_igbt_seq_0049_80,MEASURE PASSIVATION QUALITY,MEASURE PASSIVATION THICKNESS,MEASURE FILM THICKNESS,MEASURE OXIDE THICKNESS,DEPOSIT PASSIVATION LAYER
valid_igbt_seq_0050_60,ALIGN MASK LEVEL 5,ALIGN MASK LEVEL 6,ALIGN MASK LEVEL 1,BREAKDOWN VOLTAGE TEST,ALIGN MASK LEVEL 3
valid_igbt_seq_0050_80,MEASURE PASSIVATION THICKNESS,MEASURE PASSIVATION QUALITY,MEASURE FILM THICKNESS,MEASURE OXIDE THICKNESS,DEPOSIT PASSIVATION LAYER
valid_igbt_seq_0051_60,SOFT BAKE,BACKSIDE RINSE,ALIGN MASK LEVEL 5,DEPOSIT METAL SEED,ALIGN MASK LEVEL 4
valid_igbt_seq_0051_80,CURE PASSIVATION,POLYSILICON ANNEAL,BACKSIDE ANNEAL,CLEAN PAD OPENING,ANNEAL DIELECTRIC
valid_igbt_seq_0052_60,SOFT BAKE,ALIGN MASK LEVEL 5,DEPOSIT METAL SEED,BACKSIDE RINSE,ALIGN MASK LEVEL 4
valid_igbt_seq_0052_80,CURE PASSIVATION,BACKSIDE RINSE,BACKSIDE ANNEAL,CLEAN PAD OPENING,POLYSILICON ANNEAL
valid_igbt_seq_0053_60,SPIN COAT PHOTORESIST,MEASURE METAL THICKNESS,MEASURE POLY THICKNESS,MEASURE FILM THICKNESS,MEASURE SURFACE PARTICLES
valid_igbt_seq_0053_80,CURE PASSIVATION,ANNEAL DIELECTRIC,PASSIVATION ETCH PAD OPENING,BACKSIDE ANNEAL,PASSIVATION ETCH
valid_igbt_seq_0054_60,CMP DIELECTRIC,CMP INTERLAYER DIELECTRIC,CMP VIA FILL,DENSIFY OXIDE,CMP METAL
valid_igbt_seq_0054_80,CURE PASSIVATION,BACKSIDE RINSE,BACKSIDE ANNEAL,CLEAN PAD OPENING,ANNEAL DIELECTRIC
valid_igbt_seq_0055_60,ALIGN MASK LEVEL 5,ALIGN MASK LEVEL 6,ALIGN MASK LEVEL 3,ALIGN MASK LEVEL 1,BREAKDOWN VOLTAGE TEST
valid_igbt_seq_0055_80,CURE PASSIVATION,BACKSIDE ANNEAL,BACKSIDE RINSE,POLYSILICON ANNEAL,CLEAN PAD OPENING
valid_igbt_seq_0056_60,CMP INTERLAYER DIELECTRIC,CMP DIELECTRIC,CMP VIA FILL,CMP METAL,DENSIFY OXIDE
valid_igbt_seq_0056_80,CURE PASSIVATION,BACKSIDE ANNEAL,POLYSILICON ANNEAL,ANNEAL DIELECTRIC,CLEAN PAD OPENING
valid_igbt_seq_0057_60,SPIN COAT PHOTORESIST,MEASURE METAL THICKNESS,MEASURE POLY THICKNESS,MEASURE FILM THICKNESS,MEASURE SURFACE PARTICLES
valid_igbt_seq_0057_80,CURE PASSIVATION,ANNEAL DIELECTRIC,BACKSIDE ANNEAL,PASSIVATION ETCH PAD OPENING,PASSIVATION ETCH
valid_igbt_seq_0058_60,SPIN COAT PHOTORESIST,MEASURE METAL THICKNESS,MEASURE POLY THICKNESS,MEASURE FILM THICKNESS,MEASURE SURFACE PARTICLES
valid_igbt_seq_0058_80,CURE PASSIVATION,ANNEAL DIELECTRIC,BACKSIDE ANNEAL,PASSIVATION ETCH PAD OPENING,MEASURE PAD OPENING
valid_igbt_seq_0059_60,SPIN COAT PHOTORESIST,MEASURE METAL THICKNESS,MEASURE POLY THICKNESS,MEASURE FILM THICKNESS,MEASURE SURFACE PARTICLES
valid_igbt_seq_0059_80,MEASURE PASSIVATION QUALITY,MEASURE PASSIVATION THICKNESS,MEASURE FILM THICKNESS,MEASURE OXIDE THICKNESS,DEPOSIT PASSIVATION LAYER
valid_igbt_seq_0060_60,CMP INTERLAYER DIELECTRIC,CMP DIELECTRIC,DENSIFY OXIDE,DENSIFY DIELECTRIC,DEPOSIT INTERLEVEL DIELECTRIC
valid_igbt_seq_0060_80,CURE PASSIVATION,BACKSIDE ANNEAL,ANNEAL DIELECTRIC,PASSIVATION ETCH PAD OPENING,POLYSILICON ANNEAL
valid_igbt_seq_0061_60,MEASURE PLANARITY,MEASURE SURFACE PLANARITY,MEASURE SURFACE PARTICLES,SPIN COAT PHOTORESIST,CMP DIELECTRIC
valid_igbt_seq_0061_80,DEPOSIT PASSIVATION,DEPOSIT PASSIVATION LAYER,MEASURE LINE WIDTH,DEPOSIT BARRIER METAL,DEPOSIT POLYSILICON
valid_igbt_seq_0062_60,MEASURE PLANARITY,MEASURE SURFACE PLANARITY,CMP DIELECTRIC,CMP INTERLAYER DIELECTRIC,MEASURE FILM THICKNESS
valid_igbt_seq_0062_80,CURE PASSIVATION,BACKSIDE ANNEAL,BACKSIDE RINSE,ANNEAL DIELECTRIC,MEASURE BACKSIDE CONTACT
valid_igbt_seq_0063_60,SPIN COAT PHOTORESIST,MEASURE POLY THICKNESS,MEASURE METAL THICKNESS,MEASURE FILM THICKNESS,CMP DIELECTRIC
valid_igbt_seq_0063_80,MEASURE PASSIVATION QUALITY,MEASURE PASSIVATION THICKNESS,MEASURE FILM THICKNESS,DEPOSIT PASSIVATION LAYER,MEASURE OXIDE THICKNESS
valid_igbt_seq_0064_60,MEASURE DIELECTRIC THICKNESS,MEASURE FILM THICKNESS,MEASURE OXIDE THICKNESS,SPIN COAT PHOTORESIST,PARAMETRIC TEST
valid_igbt_seq_0064_80,MEASURE LINE WIDTH,DEPOSIT PASSIVATION LAYER,DEPOSIT PASSIVATION,PASSIVATION ETCH,PASSIVATION ETCH PAD OPENING
valid_igbt_seq_0065_60,MEASURE PLANARITY,MEASURE SURFACE PLANARITY,CMP DIELECTRIC,CMP INTERLAYER DIELECTRIC,SPIN COAT PHOTORESIST
valid_igbt_seq_0065_80,CURE PASSIVATION,BACKSIDE ANNEAL,POLYSILICON ANNEAL,ANNEAL METAL 1,ANNEAL DIELECTRIC
valid_igbt_seq_0066_60,MEASURE SURFACE PLANARITY,MEASURE PLANARITY,CMP DIELECTRIC,CMP INTERLAYER DIELECTRIC,SPIN COAT PHOTORESIST
valid_igbt_seq_0066_80,MEASURE PASSIVATION QUALITY,MEASURE PASSIVATION THICKNESS,MEASURE FILM THICKNESS,DEPOSIT PASSIVATION LAYER,MEASURE OXIDE THICKNESS
valid_igbt_seq_0067_60,SOFT BAKE,ALIGN MASK LEVEL 5,BACKSIDE RINSE,DEPOSIT METAL SEED,BREAKDOWN VOLTAGE TEST
valid_igbt_seq_0067_80,CURE PASSIVATION,BACKSIDE ANNEAL,ANNEAL DIELECTRIC,BACKSIDE RINSE,CLEAN PAD OPENING
valid_igbt_seq_0068_60,MEASURE PLANARITY,MEASURE SURFACE PLANARITY,SPIN COAT PHOTORESIST,CMP DIELECTRIC,CMP INTERLAYER DIELECTRIC
valid_igbt_seq_0068_80,CURE PASSIVATION,BACKSIDE RINSE,POLYSILICON ANNEAL,CLEAN PAD OPENING,BACKSIDE ANNEAL
valid_igbt_seq_0069_60,CMP DIELECTRIC,CMP INTERLAYER DIELECTRIC,CMP VIA FILL,CMP METAL,DENSIFY OXIDE
valid_igbt_seq_0069_80,MEASURE LINE WIDTH,DEPOSIT PASSIVATION LAYER,DEPOSIT PASSIVATION,PASSIVATION ETCH,PASSIVATION ETCH PAD OPENING
valid_igbt_seq_0070_60,CMP INTERLAYER DIELECTRIC,CMP DIELECTRIC,DENSIFY OXIDE,DENSIFY DIELECTRIC,CMP VIA FILL
valid_igbt_seq_0070_80,DEPOSIT PASSIVATION,DEPOSIT PASSIVATION LAYER,MEASURE LINE WIDTH,DEPOSIT BARRIER METAL,DEPOSIT POLYSILICON
valid_igbt_seq_0071_60,MEASURE SURFACE PLANARITY,MEASURE PLANARITY,CMP DIELECTRIC,CMP INTERLAYER DIELECTRIC,SPIN COAT PHOTORESIST
valid_igbt_seq_0071_80,MEASURE LINE WIDTH,DEPOSIT PASSIVATION LAYER,DEPOSIT PASSIVATION,PASSIVATION ETCH,PASSIVATION ETCH PAD OPENING
valid_igbt_seq_0072_60,MEASURE PLANARITY,MEASURE SURFACE PLANARITY,MEASURE SURFACE PARTICLES,SPIN COAT PHOTORESIST,CMP DIELECTRIC
valid_igbt_seq_0072_80,CURE PASSIVATION,PASSIVATION ETCH PAD OPENING,PASSIVATION ETCH,BACKSIDE ANNEAL,ANNEAL DIELECTRIC
valid_igbt_seq_0073_60,DENSIFY OXIDE,DENSIFY DIELECTRIC,ANNEAL METAL,ANNEAL METAL 1,DRIVE IN DIFFUSION
valid_igbt_seq_0073_80,MEASURE LINE WIDTH,DEPOSIT PASSIVATION LAYER,DEPOSIT PASSIVATION,PASSIVATION ETCH,PASSIVATION ETCH PAD OPENING
valid_igbt_seq_0074_60,CMP INTERLAYER DIELECTRIC,CMP DIELECTRIC,CMP VIA FILL,CMP METAL,DENSIFY OXIDE
valid_igbt_seq_0074_80,CURE PASSIVATION,BACKSIDE ANNEAL,ANNEAL DIELECTRIC,PASSIVATION ETCH PAD OPENING,PASSIVATION ETCH
valid_igbt_seq_0075_60,MEASURE PLANARITY,MEASURE SURFACE PLANARITY,CMP DIELECTRIC,CMP INTERLAYER DIELECTRIC,MEASURE SURFACE PARTICLES
valid_igbt_seq_0075_80,CURE PASSIVATION,BACKSIDE ANNEAL,BACKSIDE RINSE,ANNEAL DIELECTRIC,POLYSILICON ANNEAL
valid_igbt_seq_0076_60,SPIN COAT PHOTORESIST,MEASURE POLY THICKNESS,MEASURE METAL THICKNESS,MEASURE FILM THICKNESS,MEASURE SURFACE PARTICLES
valid_igbt_seq_0076_80,CURE PASSIVATION,BACKSIDE RINSE,CLEAN PAD OPENING,BACKSIDE ANNEAL,CLEAN AFTER METAL ETCH
valid_igbt_seq_0077_60,CMP DIELECTRIC,CMP INTERLAYER DIELECTRIC,CMP VIA FILL,CMP METAL,DENSIFY OXIDE
valid_igbt_seq_0077_80,MEASURE PASSIVATION THICKNESS,MEASURE PASSIVATION QUALITY,MEASURE FILM THICKNESS,MEASURE OXIDE THICKNESS,DEPOSIT PASSIVATION LAYER
valid_igbt_seq_0078_60,SPIN COAT PHOTORESIST,MEASURE POLY THICKNESS,MEASURE METAL THICKNESS,MEASURE FILM THICKNESS,MEASURE SURFACE PARTICLES
valid_igbt_seq_0078_80,DEPOSIT PASSIVATION LAYER,DEPOSIT PASSIVATION,MEASURE LINE WIDTH,DEPOSIT POLYSILICON,DEPOSIT BARRIER METAL
valid_igbt_seq_0079_60,SPIN COAT PHOTORESIST,MEASURE POLY THICKNESS,MEASURE METAL THICKNESS,MEASURE FILM THICKNESS,MEASURE SURFACE PARTICLES
valid_igbt_seq_0079_80,CURE PASSIVATION,BACKSIDE RINSE,CLEAN PAD OPENING,BACKSIDE ANNEAL,CLEAN AFTER METAL ETCH
valid_igbt_seq_0080_60,CMP INTERLAYER DIELECTRIC,CMP DIELECTRIC,DENSIFY DIELECTRIC,DENSIFY OXIDE,CMP VIA FILL
valid_igbt_seq_0080_80,MEASURE PASSIVATION QUALITY,MEASURE PASSIVATION THICKNESS,MEASURE FILM THICKNESS,MEASURE OXIDE THICKNESS,DEPOSIT PASSIVATION LAYER
valid_igbt_seq_0081_60,SOFT BAKE,BACKSIDE RINSE,ALIGN MASK LEVEL 5,DEPOSIT METAL SEED,BREAKDOWN VOLTAGE TEST
valid_igbt_seq_0081_80,MEASURE PASSIVATION QUALITY,MEASURE PASSIVATION THICKNESS,DEPOSIT PASSIVATION LAYER,MEASURE FILM THICKNESS,DEPOSIT PASSIVATION
valid_igbt_seq_0082_60,MEASURE PLANARITY,MEASURE SURFACE PLANARITY,SPIN COAT PHOTORESIST,MEASURE SURFACE PARTICLES,CMP DIELECTRIC
valid_igbt_seq_0082_80,CURE PASSIVATION,BACKSIDE ANNEAL,ANNEAL DIELECTRIC,PASSIVATION ETCH PAD OPENING,PASSIVATION ETCH
valid_igbt_seq_0083_60,MEASURE FILM THICKNESS,MEASURE DIELECTRIC THICKNESS,SPIN COAT PHOTORESIST,MEASURE OXIDE THICKNESS,MEASURE POLY THICKNESS
valid_igbt_seq_0083_80,CURE PASSIVATION,ANNEAL DIELECTRIC,BACKSIDE ANNEAL,MEASURE PAD OPENING,PASSIVATION ETCH PAD OPENING
valid_igbt_seq_0084_60,MEASURE SURFACE PLANARITY,MEASURE PLANARITY,CMP DIELECTRIC,CMP INTERLAYER DIELECTRIC,MEASURE SURFACE PARTICLES
valid_igbt_seq_0084_80,CURE PASSIVATION,BACKSIDE ANNEAL,POLYSILICON ANNEAL,BACKSIDE RINSE,MEASURE PAD OPENING
valid_igbt_seq_0085_60,SPIN COAT PHOTORESIST,MEASURE METAL THICKNESS,MEASURE POLY THICKNESS,MEASURE FILM THICKNESS,MEASURE SURFACE PARTICLES
valid_igbt_seq_0085_80,MEASURE PASSIVATION QUALITY,MEASURE PASSIVATION THICKNESS,MEASURE FILM THICKNESS,MEASURE OXIDE THICKNESS,DEPOSIT PASSIVATION LAYER
valid_igbt_seq_0086_60,CMP INTERLAYER DIELECTRIC,CMP DIELECTRIC,CMP VIA FILL,CMP METAL,DENSIFY OXIDE
valid_igbt_seq_0086_80,CURE PASSIVATION,BACKSIDE RINSE,CLEAN PAD OPENING,BACKSIDE ANNEAL,ANNEAL DIELECTRIC
valid_igbt_seq_0087_60,ALIGN MASK LEVEL 5,ALIGN MASK LEVEL 6,ALIGN MASK LEVEL 1,ALIGN MASK LEVEL 3,LEAKAGE TEST
valid_igbt_seq_0087_80,OPEN PAD WINDOW,OPEN BOND PAD WINDOW,PAD WINDOW LITHO,OPEN PAD WINDOW LITHO,MEASURE WINDOW CD
valid_igbt_seq_0088_60,SPIN COAT PHOTORESIST,MEASURE METAL THICKNESS,MEASURE POLY THICKNESS,MEASURE FILM THICKNESS,MEASURE SURFACE PARTICLES
valid_igbt_seq_0088_80,MEASURE PASSIVATION THICKNESS,MEASURE PASSIVATION QUALITY,DEPOSIT PASSIVATION LAYER,MEASURE FILM THICKNESS,DEPOSIT PASSIVATION
valid_igbt_seq_0089_60,SOFT BAKE,ALIGN MASK LEVEL 5,BACKSIDE RINSE,DEPOSIT METAL SEED,ALIGN MASK LEVEL 4
valid_igbt_seq_0089_80,CURE PASSIVATION,BACKSIDE ANNEAL,BACKSIDE RINSE,POLYSILICON ANNEAL,MEASURE BACKSIDE CONTACT
valid_igbt_seq_0090_60,MEASURE PLANARITY,MEASURE SURFACE PLANARITY,SPIN COAT PHOTORESIST,MEASURE SURFACE PARTICLES,MEASURE METAL THICKNESS
valid_igbt_seq_0090_80,CURE PASSIVATION,ANNEAL DIELECTRIC,BACKSIDE ANNEAL,PASSIVATION ETCH PAD OPENING,FINAL CLEAN
valid_igbt_seq_0091_60,MEASURE SURFACE PLANARITY,MEASURE PLANARITY,MEASURE SURFACE PARTICLES,CMP DIELECTRIC,CMP INTERLAYER DIELECTRIC
valid_igbt_seq_0091_80,MEASURE PASSIVATION QUALITY,MEASURE PASSIVATION THICKNESS,MEASURE FILM THICKNESS,MEASURE OXIDE THICKNESS,DEPOSIT PASSIVATION LAYER
valid_igbt_seq_0092_60,SPIN COAT PHOTORESIST,MEASURE METAL THICKNESS,MEASURE POLY THICKNESS,MEASURE FILM THICKNESS,MEASURE SURFACE PARTICLES
valid_igbt_seq_0092_80,MEASURE PASSIVATION QUALITY,MEASURE PASSIVATION THICKNESS,MEASURE FILM THICKNESS,MEASURE OXIDE THICKNESS,DEPOSIT PASSIVATION LAYER
valid_igbt_seq_0093_60,MEASURE FILM THICKNESS,MEASURE DIELECTRIC THICKNESS,MEASURE OXIDE THICKNESS,SPIN COAT PHOTORESIST,PARAMETRIC TEST
valid_igbt_seq_0093_80,MEASURE LINE WIDTH,DEPOSIT PASSIVATION LAYER,DEPOSIT PASSIVATION,PASSIVATION ETCH,PASSIVATION ETCH PAD OPENING
valid_igbt_seq_0094_60,SPIN COAT PHOTORESIST,MEASURE METAL THICKNESS,MEASURE POLY THICKNESS,MEASURE FILM THICKNESS,CMP DIELECTRIC
valid_igbt_seq_0094_80,OPEN PAD WINDOW,OPEN BOND PAD WINDOW,PAD WINDOW LITHO,OPEN PAD WINDOW LITHO,MEASURE WINDOW CD
valid_igbt_seq_0095_60,SPIN COAT PHOTORESIST,MEASURE METAL THICKNESS,MEASURE POLY THICKNESS,MEASURE FILM THICKNESS,MEASURE SURFACE PARTICLES
valid_igbt_seq_0095_80,DEPOSIT PASSIVATION LAYER,DEPOSIT PASSIVATION,MEASURE LINE WIDTH,DEPOSIT POLYSILICON,DEPOSIT BARRIER METAL
valid_igbt_seq_0096_60,MEASURE FILM THICKNESS,MEASURE DIELECTRIC THICKNESS,MEASURE OXIDE THICKNESS,SPIN COAT PHOTORESIST,PARAMETRIC TEST
valid_igbt_seq_0096_80,MEASURE LINE WIDTH,DEPOSIT PASSIVATION LAYER,DEPOSIT PASSIVATION,PASSIVATION ETCH,PASSIVATION ETCH PAD OPENING
valid_igbt_seq_0097_60,MEASURE FILM THICKNESS,MEASURE DIELECTRIC THICKNESS,MEASURE OXIDE THICKNESS,SPIN COAT PHOTORESIST,PARAMETRIC TEST
valid_igbt_seq_0097_80,MEASURE LINE WIDTH,DEPOSIT PASSIVATION LAYER,DEPOSIT PASSIVATION,PASSIVATION ETCH,PASSIVATION ETCH PAD OPENING
valid_igbt_seq_0098_60,MEASURE FILM THICKNESS,MEASURE DIELECTRIC THICKNESS,MEASURE OXIDE THICKNESS,SPIN COAT PHOTORESIST,DEPOSIT INTERLEVEL DIELECTRIC
valid_igbt_seq_0098_80,MEASURE LINE WIDTH,DEPOSIT PASSIVATION LAYER,DEPOSIT PASSIVATION,PASSIVATION ETCH,PASSIVATION ETCH PAD OPENING
valid_igbt_seq_0099_60,SPIN COAT PHOTORESIST,MEASURE POLY THICKNESS,MEASURE METAL THICKNESS,MEASURE FILM THICKNESS,CMP DIELECTRIC
valid_igbt_seq_0099_80,MEASURE PASSIVATION THICKNESS,MEASURE PASSIVATION QUALITY,MEASURE FILM THICKNESS,MEASURE OXIDE THICKNESS,DEPOSIT PASSIVATION LAYER
valid_igbt_seq_0100_60,SPIN COAT PHOTORESIST,MEASURE METAL THICKNESS,MEASURE POLY THICKNESS,MEASURE FILM THICKNESS,MEASURE SURFACE PARTICLES
valid_igbt_seq_0100_80,MEASURE PASSIVATION QUALITY,MEASURE PASSIVATION THICKNESS,MEASURE FILM THICKNESS,DEPOSIT PASSIVATION LAYER,MEASURE OXIDE THICKNESS
valid_igbt_seq_0101_60,MEASURE FILM THICKNESS,MEASURE DIELECTRIC THICKNESS,MEASURE OXIDE THICKNESS,SPIN COAT PHOTORESIST,PARAMETRIC TEST
valid_igbt_seq_0101_80,MEASURE LINE WIDTH,DEPOSIT PASSIVATION LAYER,DEPOSIT PASSIVATION,PASSIVATION ETCH,MEASURE PASSIVATION QUALITY
valid_igbt_seq_0102_60,SPIN COAT PHOTORESIST,MEASURE METAL THICKNESS,MEASURE POLY THICKNESS,MEASURE FILM THICKNESS,MEASURE SURFACE PARTICLES
valid_igbt_seq_0102_80,MEASURE PASSIVATION THICKNESS,MEASURE PASSIVATION QUALITY,MEASURE FILM THICKNESS,DEPOSIT PASSIVATION LAYER,DEPOSIT PASSIVATION
valid_igbt_seq_0103_60,CMP INTERLAYER DIELECTRIC,CMP DIELECTRIC,DENSIFY OXIDE,DENSIFY DIELECTRIC,DEPOSIT INTERLEVEL DIELECTRIC
valid_igbt_seq_0103_80,CURE PASSIVATION,ANNEAL METAL 1,POLYSILICON ANNEAL,ANNEAL METAL,BACKSIDE ANNEAL
valid_igbt_seq_0104_60,MEASURE SURFACE PLANARITY,MEASURE PLANARITY,CMP DIELECTRIC,CMP INTERLAYER DIELECTRIC,SPIN COAT PHOTORESIST
valid_igbt_seq_0104_80,DEPOSIT PASSIVATION,DEPOSIT PASSIVATION LAYER,MEASURE LINE WIDTH,DEPOSIT BARRIER METAL,DEPOSIT POLYSILICON
valid_igbt_seq_0105_60,CMP INTERLAYER DIELECTRIC,CMP DIELECTRIC,DENSIFY OXIDE,DEPOSIT INTERLEVEL DIELECTRIC,DENSIFY DIELECTRIC
valid_igbt_seq_0105_80,CURE PASSIVATION,BACKSIDE RINSE,CLEAN PAD OPENING,ANNEAL DIELECTRIC,POLYSILICON ANNEAL
valid_igbt_seq_0106_60,MEASURE PLANARITY,MEASURE SURFACE PLANARITY,SPIN COAT PHOTORESIST,CMP DIELECTRIC,CMP INTERLAYER DIELECTRIC
valid_igbt_seq_0106_80,CURE PASSIVATION,BACKSIDE RINSE,CLEAN PAD OPENING,FINAL CLEAN,BACKSIDE ANNEAL
valid_igbt_seq_0107_60,SPIN COAT PHOTORESIST,MEASURE POLY THICKNESS,MEASURE METAL THICKNESS,MEASURE FILM THICKNESS,MEASURE SURFACE PARTICLES
valid_igbt_seq_0107_80,DEPOSIT PASSIVATION,DEPOSIT PASSIVATION LAYER,MEASURE LINE WIDTH,DEPOSIT BARRIER METAL,DEPOSIT POLYSILICON
valid_igbt_seq_0108_60,SPIN COAT PHOTORESIST,MEASURE METAL THICKNESS,MEASURE POLY THICKNESS,MEASURE FILM THICKNESS,MEASURE SURFACE PARTICLES
valid_igbt_seq_0108_80,MEASURE PASSIVATION QUALITY,MEASURE PASSIVATION THICKNESS,MEASURE FILM THICKNESS,DEPOSIT PASSIVATION LAYER,MEASURE OXIDE THICKNESS
valid_igbt_seq_0109_60,ALIGN MASK LEVEL 5,ALIGN MASK LEVEL 6,ALIGN MASK LEVEL 3,ALIGN MASK LEVEL 1,BREAKDOWN VOLTAGE TEST
valid_igbt_seq_0109_80,MEASURE PASSIVATION QUALITY,MEASURE PASSIVATION THICKNESS,MEASURE FILM THICKNESS,DEPOSIT PASSIVATION LAYER,MEASURE OXIDE THICKNESS
valid_igbt_seq_0110_60,MEASURE PLANARITY,MEASURE SURFACE PLANARITY,CMP DIELECTRIC,CMP INTERLAYER DIELECTRIC,MEASURE SURFACE PARTICLES
valid_igbt_seq_0110_80,DEPOSIT PASSIVATION LAYER,DEPOSIT PASSIVATION,MEASURE LINE WIDTH,DEPOSIT POLYSILICON,DEPOSIT BARRIER METAL
valid_igbt_seq_0111_60,SPIN COAT PHOTORESIST,MEASURE POLY THICKNESS,MEASURE METAL THICKNESS,MEASURE FILM THICKNESS,MEASURE SURFACE PARTICLES
valid_igbt_seq_0111_80,CURE PASSIVATION,BACKSIDE ANNEAL,BACKSIDE RINSE,POLYSILICON ANNEAL,ANNEAL DIELECTRIC
valid_igbt_seq_0112_60,MEASURE SURFACE PLANARITY,MEASURE PLANARITY,CMP DIELECTRIC,CMP INTERLAYER DIELECTRIC,SPIN COAT PHOTORESIST
valid_igbt_seq_0112_80,CURE PASSIVATION,BACKSIDE RINSE,BACKSIDE ANNEAL,CLEAN PAD OPENING,POLYSILICON ANNEAL
valid_igbt_seq_0113_60,CMP DIELECTRIC,CMP INTERLAYER DIELECTRIC,CMP VIA FILL,CMP METAL,DEPOSIT PASSIVATION LAYER
valid_igbt_seq_0113_80,CURE PASSIVATION,BACKSIDE ANNEAL,ANNEAL DIELECTRIC,BACKSIDE RINSE,POLYSILICON ANNEAL
valid_igbt_seq_0114_60,CMP INTERLAYER DIELECTRIC,CMP DIELECTRIC,DEPOSIT INTERLAYER DIELECTRIC,DEPOSIT INTERLEVEL DIELECTRIC,DENSIFY OXIDE
valid_igbt_seq_0114_80,CURE PASSIVATION,BACKSIDE RINSE,CLEAN PAD OPENING,BACKSIDE ANNEAL,CLEAN AFTER METAL ETCH
valid_igbt_seq_0115_60,MEASURE PLANARITY,MEASURE SURFACE PLANARITY,CMP DIELECTRIC,CMP INTERLAYER DIELECTRIC,MEASURE SURFACE PARTICLES
valid_igbt_seq_0115_80,CURE PASSIVATION,BACKSIDE ANNEAL,BACKSIDE RINSE,POLYSILICON ANNEAL,ANNEAL METAL 1
valid_igbt_seq_0116_60,MEASURE PLANARITY,MEASURE SURFACE PLANARITY,CMP INTERLAYER DIELECTRIC,CMP DIELECTRIC,SPIN COAT PHOTORESIST
valid_igbt_seq_0116_80,DEPOSIT PASSIVATION,DEPOSIT PASSIVATION LAYER,MEASURE LINE WIDTH,DEPOSIT BARRIER METAL,DEPOSIT POLYSILICON
valid_igbt_seq_0117_60,ALIGN MASK LEVEL 5,ALIGN MASK LEVEL 6,BREAKDOWN VOLTAGE TEST,ALIGN MASK LEVEL 1,ALIGN MASK LEVEL 3
valid_igbt_seq_0117_80,CURE PASSIVATION,BACKSIDE RINSE,BACKSIDE ANNEAL,POLYSILICON ANNEAL,CLEAN PAD OPENING
valid_igbt_seq_0118_60,MEASURE FILM THICKNESS,MEASURE DIELECTRIC THICKNESS,MEASURE OXIDE THICKNESS,SPIN COAT PHOTORESIST,PARAMETRIC TEST
valid_igbt_seq_0118_80,MEASURE LINE WIDTH,DEPOSIT PASSIVATION LAYER,DEPOSIT PASSIVATION,PASSIVATION ETCH,PASSIVATION ETCH PAD OPENING
valid_igbt_seq_0119_60,SOFT BAKE,ALIGN MASK LEVEL 5,BACKSIDE RINSE,DEPOSIT METAL SEED,ALIGN MASK LEVEL 4
valid_igbt_seq_0119_80,CURE PASSIVATION,ANNEAL DIELECTRIC,PASSIVATION ETCH PAD OPENING,BACKSIDE ANNEAL,PASSIVATION ETCH
valid_igbt_seq_0120_60,SPIN COAT PHOTORESIST,MEASURE METAL THICKNESS,MEASURE POLY THICKNESS,MEASURE FILM THICKNESS,MEASURE SURFACE PARTICLES
valid_igbt_seq_0120_80,DEPOSIT PASSIVATION LAYER,DEPOSIT PASSIVATION,MEASURE LINE WIDTH,DEPOSIT POLYSILICON,DEPOSIT BARRIER METAL
valid_igbt_seq_0121_60,MEASURE PLANARITY,MEASURE SURFACE PLANARITY,CMP DIELECTRIC,CMP INTERLAYER DIELECTRIC,SPIN COAT PHOTORESIST
valid_igbt_seq_0121_80,MEASURE LINE WIDTH,DEPOSIT PASSIVATION,DEPOSIT PASSIVATION LAYER,PARAMETRIC TEST,MEASURE VIA CD
valid_igbt_seq_0122_60,MEASURE PLANARITY,MEASURE SURFACE PLANARITY,SPIN COAT PHOTORESIST,MEASURE SURFACE PARTICLES,MEASURE POLY THICKNESS
valid_igbt_seq_0122_80,CURE PASSIVATION,BACKSIDE ANNEAL,PASSIVATION ETCH PAD OPENING,BACKSIDE RINSE,ANNEAL DIELECTRIC
valid_igbt_seq_0123_60,SOFT BAKE,BACKSIDE RINSE,ALIGN MASK LEVEL 5,DEPOSIT METAL SEED,BREAKDOWN VOLTAGE TEST
valid_igbt_seq_0123_80,MEASURE PASSIVATION QUALITY,MEASURE PASSIVATION THICKNESS,MEASURE FILM THICKNESS,DEPOSIT PASSIVATION LAYER,DEPOSIT PASSIVATION
valid_igbt_seq_0124_60,SOFT BAKE,BACKSIDE RINSE,ALIGN MASK LEVEL 5,DEPOSIT METAL SEED,ALIGN MASK LEVEL 4
valid_igbt_seq_0124_80,CURE PASSIVATION,BACKSIDE ANNEAL,ANNEAL DIELECTRIC,CLEAN PAD OPENING,BACKSIDE RINSE
valid_igbt_seq_0125_60,SPIN COAT PHOTORESIST,MEASURE POLY THICKNESS,MEASURE METAL THICKNESS,MEASURE FILM THICKNESS,MEASURE SURFACE PARTICLES
valid_igbt_seq_0125_80,MEASURE PASSIVATION QUALITY,MEASURE PASSIVATION THICKNESS,MEASURE FILM THICKNESS,DEPOSIT PASSIVATION LAYER,MEASURE OXIDE THICKNESS
valid_igbt_seq_0126_60,SPIN COAT PHOTORESIST,MEASURE METAL THICKNESS,MEASURE POLY THICKNESS,MEASURE FILM THICKNESS,MEASURE SURFACE PARTICLES
valid_igbt_seq_0126_80,DEPOSIT PASSIVATION LAYER,DEPOSIT PASSIVATION,MEASURE LINE WIDTH,DEPOSIT POLYSILICON,DEPOSIT BARRIER METAL
valid_igbt_seq_0127_60,CMP DIELECTRIC,CMP INTERLAYER DIELECTRIC,DEPOSIT INTERLEVEL DIELECTRIC,DEPOSIT INTERLAYER DIELECTRIC,CMP VIA FILL
valid_igbt_seq_0127_80,DEPOSIT PASSIVATION LAYER,DEPOSIT PASSIVATION,MEASURE LINE WIDTH,DEPOSIT POLYSILICON,DEPOSIT BARRIER METAL
valid_igbt_seq_0128_60,SPIN COAT PHOTORESIST,MEASURE METAL THICKNESS,MEASURE POLY THICKNESS,MEASURE FILM THICKNESS,MEASURE SURFACE PARTICLES
valid_igbt_seq_0128_80,MEASURE PASSIVATION QUALITY,MEASURE PASSIVATION THICKNESS,MEASURE FILM THICKNESS,DEPOSIT PASSIVATION LAYER,DEPOSIT PASSIVATION
valid_igbt_seq_0129_60,MEASURE PLANARITY,MEASURE SURFACE PLANARITY,CMP DIELECTRIC,CMP INTERLAYER DIELECTRIC,MEASURE SURFACE PARTICLES
valid_igbt_seq_0129_80,DEPOSIT PASSIVATION LAYER,DEPOSIT PASSIVATION,MEASURE LINE WIDTH,DEPOSIT POLYSILICON,DEPOSIT BARRIER METAL
valid_igbt_seq_0130_60,MEASURE DIELECTRIC THICKNESS,MEASURE FILM THICKNESS,MEASURE OXIDE THICKNESS,SPIN COAT PHOTORESIST,PARAMETRIC TEST
valid_igbt_seq_0130_80,MEASURE LINE WIDTH,DEPOSIT PASSIVATION,DEPOSIT PASSIVATION LAYER,MEASURE VIA CD,PARAMETRIC TEST
valid_igbt_seq_0131_60,CMP INTERLAYER DIELECTRIC,CMP DIELECTRIC,DENSIFY OXIDE,DENSIFY DIELECTRIC,MEASURE SURFACE PLANARITY
valid_igbt_seq_0131_80,CURE PASSIVATION,BACKSIDE ANNEAL,POLYSILICON ANNEAL,BACKSIDE RINSE,ANNEAL METAL 1
valid_igbt_seq_0132_60,MEASURE PLANARITY,MEASURE SURFACE PLANARITY,CMP DIELECTRIC,CMP INTERLAYER DIELECTRIC,SPIN COAT PHOTORESIST
valid_igbt_seq_0132_80,CURE PASSIVATION,BACKSIDE ANNEAL,POLYSILICON ANNEAL,SHIP LOT,ANNEAL DIELECTRIC
valid_igbt_seq_0133_60,SPIN COAT PHOTORESIST,MEASURE METAL THICKNESS,MEASURE POLY THICKNESS,MEASURE FILM THICKNESS,MEASURE SURFACE PARTICLES
valid_igbt_seq_0133_80,CURE PASSIVATION,BACKSIDE ANNEAL,POLYSILICON ANNEAL,BACKSIDE RINSE,ANNEAL DIELECTRIC
valid_igbt_seq_0134_60,MEASURE DIELECTRIC THICKNESS,MEASURE FILM THICKNESS,MEASURE OXIDE THICKNESS,SPIN COAT PHOTORESIST,PARAMETRIC TEST
valid_igbt_seq_0134_80,DEPOSIT PASSIVATION LAYER,DEPOSIT PASSIVATION,MEASURE LINE WIDTH,DEPOSIT POLYSILICON,DEPOSIT BARRIER METAL
valid_igbt_seq_0135_60,SPIN COAT PHOTORESIST,MEASURE POLY THICKNESS,MEASURE METAL THICKNESS,MEASURE FILM THICKNESS,CMP DIELECTRIC
valid_igbt_seq_0135_80,CURE PASSIVATION,ANNEAL DIELECTRIC,BACKSIDE ANNEAL,BACKSIDE RINSE,CLEAN PAD OPENING
valid_igbt_seq_0136_60,CMP DIELECTRIC,CMP INTERLAYER DIELECTRIC,CMP VIA FILL,CMP METAL,DEPOSIT INTERLEVEL DIELECTRIC
valid_igbt_seq_0136_80,CURE PASSIVATION,ANNEAL DIELECTRIC,BACKSIDE ANNEAL,MEASURE PAD OPENING,FINAL CLEAN
valid_igbt_seq_0137_60,SOFT BAKE,ALIGN MASK LEVEL 5,DEPOSIT METAL SEED,BACKSIDE RINSE,ALIGN MASK LEVEL 4
valid_igbt_seq_0137_80,CURE PASSIVATION,BACKSIDE ANNEAL,BACKSIDE RINSE,ANNEAL DIELECTRIC,POLYSILICON ANNEAL
valid_igbt_seq_0138_60,MEASURE FILM THICKNESS,MEASURE DIELECTRIC THICKNESS,MEASURE OXIDE THICKNESS,SPIN COAT PHOTORESIST,PARAMETRIC TEST
valid_igbt_seq_0138_80,DEPOSIT PASSIVATION LAYER,DEPOSIT PASSIVATION,MEASURE LINE WIDTH,DEPOSIT POLYSILICON,DEPOSIT BARRIER METAL
valid_igbt_seq_0139_60,SPIN COAT PHOTORESIST,MEASURE METAL THICKNESS,MEASURE POLY THICKNESS,MEASURE FILM THICKNESS,MEASURE SURFACE PARTICLES
valid_igbt_seq_0139_80,CURE PASSIVATION,BACKSIDE ANNEAL,BACKSIDE RINSE,ANNEAL DIELECTRIC,POLYSILICON ANNEAL
valid_igbt_seq_0140_60,SOFT BAKE,BACKSIDE RINSE,ALIGN MASK LEVEL 5,DEPOSIT METAL SEED,ALIGN MASK LEVEL 4
valid_igbt_seq_0140_80,CURE PASSIVATION,BACKSIDE ANNEAL,POLYSILICON ANNEAL,ANNEAL DIELECTRIC,BACKSIDE RINSE
valid_igbt_seq_0141_60,SPIN COAT PHOTORESIST,MEASURE METAL THICKNESS,MEASURE POLY THICKNESS,MEASURE FILM THICKNESS,MEASURE SURFACE PARTICLES
valid_igbt_seq_0141_80,OPEN PAD WINDOW,OPEN BOND PAD WINDOW,PAD WINDOW LITHO,OPEN PAD WINDOW LITHO,DEVELOP PAD WINDOW
valid_igbt_seq_0142_60,MEASURE PLANARITY,MEASURE SURFACE PLANARITY,CMP INTERLAYER DIELECTRIC,CMP DIELECTRIC,SPIN COAT PHOTORESIST
valid_igbt_seq_0142_80,CURE PASSIVATION,BACKSIDE RINSE,BACKSIDE ANNEAL,CLEAN PAD OPENING,ANNEAL DIELECTRIC
valid_igbt_seq_0143_60,MEASURE PLANARITY,MEASURE SURFACE PLANARITY,CMP DIELECTRIC,CMP INTERLAYER DIELECTRIC,SPIN COAT PHOTORESIST
valid_igbt_seq_0143_80,DEPOSIT PASSIVATION,DEPOSIT PASSIVATION LAYER,MEASURE LINE WIDTH,DEPOSIT BARRIER METAL,DEPOSIT POLYSILICON
valid_igbt_seq_0144_60,MEASURE SURFACE PLANARITY,MEASURE PLANARITY,CMP INTERLAYER DIELECTRIC,CMP DIELECTRIC,SPIN COAT PHOTORESIST
valid_igbt_seq_0144_80,CURE PASSIVATION,CLEAN PAD OPENING,ANNEAL DIELECTRIC,PASSIVATION ETCH PAD OPENING,BACKSIDE RINSE
valid_igbt_seq_0145_60,MEASURE PLANARITY,MEASURE SURFACE PLANARITY,SPIN COAT PHOTORESIST,CMP DIELECTRIC,CMP INTERLAYER DIELECTRIC
valid_igbt_seq_0145_80,CURE PASSIVATION,POLYSILICON ANNEAL,ANNEAL DIELECTRIC,BACKSIDE ANNEAL,CLEAN PAD OPENING
valid_igbt_seq_0146_60,SPIN COAT PHOTORESIST,MEASURE METAL THICKNESS,MEASURE POLY THICKNESS,MEASURE FILM THICKNESS,MEASURE SURFACE PARTICLES
valid_igbt_seq_0146_80,CURE PASSIVATION,ANNEAL DIELECTRIC,BACKSIDE ANNEAL,BACKSIDE RINSE,PASSIVATION ETCH PAD OPENING
valid_igbt_seq_0147_60,MEASURE SURFACE PLANARITY,MEASURE PLANARITY,MEASURE SURFACE PARTICLES,SPIN COAT PHOTORESIST,CMP DIELECTRIC
valid_igbt_seq_0147_80,MEASURE LINE WIDTH,DEPOSIT PASSIVATION LAYER,DEPOSIT PASSIVATION,PASSIVATION ETCH,PARAMETRIC TEST
valid_igbt_seq_0148_60,SOFT BAKE,DEPOSIT METAL SEED,ALIGN MASK LEVEL 5,BACKSIDE RINSE,ALIGN MASK LEVEL 4
valid_igbt_seq_0148_80,MEASURE PASSIVATION QUALITY,MEASURE PASSIVATION THICKNESS,MEASURE FILM THICKNESS,MEASURE OXIDE THICKNESS,DEPOSIT PASSIVATION LAYER
valid_igbt_seq_0149_60,SPIN COAT PHOTORESIST,MEASURE METAL THICKNESS,MEASURE POLY THICKNESS,MEASURE FILM THICKNESS,MEASURE SURFACE PARTICLES
valid_igbt_seq_0149_80,CURE PASSIVATION,ANNEAL DIELECTRIC,BACKSIDE RINSE,BACKSIDE ANNEAL,CLEAN PAD OPENING
valid_igbt_seq_0150_60,SOFT BAKE,ALIGN MASK LEVEL 5,BACKSIDE RINSE,DEPOSIT METAL SEED,ALIGN MASK LEVEL 4
valid_igbt_seq_0150_80,MEASURE PASSIVATION QUALITY,MEASURE PASSIVATION THICKNESS,MEASURE FILM THICKNESS,MEASURE OXIDE THICKNESS,DEPOSIT PASSIVATION LAYER
valid_igbt_seq_0151_60,MEASURE DIELECTRIC THICKNESS,MEASURE FILM THICKNESS,MEASURE OXIDE THICKNESS,SPIN COAT PHOTORESIST,PARAMETRIC TEST
valid_igbt_seq_0151_80,CURE PASSIVATION,ANNEAL DIELECTRIC,BACKSIDE ANNEAL,PASSIVATION ETCH PAD OPENING,FINAL CLEAN
valid_igbt_seq_0152_60,SPIN COAT PHOTORESIST,MEASURE POLY THICKNESS,MEASURE METAL THICKNESS,MEASURE FILM THICKNESS,MEASURE SURFACE PARTICLES
valid_igbt_seq_0152_80,CURE PASSIVATION,BACKSIDE RINSE,BACKSIDE ANNEAL,MEASURE BACKSIDE CONTACT,SHIP LOT
valid_igbt_seq_0153_60,MEASURE PLANARITY,MEASURE SURFACE PLANARITY,CMP DIELECTRIC,CMP INTERLAYER DIELECTRIC,MEASURE SURFACE PARTICLES
valid_igbt_seq_0153_80,MEASURE PASSIVATION QUALITY,MEASURE PASSIVATION THICKNESS,MEASURE FILM THICKNESS,DEPOSIT PASSIVATION LAYER,MEASURE OXIDE THICKNESS
valid_igbt_seq_0154_60,CMP DIELECTRIC,CMP INTERLAYER DIELECTRIC,MEASURE SURFACE PLANARITY,CMP VIA FILL,CMP METAL
valid_igbt_seq_0154_80,DEPOSIT PASSIVATION LAYER,DEPOSIT PASSIVATION,MEASURE LINE WIDTH,DEPOSIT POLYSILICON,DEPOSIT BARRIER METAL
valid_igbt_seq_0155_60,CMP INTERLAYER DIELECTRIC,CMP DIELECTRIC,CMP VIA FILL,CMP METAL,DEPOSIT INTERLEVEL DIELECTRIC
valid_igbt_seq_0155_80,DEPOSIT PASSIVATION LAYER,DEPOSIT PASSIVATION,MEASURE LINE WIDTH,DEPOSIT POLYSILICON,DEPOSIT BARRIER METAL
valid_igbt_seq_0156_60,SPIN COAT PHOTORESIST,MEASURE POLY THICKNESS,MEASURE METAL THICKNESS,MEASURE FILM THICKNESS,CMP DIELECTRIC
valid_igbt_seq_0156_80,CURE PASSIVATION,BACKSIDE RINSE,ANNEAL DIELECTRIC,BACKSIDE ANNEAL,CLEAN PAD OPENING
valid_igbt_seq_0157_60,SOFT BAKE,ALIGN MASK LEVEL 5,DEPOSIT METAL SEED,BACKSIDE RINSE,ALIGN MASK LEVEL 4
valid_igbt_seq_0157_80,MEASURE PASSIVATION QUALITY,MEASURE PASSIVATION THICKNESS,MEASURE FILM THICKNESS,MEASURE OXIDE THICKNESS,DEPOSIT PASSIVATION LAYER
valid_igbt_seq_0158_60,CMP INTERLAYER DIELECTRIC,CMP DIELECTRIC,CMP VIA FILL,CMP METAL,DENSIFY OXIDE
valid_igbt_seq_0158_80,CURE PASSIVATION,BACKSIDE RINSE,BACKSIDE ANNEAL,POLYSILICON ANNEAL,CLEAN PAD OPENING
valid_igbt_seq_0159_60,SPIN COAT PHOTORESIST,MEASURE POLY THICKNESS,MEASURE METAL THICKNESS,MEASURE FILM THICKNESS,CMP DIELECTRIC
valid_igbt_seq_0159_80,CURE PASSIVATION,BACKSIDE ANNEAL,BACKSIDE RINSE,CLEAN PAD OPENING,FINAL CLEAN
valid_igbt_seq_0160_60,MEASURE FILM THICKNESS,MEASURE DIELECTRIC THICKNESS,MEASURE OXIDE THICKNESS,SPIN COAT PHOTORESIST,PARAMETRIC TEST
valid_igbt_seq_0160_80,DEPOSIT PASSIVATION,DEPOSIT PASSIVATION LAYER,MEASURE LINE WIDTH,DEPOSIT BARRIER METAL,DEPOSIT POLYSILICON
valid_igbt_seq_0161_60,SPIN COAT PHOTORESIST,MEASURE POLY THICKNESS,MEASURE METAL THICKNESS,MEASURE FILM THICKNESS,MEASURE SURFACE PARTICLES
valid_igbt_seq_0161_80,DEPOSIT PASSIVATION LAYER,DEPOSIT PASSIVATION,MEASURE LINE WIDTH,DEPOSIT POLYSILICON,DEPOSIT BARRIER METAL
valid_igbt_seq_0162_60,SPIN COAT PHOTORESIST,MEASURE METAL THICKNESS,MEASURE POLY THICKNESS,MEASURE FILM THICKNESS,MEASURE SURFACE PARTICLES
valid_igbt_seq_0162_80,CURE PASSIVATION,BACKSIDE ANNEAL,ANNEAL DIELECTRIC,BACKSIDE RINSE,FINAL CLEAN
valid_igbt_seq_0163_60,MEASURE PLANARITY,MEASURE SURFACE PLANARITY,CMP DIELECTRIC,CMP INTERLAYER DIELECTRIC,MEASURE SURFACE PARTICLES
valid_igbt_seq_0163_80,DEPOSIT PASSIVATION LAYER,DEPOSIT PASSIVATION,MEASURE LINE WIDTH,DEPOSIT POLYSILICON,DEPOSIT BARRIER METAL
valid_igbt_seq_0164_60,MEASURE PLANARITY,MEASURE SURFACE PLANARITY,CMP DIELECTRIC,MEASURE SURFACE PARTICLES,CMP INTERLAYER DIELECTRIC
valid_igbt_seq_0164_80,CURE PASSIVATION,BACKSIDE ANNEAL,BACKSIDE RINSE,POLYSILICON ANNEAL,ANNEAL DIELECTRIC
valid_igbt_seq_0165_60,SPIN COAT PHOTORESIST,MEASURE METAL THICKNESS,MEASURE POLY THICKNESS,MEASURE FILM THICKNESS,CMP DIELECTRIC
valid_igbt_seq_0165_80,CURE PASSIVATION,BACKSIDE ANNEAL,CLEAN PAD OPENING,BACKSIDE RINSE,ANNEAL DIELECTRIC
valid_igbt_seq_0166_60,SOFT BAKE,BACKSIDE RINSE,DEPOSIT METAL SEED,ALIGN MASK LEVEL 5,ALIGN MASK LEVEL 4
valid_igbt_seq_0166_80,MEASURE PASSIVATION QUALITY,MEASURE PASSIVATION THICKNESS,MEASURE FILM THICKNESS,MEASURE OXIDE THICKNESS,DEPOSIT PASSIVATION LAYER
valid_igbt_seq_0167_60,SOFT BAKE,DEPOSIT METAL SEED,ALIGN MASK LEVEL 5,BACKSIDE RINSE,ALIGN MASK LEVEL 4
valid_igbt_seq_0167_80,MEASURE PASSIVATION QUALITY,MEASURE PASSIVATION THICKNESS,MEASURE FILM THICKNESS,DEPOSIT PASSIVATION LAYER,MEASURE OXIDE THICKNESS
valid_igbt_seq_0168_60,SPIN COAT PHOTORESIST,MEASURE POLY THICKNESS,MEASURE METAL THICKNESS,MEASURE FILM THICKNESS,CMP DIELECTRIC
valid_igbt_seq_0168_80,MEASURE PASSIVATION QUALITY,MEASURE PASSIVATION THICKNESS,MEASURE FILM THICKNESS,DEPOSIT PASSIVATION LAYER,MEASURE OXIDE THICKNESS
valid_igbt_seq_0169_60,MEASURE PLANARITY,MEASURE SURFACE PLANARITY,SPIN COAT PHOTORESIST,MEASURE SURFACE PARTICLES,MEASURE POLY THICKNESS
valid_igbt_seq_0169_80,CURE PASSIVATION,PASSIVATION ETCH PAD OPENING,BACKSIDE ANNEAL,PASSIVATION ETCH,ANNEAL DIELECTRIC
valid_igbt_seq_0170_60,CMP INTERLAYER DIELECTRIC,CMP DIELECTRIC,DENSIFY OXIDE,DENSIFY DIELECTRIC,DEPOSIT INTERLEVEL DIELECTRIC
valid_igbt_seq_0170_80,CURE PASSIVATION,ANNEAL DIELECTRIC,BACKSIDE ANNEAL,BACKSIDE RINSE,POLYSILICON ANNEAL
valid_igbt_seq_0171_60,MEASURE PLANARITY,MEASURE SURFACE PLANARITY,CMP DIELECTRIC,CMP INTERLAYER DIELECTRIC,SPIN COAT PHOTORESIST
valid_igbt_seq_0171_80,CURE PASSIVATION,BACKSIDE ANNEAL,CLEAN PAD OPENING,BACKSIDE RINSE,ANNEAL DIELECTRIC
valid_igbt_seq_0172_60,MEASURE PLANARITY,MEASURE SURFACE PLANARITY,CMP DIELECTRIC,CMP INTERLAYER DIELECTRIC,SPIN COAT PHOTORESIST
valid_igbt_seq_0172_80,DEPOSIT PASSIVATION LAYER,DEPOSIT PASSIVATION,MEASURE LINE WIDTH,DEPOSIT POLYSILICON,DEPOSIT BARRIER METAL
valid_igbt_seq_0173_60,MEASURE PLANARITY,MEASURE SURFACE PLANARITY,CMP DIELECTRIC,CMP INTERLAYER DIELECTRIC,SPIN COAT PHOTORESIST
valid_igbt_seq_0173_80,MEASURE PASSIVATION QUALITY,MEASURE PASSIVATION THICKNESS,MEASURE FILM THICKNESS,MEASURE OXIDE THICKNESS,DEPOSIT PASSIVATION LAYER
valid_igbt_seq_0174_60,CMP INTERLAYER DIELECTRIC,CMP DIELECTRIC,DENSIFY OXIDE,DENSIFY DIELECTRIC,CMP VIA FILL
valid_igbt_seq_0174_80,DEPOSIT PASSIVATION LAYER,DEPOSIT PASSIVATION,MEASURE LINE WIDTH,DEPOSIT POLYSILICON,DEPOSIT BARRIER METAL
valid_igbt_seq_0175_60,MEASURE SURFACE PLANARITY,MEASURE PLANARITY,CMP DIELECTRIC,CMP INTERLAYER DIELECTRIC,MEASURE SURFACE PARTICLES
valid_igbt_seq_0175_80,CURE PASSIVATION,ANNEAL DIELECTRIC,BACKSIDE RINSE,BACKSIDE ANNEAL,CLEAN PAD OPENING
valid_igbt_seq_0176_60,MEASURE PLANARITY,MEASURE SURFACE PLANARITY,CMP DIELECTRIC,CMP INTERLAYER DIELECTRIC,SPIN COAT PHOTORESIST
valid_igbt_seq_0176_80,MEASURE PASSIVATION QUALITY,MEASURE PASSIVATION THICKNESS,MEASURE FILM THICKNESS,DEPOSIT PASSIVATION LAYER,MEASURE OXIDE THICKNESS
valid_igbt_seq_0177_60,MEASURE PLANARITY,MEASURE SURFACE PLANARITY,MEASURE POLY THICKNESS,SPIN COAT PHOTORESIST,MEASURE FILM THICKNESS
valid_igbt_seq_0177_80,DEPOSIT PASSIVATION LAYER,DEPOSIT PASSIVATION,MEASURE LINE WIDTH,DEPOSIT POLYSILICON,DEPOSIT INTERLAYER DIELECTRIC
valid_igbt_seq_0178_60,MEASURE PLANARITY,MEASURE SURFACE PLANARITY,CMP DIELECTRIC,CMP INTERLAYER DIELECTRIC,SPIN COAT PHOTORESIST
valid_igbt_seq_0178_80,DEPOSIT PASSIVATION LAYER,DEPOSIT PASSIVATION,MEASURE LINE WIDTH,DEPOSIT POLYSILICON,DEPOSIT BARRIER METAL
valid_igbt_seq_0179_60,ALIGN MASK LEVEL 5,ALIGN MASK LEVEL 6,ALIGN MASK LEVEL 3,ALIGN MASK LEVEL 1,BREAKDOWN VOLTAGE TEST
valid_igbt_seq_0179_80,MEASURE PASSIVATION QUALITY,MEASURE PASSIVATION THICKNESS,MEASURE FILM THICKNESS,DEPOSIT PASSIVATION LAYER,MEASURE OXIDE THICKNESS
valid_igbt_seq_0180_60,MEASURE FILM THICKNESS,MEASURE DIELECTRIC THICKNESS,MEASURE OXIDE THICKNESS,SPIN COAT PHOTORESIST,PARAMETRIC TEST
valid_igbt_seq_0180_80,DEPOSIT PASSIVATION LAYER,DEPOSIT PASSIVATION,MEASURE LINE WIDTH,DEPOSIT BARRIER METAL,DEPOSIT POLYSILICON
valid_igbt_seq_0181_60,CMP INTERLAYER DIELECTRIC,CMP DIELECTRIC,CMP VIA FILL,DENSIFY OXIDE,CMP METAL
valid_igbt_seq_0181_80,DEPOSIT PASSIVATION LAYER,DEPOSIT PASSIVATION,MEASURE LINE WIDTH,DEPOSIT POLYSILICON,DEPOSIT BARRIER METAL
valid_igbt_seq_0182_60,SPIN COAT PHOTORESIST,MEASURE POLY THICKNESS,MEASURE METAL THICKNESS,MEASURE FILM THICKNESS,MEASURE SURFACE PARTICLES
valid_igbt_seq_0182_80,CURE PASSIVATION,ANNEAL DIELECTRIC,BACKSIDE RINSE,BACKSIDE ANNEAL,CLEAN PAD OPENING
valid_igbt_seq_0183_60,MEASURE SURFACE PLANARITY,MEASURE PLANARITY,SPIN COAT PHOTORESIST,CMP DIELECTRIC,MEASURE FILM THICKNESS
valid_igbt_seq_0183_80,CURE PASSIVATION,POLYSILICON ANNEAL,BACKSIDE ANNEAL,BACKSIDE RINSE,ANNEAL METAL 1
valid_igbt_seq_0184_60,CMP DIELECTRIC,CMP INTERLAYER DIELECTRIC,CMP VIA FILL,CMP METAL,DENSIFY OXIDE
valid_igbt_seq_0184_80,DEPOSIT PASSIVATION LAYER,DEPOSIT PASSIVATION,MEASURE LINE WIDTH,DEPOSIT POLYSILICON,DEPOSIT BARRIER METAL
valid_igbt_seq_0185_60,SPIN COAT PHOTORESIST,MEASURE POLY THICKNESS,MEASURE METAL THICKNESS,MEASURE FILM THICKNESS,MEASURE SURFACE PARTICLES
valid_igbt_seq_0185_80,CURE PASSIVATION,BACKSIDE RINSE,CLEAN PAD OPENING,MEASURE BACKSIDE CONTACT,ANNEAL DIELECTRIC
valid_igbt_seq_0186_60,SPIN COAT PHOTORESIST,MEASURE METAL THICKNESS,MEASURE POLY THICKNESS,MEASURE FILM THICKNESS,MEASURE SURFACE PARTICLES
valid_igbt_seq_0186_80,CURE PASSIVATION,BACKSIDE RINSE,BACKSIDE ANNEAL,CLEAN PAD OPENING,ANNEAL DIELECTRIC
valid_igbt_seq_0187_60,DENSIFY OXIDE,DENSIFY DIELECTRIC,ANNEAL METAL,ANNEAL METAL 1,MEASURE JUNCTION DEPTH
valid_igbt_seq_0187_80,MEASURE LINE WIDTH,DEPOSIT PASSIVATION LAYER,DEPOSIT PASSIVATION,MEASURE VIA CD,MEASURE PASSIVATION THICKNESS
valid_igbt_seq_0188_60,SPIN COAT PHOTORESIST,MEASURE METAL THICKNESS,MEASURE POLY THICKNESS,MEASURE FILM THICKNESS,MEASURE SURFACE PARTICLES
valid_igbt_seq_0188_80,MEASURE PASSIVATION QUALITY,MEASURE PASSIVATION THICKNESS,MEASURE FILM THICKNESS,DEPOSIT PASSIVATION LAYER,MEASURE OXIDE THICKNESS
valid_igbt_seq_0189_60,MEASURE PLANARITY,MEASURE SURFACE PLANARITY,CMP INTERLAYER DIELECTRIC,CMP DIELECTRIC,SPIN COAT PHOTORESIST
valid_igbt_seq_0189_80,MEASURE LINE WIDTH,DEPOSIT PASSIVATION LAYER,DEPOSIT PASSIVATION,PASSIVATION ETCH,PASSIVATION ETCH PAD OPENING
valid_igbt_seq_0190_60,SPIN COAT PHOTORESIST,MEASURE METAL THICKNESS,MEASURE POLY THICKNESS,MEASURE FILM THICKNESS,MEASURE SURFACE PARTICLES
valid_igbt_seq_0190_80,CURE PASSIVATION,BACKSIDE RINSE,BACKSIDE ANNEAL,ANNEAL DIELECTRIC,CLEAN PAD OPENING
valid_igbt_seq_0191_60,CMP INTERLAYER DIELECTRIC,CMP DIELECTRIC,DEPOSIT INTERLEVEL DIELECTRIC,DEPOSIT INTERLAYER DIELECTRIC,CMP VIA FILL
valid_igbt_seq_0191_80,DEPOSIT PASSIVATION,DEPOSIT PASSIVATION LAYER,MEASURE LINE WIDTH,DEPOSIT BARRIER METAL,PARAMETRIC TEST
valid_igbt_seq_0192_60,MEASURE PLANARITY,MEASURE SURFACE PLANARITY,CMP DIELECTRIC,SPIN COAT PHOTORESIST,CMP INTERLAYER DIELECTRIC
valid_igbt_seq_0192_80,DEPOSIT PASSIVATION LAYER,DEPOSIT PASSIVATION,MEASURE LINE WIDTH,DEPOSIT POLYSILICON,DEPOSIT BARRIER METAL
valid_igbt_seq_0193_60,MEASURE PLANARITY,MEASURE SURFACE PLANARITY,SPIN COAT PHOTORESIST,MEASURE SURFACE PARTICLES,CMP DIELECTRIC
valid_igbt_seq_0193_80,MEASURE PASSIVATION THICKNESS,MEASURE PASSIVATION QUALITY,MEASURE FILM THICKNESS,DEPOSIT PASSIVATION LAYER,MEASURE OXIDE THICKNESS
valid_igbt_seq_0194_60,SPIN COAT PHOTORESIST,MEASURE POLY THICKNESS,MEASURE METAL THICKNESS,MEASURE FILM THICKNESS,MEASURE SURFACE PARTICLES
valid_igbt_seq_0194_80,CURE PASSIVATION,BACKSIDE RINSE,BACKSIDE ANNEAL,CLEAN PAD OPENING,POLYSILICON ANNEAL
valid_igbt_seq_0195_60,MEASURE PLANARITY,MEASURE SURFACE PLANARITY,SPIN COAT PHOTORESIST,CMP DIELECTRIC,CMP INTERLAYER DIELECTRIC
valid_igbt_seq_0195_80,DEPOSIT PASSIVATION,DEPOSIT PASSIVATION LAYER,MEASURE LINE WIDTH,DEPOSIT BARRIER METAL,DEPOSIT POLYSILICON
valid_igbt_seq_0196_60,CMP INTERLAYER DIELECTRIC,CMP DIELECTRIC,DEPOSIT INTERLEVEL DIELECTRIC,CMP VIA FILL,DEPOSIT INTERLAYER DIELECTRIC
valid_igbt_seq_0196_80,CURE PASSIVATION,POLYSILICON ANNEAL,CLEAN PAD OPENING,BACKSIDE ANNEAL,ANNEAL METAL 1
valid_igbt_seq_0197_60,SPIN COAT PHOTORESIST,MEASURE METAL THICKNESS,MEASURE POLY THICKNESS,MEASURE FILM THICKNESS,MEASURE SURFACE PARTICLES
valid_igbt_seq_0197_80,MEASURE PASSIVATION QUALITY,MEASURE PASSIVATION THICKNESS,MEASURE FILM THICKNESS,MEASURE OXIDE THICKNESS,DEPOSIT PASSIVATION LAYER
valid_igbt_seq_0198_60,ALIGN MASK LEVEL 5,ALIGN MASK LEVEL 6,ALIGN MASK LEVEL 1,ALIGN MASK LEVEL 3,LEAKAGE TEST
valid_igbt_seq_0198_80,MEASURE PASSIVATION QUALITY,MEASURE PASSIVATION THICKNESS,MEASURE FILM THICKNESS,MEASURE OXIDE THICKNESS,DEPOSIT PASSIVATION LAYER
valid_igbt_seq_0199_60,SPIN COAT PHOTORESIST,MEASURE METAL THICKNESS,MEASURE POLY THICKNESS,MEASURE FILM THICKNESS,MEASURE SURFACE PARTICLES
valid_igbt_seq_0199_80,CURE PASSIVATION,BACKSIDE RINSE,BACKSIDE ANNEAL,CLEAN PAD OPENING,POLYSILICON ANNEAL
valid_igbt_seq_0200_60,SPIN COAT PHOTORESIST,MEASURE POLY THICKNESS,MEASURE METAL THICKNESS,MEASURE FILM THICKNESS,MEASURE SURFACE PARTICLES
valid_igbt_seq_0200_80,CURE PASSIVATION,BACKSIDE ANNEAL,BACKSIDE RINSE,CLEAN PAD OPENING,ANNEAL DIELECTRIC
valid_igbt_seq_0201_60,ALIGN MASK LEVEL 5,ALIGN MASK LEVEL 6,ALIGN MASK LEVEL 3,ALIGN MASK LEVEL 1,BREAKDOWN VOLTAGE TEST
valid_igbt_seq_0201_80,CURE PASSIVATION,PASSIVATION ETCH PAD OPENING,ANNEAL DIELECTRIC,CLEAN PAD OPENING,PASSIVATION ETCH
valid_igbt_seq_0202_60,MEASURE FILM THICKNESS,MEASURE DIELECTRIC THICKNESS,MEASURE OXIDE THICKNESS,SPIN COAT PHOTORESIST,PARAMETRIC TEST
valid_igbt_seq_0202_80,MEASURE LINE WIDTH,DEPOSIT PASSIVATION,DEPOSIT PASSIVATION LAYER,PARAMETRIC TEST,DEPOSIT INTERLAYER DIELECTRIC
valid_igbt_seq_0203_60,ALIGN MASK LEVEL 5,ALIGN MASK LEVEL 6,ALIGN MASK LEVEL 3,ALIGN MASK LEVEL 1,LEAKAGE TEST
valid_igbt_seq_0203_80,OPEN PAD WINDOW,OPEN BOND PAD WINDOW,PAD WINDOW LITHO,OPEN PAD WINDOW LITHO,FRONTSIDE CLEAN
valid_igbt_seq_0204_60,ALIGN MASK LEVEL 5,ALIGN MASK LEVEL 6,ALIGN MASK LEVEL 3,ALIGN MASK LEVEL 1,BREAKDOWN VOLTAGE TEST
valid_igbt_seq_0204_80,CURE PASSIVATION,CLEAN PAD OPENING,BACKSIDE RINSE,BACKSIDE ANNEAL,POLYSILICON ANNEAL
valid_igbt_seq_0205_60,CMP INTERLAYER DIELECTRIC,CMP DIELECTRIC,CMP VIA FILL,CMP METAL,DENSIFY OXIDE
valid_igbt_seq_0205_80,CURE PASSIVATION,POLYSILICON ANNEAL,BACKSIDE ANNEAL,BACKSIDE RINSE,CLEAN PAD OPENING
valid_igbt_seq_0206_60,SOFT BAKE,DEPOSIT METAL SEED,BACKSIDE RINSE,ALIGN MASK LEVEL 5,ALIGN MASK LEVEL 4
valid_igbt_seq_0206_80,MEASURE PASSIVATION QUALITY,MEASURE PASSIVATION THICKNESS,MEASURE FILM THICKNESS,MEASURE OXIDE THICKNESS,DEPOSIT PASSIVATION LAYER
valid_igbt_seq_0207_60,SPIN COAT PHOTORESIST,MEASURE POLY THICKNESS,MEASURE METAL THICKNESS,MEASURE FILM THICKNESS,MEASURE SURFACE PARTICLES
valid_igbt_seq_0207_80,CURE PASSIVATION,BACKSIDE RINSE,CLEAN PAD OPENING,BACKSIDE ANNEAL,FINAL CLEAN
valid_igbt_seq_0208_60,CMP INTERLAYER DIELECTRIC,CMP DIELECTRIC,CMP VIA FILL,CMP METAL,DENSIFY OXIDE
valid_igbt_seq_0208_80,CURE PASSIVATION,BACKSIDE RINSE,BACKSIDE ANNEAL,POLYSILICON ANNEAL,CLEAN PAD OPENING
valid_igbt_seq_0209_60,MEASURE PLANARITY,MEASURE SURFACE PLANARITY,CMP INTERLAYER DIELECTRIC,CMP DIELECTRIC,SPIN COAT PHOTORESIST
valid_igbt_seq_0209_80,CURE PASSIVATION,BACKSIDE ANNEAL,CLEAN PAD OPENING,ANNEAL DIELECTRIC,BACKSIDE RINSE
valid_igbt_seq_0210_60,MEASURE PLANARITY,MEASURE SURFACE PLANARITY,SPIN COAT PHOTORESIST,CMP DIELECTRIC,CMP INTERLAYER DIELECTRIC
valid_igbt_seq_0210_80,MEASURE PASSIVATION THICKNESS,MEASURE PASSIVATION QUALITY,MEASURE FILM THICKNESS,MEASURE OXIDE THICKNESS,DEPOSIT PASSIVATION LAYER
valid_igbt_seq_0211_60,SPIN COAT PHOTORESIST,MEASURE POLY THICKNESS,MEASURE METAL THICKNESS,MEASURE FILM THICKNESS,MEASURE SURFACE PARTICLES
valid_igbt_seq_0211_80,CURE PASSIVATION,BACKSIDE ANNEAL,BACKSIDE RINSE,ANNEAL DIELECTRIC,MEASURE BACKSIDE CONTACT
valid_igbt_seq_0212_60,MEASURE FILM THICKNESS,MEASURE DIELECTRIC THICKNESS,MEASURE OXIDE THICKNESS,SPIN COAT PHOTORESIST,PARAMETRIC TEST
valid_igbt_seq_0212_80,CLEAN AFTER METAL ETCH,CLEAN PAD OPENING,CLEAN AFTER FIELD ETCH,CLEAN AFTER OXIDE ETCH,CLEAN AFTER WINDOW ETCH
valid_igbt_seq_0213_60,MEASURE PLANARITY,MEASURE SURFACE PLANARITY,CMP DIELECTRIC,MEASURE SURFACE PARTICLES,CMP INTERLAYER DIELECTRIC
valid_igbt_seq_0213_80,DEPOSIT PASSIVATION LAYER,DEPOSIT PASSIVATION,MEASURE LINE WIDTH,DEPOSIT BARRIER METAL,DEPOSIT POLYSILICON
valid_igbt_seq_0214_60,MEASURE FILM THICKNESS,MEASURE DIELECTRIC THICKNESS,MEASURE OXIDE THICKNESS,SPIN COAT PHOTORESIST,PARAMETRIC TEST
valid_igbt_seq_0214_80,CURE PASSIVATION,ANNEAL DIELECTRIC,BACKSIDE ANNEAL,CLEAN PAD OPENING,FINAL CLEAN
valid_igbt_seq_0215_60,MEASURE PLANARITY,MEASURE SURFACE PLANARITY,SPIN COAT PHOTORESIST,MEASURE SURFACE PARTICLES,CMP DIELECTRIC
valid_igbt_seq_0215_80,MEASURE PASSIVATION QUALITY,MEASURE PASSIVATION THICKNESS,MEASURE FILM THICKNESS,MEASURE OXIDE THICKNESS,DEPOSIT PASSIVATION LAYER
valid_igbt_seq_0216_60,MEASURE PLANARITY,MEASURE SURFACE PLANARITY,SPIN COAT PHOTORESIST,CMP INTERLAYER DIELECTRIC,CMP DIELECTRIC
valid_igbt_seq_0216_80,MEASURE LINE WIDTH,DEPOSIT PASSIVATION LAYER,DEPOSIT PASSIVATION,PARAMETRIC TEST,PASSIVATION ETCH
valid_igbt_seq_0217_60,MEASURE DIELECTRIC THICKNESS,MEASURE FILM THICKNESS,MEASURE OXIDE THICKNESS,SPIN COAT PHOTORESIST,PARAMETRIC TEST
valid_igbt_seq_0217_80,DEPOSIT PASSIVATION LAYER,DEPOSIT PASSIVATION,MEASURE LINE WIDTH,DEPOSIT POLYSILICON,DEPOSIT BARRIER METAL
valid_igbt_seq_0218_60,SOFT BAKE,ALIGN MASK LEVEL 5,BACKSIDE RINSE,DEPOSIT METAL SEED,ALIGN MASK LEVEL 4
valid_igbt_seq_0218_80,DEPOSIT PASSIVATION LAYER,DEPOSIT PASSIVATION,MEASURE LINE WIDTH,DEPOSIT POLYSILICON,DEPOSIT BARRIER METAL
valid_igbt_seq_0219_60,CMP INTERLAYER DIELECTRIC,CMP DIELECTRIC,CMP VIA FILL,DENSIFY OXIDE,DENSIFY DIELECTRIC
valid_igbt_seq_0219_80,DEPOSIT PASSIVATION,DEPOSIT PASSIVATION LAYER,MEASURE LINE WIDTH,DEPOSIT BARRIER METAL,DEPOSIT POLYSILICON
valid_igbt_seq_0220_60,SOFT BAKE,BACKSIDE RINSE,ALIGN MASK LEVEL 5,DEPOSIT METAL SEED,BREAKDOWN VOLTAGE TEST
valid_igbt_seq_0220_80,MEASURE PASSIVATION QUALITY,MEASURE PASSIVATION THICKNESS,MEASURE FILM THICKNESS,DEPOSIT PASSIVATION LAYER,MEASURE OXIDE QUALITY
valid_igbt_seq_0221_60,MEASURE PLANARITY,MEASURE SURFACE PLANARITY,SPIN COAT PHOTORESIST,CMP DIELECTRIC,CMP INTERLAYER DIELECTRIC
valid_igbt_seq_0221_80,MEASURE PASSIVATION QUALITY,MEASURE PASSIVATION THICKNESS,MEASURE FILM THICKNESS,DEPOSIT PASSIVATION LAYER,MEASURE OXIDE THICKNESS
valid_igbt_seq_0222_60,MEASURE DIELECTRIC THICKNESS,MEASURE FILM THICKNESS,MEASURE OXIDE THICKNESS,SPIN COAT PHOTORESIST,PARAMETRIC TEST
valid_igbt_seq_0222_80,DEPOSIT PASSIVATION LAYER,DEPOSIT PASSIVATION,MEASURE LINE WIDTH,DEPOSIT POLYSILICON,CMP DIELECTRIC
valid_igbt_seq_0223_60,CMP DIELECTRIC,CMP INTERLAYER DIELECTRIC,CMP VIA FILL,CMP METAL,DENSIFY OXIDE
valid_igbt_seq_0223_80,CURE PASSIVATION,POLYSILICON ANNEAL,ANNEAL DIELECTRIC,BACKSIDE ANNEAL,PASSIVATION ETCH PAD OPENING
valid_igbt_seq_0224_60,MEASURE SURFACE PLANARITY,MEASURE PLANARITY,CMP DIELECTRIC,CMP INTERLAYER DIELECTRIC,SPIN COAT PHOTORESIST
valid_igbt_seq_0224_80,CURE PASSIVATION,BACKSIDE RINSE,CLEAN PAD OPENING,ANNEAL DIELECTRIC,BACKSIDE ANNEAL
valid_igbt_seq_0225_60,MEASURE PLANARITY,MEASURE SURFACE PLANARITY,CMP DIELECTRIC,SPIN COAT PHOTORESIST,MEASURE FILM THICKNESS
valid_igbt_seq_0225_80,DEPOSIT PASSIVATION LAYER,DEPOSIT PASSIVATION,MEASURE LINE WIDTH,DEPOSIT POLYSILICON,DEPOSIT BARRIER METAL
valid_igbt_seq_0226_60,SOFT BAKE,ALIGN MASK LEVEL 5,BACKSIDE RINSE,DEPOSIT METAL SEED,ALIGN MASK LEVEL 4
valid_igbt_seq_0226_80,MEASURE PASSIVATION QUALITY,MEASURE PASSIVATION THICKNESS,MEASURE FILM THICKNESS,MEASURE OXIDE THICKNESS,DEPOSIT PASSIVATION LAYER
valid_igbt_seq_0227_60,SPIN COAT PHOTORESIST,MEASURE METAL THICKNESS,MEASURE POLY THICKNESS,MEASURE FILM THICKNESS,MEASURE SURFACE PARTICLES
valid_igbt_seq_0227_80,MEASURE PASSIVATION QUALITY,MEASURE PASSIVATION THICKNESS,MEASURE FILM THICKNESS,DEPOSIT PASSIVATION LAYER,DEPOSIT PASSIVATION
valid_igbt_seq_0228_60,CMP INTERLAYER DIELECTRIC,CMP DIELECTRIC,CMP VIA FILL,CMP METAL,DENSIFY OXIDE
valid_igbt_seq_0228_80,CURE PASSIVATION,BACKSIDE RINSE,BACKSIDE ANNEAL,POLYSILICON ANNEAL,CLEAN PAD OPENING
valid_igbt_seq_0229_60,MEASURE FILM THICKNESS,MEASURE DIELECTRIC THICKNESS,MEASURE OXIDE THICKNESS,SPIN COAT PHOTORESIST,MEASURE POLY THICKNESS
valid_igbt_seq_0229_80,MEASURE LINE WIDTH,DEPOSIT PASSIVATION LAYER,DEPOSIT PASSIVATION,PASSIVATION ETCH,PASSIVATION ETCH PAD OPENING
valid_igbt_seq_0230_60,CMP INTERLAYER DIELECTRIC,CMP DIELECTRIC,DENSIFY OXIDE,DENSIFY DIELECTRIC,CMP VIA FILL
valid_igbt_seq_0230_80,CURE PASSIVATION,BACKSIDE ANNEAL,ANNEAL DIELECTRIC,PASSIVATION ETCH PAD OPENING,PASSIVATION ETCH
valid_igbt_seq_0231_60,MEASURE PLANARITY,MEASURE SURFACE PLANARITY,CMP DIELECTRIC,SPIN COAT PHOTORESIST,CMP INTERLAYER DIELECTRIC
valid_igbt_seq_0231_80,DEPOSIT PASSIVATION LAYER,DEPOSIT PASSIVATION,MEASURE LINE WIDTH,DEPOSIT POLYSILICON,DEPOSIT BARRIER METAL
valid_igbt_seq_0232_60,MEASURE FILM THICKNESS,MEASURE DIELECTRIC THICKNESS,SPIN COAT PHOTORESIST,MEASURE OXIDE THICKNESS,PARAMETRIC TEST
valid_igbt_seq_0232_80,CURE PASSIVATION,CLEAN PAD OPENING,BACKSIDE RINSE,BACKSIDE ANNEAL,PASSIVATION ETCH PAD OPENING
valid_igbt_seq_0233_60,SPIN COAT PHOTORESIST,MEASURE POLY THICKNESS,MEASURE METAL THICKNESS,MEASURE FILM THICKNESS,CMP DIELECTRIC
valid_igbt_seq_0233_80,CURE PASSIVATION,ANNEAL DIELECTRIC,BACKSIDE ANNEAL,BACKSIDE RINSE,CLEAN PAD OPENING
valid_igbt_seq_0234_60,SPIN COAT PHOTORESIST,MEASURE METAL THICKNESS,MEASURE POLY THICKNESS,MEASURE FILM THICKNESS,MEASURE SURFACE PARTICLES
valid_igbt_seq_0234_80,CURE PASSIVATION,BACKSIDE ANNEAL,PASSIVATION ETCH PAD OPENING,ANNEAL DIELECTRIC,PASSIVATION ETCH
valid_igbt_seq_0235_60,MEASURE DIELECTRIC THICKNESS,MEASURE FILM THICKNESS,MEASURE OXIDE THICKNESS,SPIN COAT PHOTORESIST,PARAMETRIC TEST
valid_igbt_seq_0235_80,DEPOSIT PASSIVATION,DEPOSIT PASSIVATION LAYER,MEASURE LINE WIDTH,DEPOSIT BARRIER METAL,DEPOSIT POLYSILICON
valid_igbt_seq_0236_60,SPIN COAT PHOTORESIST,MEASURE METAL THICKNESS,MEASURE POLY THICKNESS,MEASURE FILM THICKNESS,MEASURE SURFACE PARTICLES
valid_igbt_seq_0236_80,CURE PASSIVATION,ANNEAL DIELECTRIC,BACKSIDE ANNEAL,FINAL CLEAN,PASSIVATION ETCH PAD OPENING
valid_igbt_seq_0237_60,SOFT BAKE,ALIGN MASK LEVEL 5,DEPOSIT METAL SEED,BACKSIDE RINSE,ALIGN MASK LEVEL 4
valid_igbt_seq_0237_80,MEASURE PASSIVATION QUALITY,MEASURE PASSIVATION THICKNESS,MEASURE FILM THICKNESS,MEASURE OXIDE THICKNESS,DEPOSIT PASSIVATION LAYER
valid_igbt_seq_0238_60,SPIN COAT PHOTORESIST,MEASURE POLY THICKNESS,MEASURE METAL THICKNESS,MEASURE FILM THICKNESS,CMP DIELECTRIC
valid_igbt_seq_0238_80,CURE PASSIVATION,POLYSILICON ANNEAL,BACKSIDE ANNEAL,BACKSIDE RINSE,CLEAN PAD OPENING
valid_igbt_seq_0239_60,MEASURE PLANARITY,MEASURE SURFACE PLANARITY,CMP DIELECTRIC,CMP INTERLAYER DIELECTRIC,MEASURE POLY THICKNESS
valid_igbt_seq_0239_80,CURE PASSIVATION,BACKSIDE RINSE,BACKSIDE ANNEAL,MEASURE BACKSIDE CONTACT,ANNEAL DIELECTRIC
valid_igbt_seq_0240_60,SOFT BAKE,DEPOSIT METAL SEED,BACKSIDE RINSE,ALIGN MASK LEVEL 5,ALIGN MASK LEVEL 4
valid_igbt_seq_0240_80,MEASURE PASSIVATION QUALITY,MEASURE PASSIVATION THICKNESS,DEPOSIT PASSIVATION LAYER,MEASURE FILM THICKNESS,DEPOSIT PASSIVATION
valid_igbt_seq_0241_60,SPIN COAT PHOTORESIST,MEASURE METAL THICKNESS,MEASURE POLY THICKNESS,MEASURE FILM THICKNESS,MEASURE SURFACE PARTICLES
valid_igbt_seq_0241_80,DEPOSIT PASSIVATION,DEPOSIT PASSIVATION LAYER,MEASURE LINE WIDTH,DEPOSIT POLYSILICON,DEPOSIT BARRIER METAL
valid_igbt_seq_0242_60,SPIN COAT PHOTORESIST,MEASURE POLY THICKNESS,MEASURE METAL THICKNESS,MEASURE FILM THICKNESS,MEASURE SURFACE PARTICLES
valid_igbt_seq_0242_80,MEASURE PASSIVATION QUALITY,MEASURE PASSIVATION THICKNESS,MEASURE FILM THICKNESS,DEPOSIT PASSIVATION LAYER,MEASURE OXIDE THICKNESS
valid_igbt_seq_0243_60,SPIN COAT PHOTORESIST,MEASURE METAL THICKNESS,MEASURE POLY THICKNESS,MEASURE FILM THICKNESS,MEASURE SURFACE PARTICLES
valid_igbt_seq_0243_80,DEPOSIT PASSIVATION,DEPOSIT PASSIVATION LAYER,MEASURE LINE WIDTH,DEPOSIT BARRIER METAL,DEPOSIT POLYSILICON
valid_igbt_seq_0244_60,MEASURE PLANARITY,MEASURE SURFACE PLANARITY,SPIN COAT PHOTORESIST,MEASURE SURFACE PARTICLES,MEASURE POLY THICKNESS
valid_igbt_seq_0244_80,CURE PASSIVATION,ANNEAL DIELECTRIC,BACKSIDE ANNEAL,PASSIVATION ETCH PAD OPENING,FINAL CLEAN
valid_igbt_seq_0245_60,SPIN COAT PHOTORESIST,MEASURE POLY THICKNESS,MEASURE METAL THICKNESS,MEASURE FILM THICKNESS,MEASURE SURFACE PARTICLES
valid_igbt_seq_0245_80,CURE PASSIVATION,BACKSIDE RINSE,BACKSIDE ANNEAL,CLEAN PAD OPENING,POLYSILICON ANNEAL
valid_igbt_seq_0246_60,SPIN COAT PHOTORESIST,MEASURE METAL THICKNESS,MEASURE POLY THICKNESS,MEASURE FILM THICKNESS,MEASURE SURFACE PARTICLES
valid_igbt_seq_0246_80,CURE PASSIVATION,BACKSIDE ANNEAL,ANNEAL DIELECTRIC,PASSIVATION ETCH PAD OPENING,CLEAN PAD OPENING
valid_igbt_seq_0247_60,MEASURE FILM THICKNESS,MEASURE DIELECTRIC THICKNESS,MEASURE OXIDE THICKNESS,SPIN COAT PHOTORESIST,DEPOSIT INTERLEVEL DIELECTRIC
valid_igbt_seq_0247_80,DEPOSIT PASSIVATION LAYER,DEPOSIT PASSIVATION,MEASURE LINE WIDTH,DEPOSIT BARRIER METAL,DEPOSIT POLYSILICON
valid_igbt_seq_0248_60,CMP DIELECTRIC,CMP INTERLAYER DIELECTRIC,CMP VIA FILL,CMP METAL,DENSIFY OXIDE
valid_igbt_seq_0248_80,CURE PASSIVATION,BACKSIDE ANNEAL,BACKSIDE RINSE,ANNEAL DIELECTRIC,POLYSILICON ANNEAL
valid_igbt_seq_0249_60,MEASURE PLANARITY,MEASURE SURFACE PLANARITY,SPIN COAT PHOTORESIST,MEASURE METAL THICKNESS,CMP DIELECTRIC
valid_igbt_seq_0249_80,MEASURE LINE WIDTH,DEPOSIT PASSIVATION LAYER,DEPOSIT PASSIVATION,PASSIVATION ETCH,CMP METAL
valid_igbt_seq_0250_60,MEASURE PLANARITY,MEASURE SURFACE PLANARITY,CMP DIELECTRIC,CMP INTERLAYER DIELECTRIC,MEASURE SURFACE PARTICLES
valid_igbt_seq_0250_80,MEASURE LINE WIDTH,DEPOSIT PASSIVATION LAYER,DEPOSIT PASSIVATION,PASSIVATION ETCH,PASSIVATION ETCH PAD OPENING
valid_igbt_seq_0251_60,MEASURE PLANARITY,MEASURE SURFACE PLANARITY,SPIN COAT PHOTORESIST,MEASURE METAL THICKNESS,CMP DIELECTRIC
valid_igbt_seq_0251_80,CURE PASSIVATION,BACKSIDE ANNEAL,ANNEAL DIELECTRIC,CLEAN PAD OPENING,PASSIVATION ETCH PAD OPENING
valid_igbt_seq_0252_60,MEASURE SURFACE PLANARITY,MEASURE PLANARITY,CMP DIELECTRIC,CMP INTERLAYER DIELECTRIC,MEASURE SURFACE PARTICLES
valid_igbt_seq_0252_80,DEPOSIT PASSIVATION LAYER,DEPOSIT PASSIVATION,MEASURE LINE WIDTH,DEPOSIT POLYSILICON,DEPOSIT BARRIER METAL
valid_igbt_seq_0253_60,CMP INTERLAYER DIELECTRIC,CMP DIELECTRIC,CMP VIA FILL,CMP METAL,DENSIFY DIELECTRIC
valid_igbt_seq_0253_80,MEASURE PASSIVATION QUALITY,MEASURE PASSIVATION THICKNESS,MEASURE FILM THICKNESS,DEPOSIT PASSIVATION LAYER,MEASURE OXIDE THICKNESS
valid_igbt_seq_0254_60,MEASURE PLANARITY,MEASURE SURFACE PLANARITY,CMP DIELECTRIC,CMP INTERLAYER DIELECTRIC,SPIN COAT PHOTORESIST
valid_igbt_seq_0254_80,CURE PASSIVATION,BACKSIDE ANNEAL,BACKSIDE RINSE,POLYSILICON ANNEAL,CLEAN PAD OPENING
valid_igbt_seq_0255_60,MEASURE SURFACE PLANARITY,MEASURE PLANARITY,CMP DIELECTRIC,CMP INTERLAYER DIELECTRIC,MEASURE SURFACE PARTICLES
valid_igbt_seq_0255_80,CURE PASSIVATION,BACKSIDE ANNEAL,BACKSIDE RINSE,CLEAN PAD OPENING,POLYSILICON ANNEAL
valid_igbt_seq_0256_60,MEASURE SURFACE PLANARITY,MEASURE PLANARITY,CMP DIELECTRIC,CMP INTERLAYER DIELECTRIC,SPIN COAT PHOTORESIST
valid_igbt_seq_0256_80,CURE PASSIVATION,BACKSIDE ANNEAL,CLEAN PAD OPENING,BACKSIDE RINSE,ANNEAL DIELECTRIC
valid_igbt_seq_0257_60,MEASURE SURFACE PLANARITY,MEASURE PLANARITY,CMP DIELECTRIC,CMP INTERLAYER DIELECTRIC,SPIN COAT PHOTORESIST
valid_igbt_seq_0257_80,MEASURE PASSIVATION QUALITY,MEASURE PASSIVATION THICKNESS,MEASURE FILM THICKNESS,MEASURE OXIDE QUALITY,MEASURE OXIDE THICKNESS
valid_igbt_seq_0258_60,SPIN COAT PHOTORESIST,MEASURE METAL THICKNESS,MEASURE POLY THICKNESS,MEASURE FILM THICKNESS,MEASURE SURFACE PARTICLES
valid_igbt_seq_0258_80,CURE PASSIVATION,ANNEAL DIELECTRIC,BACKSIDE ANNEAL,MEASURE PAD OPENING,BACKSIDE RINSE
valid_igbt_seq_0259_60,MEASURE SURFACE PLANARITY,MEASURE PLANARITY,CMP DIELECTRIC,CMP INTERLAYER DIELECTRIC,MEASURE SURFACE PARTICLES
valid_igbt_seq_0259_80,CURE PASSIVATION,ANNEAL DIELECTRIC,BACKSIDE ANNEAL,CLEAN PAD OPENING,BACKSIDE RINSE
valid_igbt_seq_0260_60,ALIGN MASK LEVEL 5,ALIGN MASK LEVEL 6,ALIGN MASK LEVEL 1,ALIGN MASK LEVEL 3,BREAKDOWN VOLTAGE TEST
valid_igbt_seq_0260_80,MEASURE PASSIVATION QUALITY,MEASURE PASSIVATION THICKNESS,DEPOSIT PASSIVATION LAYER,MEASURE FILM THICKNESS,DEPOSIT PASSIVATION
valid_igbt_seq_0261_60,EXPOSE LITHO LEVEL 5,EXPOSE LITHO LEVEL 1,EXPOSE LITHO LEVEL 6,MEASURE EPITAXY THICKNESS,EXPOSE LITHO LEVEL 3
valid_igbt_seq_0261_80,MEASURE PASSIVATION QUALITY,MEASURE PASSIVATION THICKNESS,MEASURE FILM THICKNESS,DEPOSIT PASSIVATION LAYER,MEASURE OXIDE THICKNESS
valid_igbt_seq_0262_60,MEASURE DIELECTRIC THICKNESS,MEASURE FILM THICKNESS,MEASURE OXIDE THICKNESS,SPIN COAT PHOTORESIST,PARAMETRIC TEST
valid_igbt_seq_0262_80,CURE PASSIVATION,BACKSIDE RINSE,CLEAN PAD OPENING,ANNEAL DIELECTRIC,POLYSILICON ANNEAL
valid_igbt_seq_0263_60,SPIN COAT PHOTORESIST,MEASURE POLY THICKNESS,MEASURE METAL THICKNESS,MEASURE FILM THICKNESS,MEASURE SURFACE PARTICLES
valid_igbt_seq_0263_80,MEASURE PASSIVATION THICKNESS,MEASURE PASSIVATION QUALITY,MEASURE FILM THICKNESS,DEPOSIT PASSIVATION LAYER,MEASURE OXIDE THICKNESS
valid_igbt_seq_0264_60,SOFT BAKE,BACKSIDE RINSE,DEPOSIT METAL SEED,ALIGN MASK LEVEL 5,ALIGN MASK LEVEL 4
valid_igbt_seq_0264_80,CURE PASSIVATION,BACKSIDE RINSE,BACKSIDE ANNEAL,ANNEAL DIELECTRIC,CLEAN PAD OPENING
valid_igbt_seq_0265_60,MEASURE PLANARITY,MEASURE SURFACE PLANARITY,SPIN COAT PHOTORESIST,CMP DIELECTRIC,MEASURE METAL THICKNESS
valid_igbt_seq_0265_80,CURE PASSIVATION,ANNEAL DIELECTRIC,BACKSIDE ANNEAL,BACKSIDE RINSE,FINAL CLEAN
valid_igbt_seq_0266_60,MEASURE PLANARITY,MEASURE SURFACE PLANARITY,CMP DIELECTRIC,CMP INTERLAYER DIELECTRIC,MEASURE FILM THICKNESS
valid_igbt_seq_0266_80,CURE PASSIVATION,BACKSIDE ANNEAL,POLYSILICON ANNEAL,BACKSIDE RINSE,ANNEAL METAL 1
valid_igbt_seq_0267_60,SPIN COAT PHOTORESIST,MEASURE POLY THICKNESS,MEASURE METAL THICKNESS,MEASURE FILM THICKNESS,MEASURE SURFACE PARTICLES
valid_igbt_seq_0267_80,MEASURE PASSIVATION THICKNESS,MEASURE PASSIVATION QUALITY,MEASURE FILM THICKNESS,DEPOSIT PASSIVATION LAYER,MEASURE OXIDE QUALITY
valid_igbt_seq_0268_60,MEASURE PLANARITY,MEASURE SURFACE PLANARITY,SPIN COAT PHOTORESIST,MEASURE SURFACE PARTICLES,MEASURE METAL THICKNESS
valid_igbt_seq_0268_80,CURE PASSIVATION,BACKSIDE ANNEAL,ANNEAL DIELECTRIC,PASSIVATION ETCH PAD OPENING,PASSIVATION ETCH
valid_igbt_seq_0269_60,SPIN COAT PHOTORESIST,MEASURE POLY THICKNESS,MEASURE METAL THICKNESS,MEASURE FILM THICKNESS,CMP DIELECTRIC
valid_igbt_seq_0269_80,DEPOSIT PASSIVATION,DEPOSIT PASSIVATION LAYER,MEASURE LINE WIDTH,DEPOSIT BARRIER METAL,IMPLANT SOURCE REGION
valid_igbt_seq_0270_60,SPIN COAT PHOTORESIST,MEASURE METAL THICKNESS,MEASURE POLY THICKNESS,MEASURE FILM THICKNESS,MEASURE SURFACE PARTICLES
valid_igbt_seq_0270_80,CURE PASSIVATION,BACKSIDE ANNEAL,BACKSIDE RINSE,ANNEAL DIELECTRIC,POLYSILICON ANNEAL
valid_igbt_seq_0271_60,SPIN COAT PHOTORESIST,MEASURE POLY THICKNESS,MEASURE METAL THICKNESS,MEASURE FILM THICKNESS,MEASURE SURFACE PARTICLES
valid_igbt_seq_0271_80,CURE PASSIVATION,BACKSIDE ANNEAL,BACKSIDE RINSE,MEASURE BACKSIDE CONTACT,ANNEAL DIELECTRIC
valid_igbt_seq_0272_60,SPIN COAT PHOTORESIST,MEASURE METAL THICKNESS,MEASURE POLY THICKNESS,MEASURE FILM THICKNESS,MEASURE SURFACE PARTICLES
valid_igbt_seq_0272_80,MEASURE PASSIVATION QUALITY,MEASURE PASSIVATION THICKNESS,MEASURE FILM THICKNESS,DEPOSIT PASSIVATION LAYER,MEASURE LINE WIDTH
valid_igbt_seq_0273_60,SPIN COAT PHOTORESIST,MEASURE METAL THICKNESS,MEASURE POLY THICKNESS,MEASURE FILM THICKNESS,MEASURE SURFACE PARTICLES
valid_igbt_seq_0273_80,MEASURE PASSIVATION QUALITY,MEASURE PASSIVATION THICKNESS,DEPOSIT PASSIVATION LAYER,MEASURE LINE WIDTH,DEPOSIT PASSIVATION
valid_igbt_seq_0274_60,SPIN COAT PHOTORESIST,MEASURE METAL THICKNESS,MEASURE POLY THICKNESS,MEASURE FILM THICKNESS,MEASURE SURFACE PARTICLES
valid_igbt_seq_0274_80,MEASURE LINE WIDTH,DEPOSIT PASSIVATION LAYER,DEPOSIT PASSIVATION,PASSIVATION ETCH,PASSIVATION ETCH PAD OPENING
valid_igbt_seq_0275_60,SPIN COAT PHOTORESIST,MEASURE POLY THICKNESS,MEASURE METAL THICKNESS,MEASURE FILM THICKNESS,MEASURE SURFACE PARTICLES
valid_igbt_seq_0275_80,CURE PASSIVATION,BACKSIDE ANNEAL,BACKSIDE RINSE,POLYSILICON ANNEAL,ANNEAL METAL 1
valid_igbt_seq_0276_60,SOFT BAKE,BACKSIDE RINSE,DEPOSIT METAL SEED,ALIGN MASK LEVEL 5,ALIGN MASK LEVEL 4
valid_igbt_seq_0276_80,CURE PASSIVATION,BACKSIDE ANNEAL,ANNEAL DIELECTRIC,BACKSIDE RINSE,POLYSILICON ANNEAL
valid_igbt_seq_0277_60,MEASURE FILM THICKNESS,MEASURE DIELECTRIC THICKNESS,SPIN COAT PHOTORESIST,MEASURE OXIDE THICKNESS,PARAMETRIC TEST
valid_igbt_seq_0277_80,DEPOSIT PASSIVATION,DEPOSIT PASSIVATION LAYER,MEASURE LINE WIDTH,DEPOSIT BARRIER METAL,DEPOSIT POLYSILICON
valid_igbt_seq_0278_60,MEASURE SURFACE PLANARITY,MEASURE PLANARITY,CMP DIELECTRIC,CMP INTERLAYER DIELECTRIC,SPIN COAT PHOTORESIST
valid_igbt_seq_0278_80,CURE PASSIVATION,ANNEAL DIELECTRIC,CLEAN PAD OPENING,BACKSIDE RINSE,PASSIVATION ETCH PAD OPENING
valid_igbt_seq_0279_60,MEASURE PLANARITY,MEASURE SURFACE PLANARITY,CMP DIELECTRIC,CMP INTERLAYER DIELECTRIC,MEASURE FILM THICKNESS
valid_igbt_seq_0279_80,DEPOSIT PASSIVATION LAYER,DEPOSIT PASSIVATION,MEASURE LINE WIDTH,DEPOSIT POLYSILICON,DEPOSIT BARRIER METAL
valid_igbt_seq_0280_60,ALIGN MASK LEVEL 5,ALIGN MASK LEVEL 6,ALIGN MASK LEVEL 1,ALIGN MASK LEVEL 3,LEAKAGE TEST
valid_igbt_seq_0280_80,OPEN PAD WINDOW,OPEN BOND PAD WINDOW,PAD WINDOW LITHO,OPEN PAD WINDOW LITHO,IMPLANT N BUFFER
valid_igbt_seq_0281_60,CMP DIELECTRIC,CMP INTERLAYER DIELECTRIC,CMP VIA FILL,CMP METAL,DENSIFY OXIDE
valid_igbt_seq_0281_80,DEPOSIT PASSIVATION,DEPOSIT PASSIVATION LAYER,MEASURE LINE WIDTH,DEPOSIT POLYSILICON,DEPOSIT BARRIER METAL
valid_igbt_seq_0282_60,SOFT BAKE,ALIGN MASK LEVEL 5,DEPOSIT METAL SEED,BACKSIDE RINSE,ALIGN MASK LEVEL 4
valid_igbt_seq_0282_80,MEASURE PASSIVATION QUALITY,MEASURE PASSIVATION THICKNESS,MEASURE FILM THICKNESS,MEASURE OXIDE THICKNESS,DEPOSIT PASSIVATION LAYER
valid_igbt_seq_0283_60,SPIN COAT PHOTORESIST,MEASURE METAL THICKNESS,MEASURE POLY THICKNESS,MEASURE FILM THICKNESS,MEASURE SURFACE PARTICLES
valid_igbt_seq_0283_80,CURE PASSIVATION,ANNEAL DIELECTRIC,BACKSIDE ANNEAL,PASSIVATION ETCH PAD OPENING,PASSIVATION ETCH
valid_igbt_seq_0284_60,MEASURE PLANARITY,MEASURE SURFACE PLANARITY,SPIN COAT PHOTORESIST,MEASURE SURFACE PARTICLES,MEASURE POLY THICKNESS
valid_igbt_seq_0284_80,CURE PASSIVATION,PASSIVATION ETCH PAD OPENING,PASSIVATION ETCH,BACKSIDE ANNEAL,ANNEAL DIELECTRIC
valid_igbt_seq_0285_60,SPIN COAT PHOTORESIST,MEASURE POLY THICKNESS,MEASURE METAL THICKNESS,MEASURE FILM THICKNESS,MEASURE SURFACE PARTICLES
valid_igbt_seq_0285_80,MEASURE PASSIVATION QUALITY,MEASURE PASSIVATION THICKNESS,MEASURE FILM THICKNESS,MEASURE OXIDE THICKNESS,DEPOSIT PASSIVATION LAYER
valid_igbt_seq_0286_60,MEASURE PLANARITY,MEASURE SURFACE PLANARITY,SPIN COAT PHOTORESIST,MEASURE METAL THICKNESS,MEASURE SURFACE PARTICLES
valid_igbt_seq_0286_80,MEASURE PASSIVATION QUALITY,MEASURE PASSIVATION THICKNESS,MEASURE FILM THICKNESS,MEASURE OXIDE THICKNESS,DEPOSIT PASSIVATION LAYER
valid_igbt_seq_0287_60,MEASURE PLANARITY,MEASURE SURFACE PLANARITY,MEASURE POLY THICKNESS,MEASURE SURFACE PARTICLES,SPIN COAT PHOTORESIST
valid_igbt_seq_0287_80,CLEAN AFTER METAL ETCH,CLEAN PAD OPENING,CLEAN AFTER FIELD ETCH,CLEAN AFTER OXIDE ETCH,CLEAN AFTER WINDOW ETCH
valid_igbt_seq_0288_60,SOFT BAKE,ALIGN MASK LEVEL 5,BACKSIDE RINSE,DEPOSIT METAL SEED,ALIGN MASK LEVEL 4
valid_igbt_seq_0288_80,DEPOSIT PASSIVATION LAYER,DEPOSIT PASSIVATION,MEASURE LINE WIDTH,DEPOSIT POLYSILICON,DEPOSIT BARRIER METAL
valid_igbt_seq_0289_60,SPIN COAT PHOTORESIST,MEASURE POLY THICKNESS,MEASURE METAL THICKNESS,MEASURE FILM THICKNESS,MEASURE SURFACE PARTICLES
valid_igbt_seq_0289_80,CURE PASSIVATION,BACKSIDE ANNEAL,CLEAN PAD OPENING,BACKSIDE RINSE,ANNEAL DIELECTRIC
valid_igbt_seq_0290_60,ALIGN MASK LEVEL 5,ALIGN MASK LEVEL 6,ALIGN MASK LEVEL 1,ALIGN MASK LEVEL 3,LEAKAGE TEST
valid_igbt_seq_0290_80,OPEN PAD WINDOW,OPEN BOND PAD WINDOW,PAD WINDOW LITHO,OPEN PAD WINDOW LITHO,IMPLANT N BUFFER
valid_igbt_seq_0291_60,MEASURE PLANARITY,MEASURE SURFACE PLANARITY,SPIN COAT PHOTORESIST,CMP DIELECTRIC,CMP INTERLAYER DIELECTRIC
valid_igbt_seq_0291_80,CURE PASSIVATION,BACKSIDE RINSE,BACKSIDE ANNEAL,CLEAN PAD OPENING,POLYSILICON ANNEAL
valid_igbt_seq_0292_60,CMP INTERLAYER DIELECTRIC,CMP DIELECTRIC,CMP VIA FILL,CMP METAL,DENSIFY DIELECTRIC
valid_igbt_seq_0292_80,CURE PASSIVATION,ANNEAL DIELECTRIC,BACKSIDE ANNEAL,BACKSIDE RINSE,CLEAN PAD OPENING
valid_igbt_seq_0293_60,SPIN COAT PHOTORESIST,MEASURE POLY THICKNESS,MEASURE METAL THICKNESS,MEASURE FILM THICKNESS,MEASURE SURFACE PARTICLES
valid_igbt_seq_0293_80,CURE PASSIVATION,BACKSIDE RINSE,CLEAN PAD OPENING,ANNEAL DIELECTRIC,BACKSIDE ANNEAL
valid_igbt_seq_0294_60,SOFT BAKE,ALIGN MASK LEVEL 5,BACKSIDE RINSE,DEPOSIT METAL SEED,BREAKDOWN VOLTAGE TEST
valid_igbt_seq_0294_80,CURE PASSIVATION,BACKSIDE ANNEAL,ANNEAL DIELECTRIC,PASSIVATION ETCH PAD OPENING,CLEAN PAD OPENING
valid_igbt_seq_0295_60,MEASURE PLANARITY,MEASURE SURFACE PLANARITY,CMP DIELECTRIC,SPIN COAT PHOTORESIST,CMP INTERLAYER DIELECTRIC
valid_igbt_seq_0295_80,MEASURE LINE WIDTH,DEPOSIT PASSIVATION LAYER,DEPOSIT PASSIVATION,PASSIVATION ETCH,PASSIVATION ETCH PAD OPENING
valid_igbt_seq_0296_60,MEASURE PLANARITY,MEASURE SURFACE PLANARITY,MEASURE SURFACE PARTICLES,CMP DIELECTRIC,CMP INTERLAYER DIELECTRIC
valid_igbt_seq_0296_80,DEPOSIT PASSIVATION LAYER,DEPOSIT PASSIVATION,MEASURE LINE WIDTH,DEPOSIT POLYSILICON,DEPOSIT BARRIER METAL
valid_igbt_seq_0297_60,SPIN COAT PHOTORESIST,MEASURE POLY THICKNESS,MEASURE METAL THICKNESS,MEASURE FILM THICKNESS,CMP DIELECTRIC
valid_igbt_seq_0297_80,MEASURE PASSIVATION QUALITY,MEASURE PASSIVATION THICKNESS,MEASURE FILM THICKNESS,MEASURE OXIDE THICKNESS,MEASURE OXIDE QUALITY
valid_igbt_seq_0298_60,CMP INTERLAYER DIELECTRIC,CMP DIELECTRIC,CMP VIA FILL,CMP METAL,DENSIFY OXIDE
valid_igbt_seq_0298_80,CURE PASSIVATION,ANNEAL DIELECTRIC,BACKSIDE ANNEAL,FINAL CLEAN,CLEAN PAD OPENING
valid_igbt_seq_0299_60,SPIN COAT PHOTORESIST,MEASURE POLY THICKNESS,MEASURE METAL THICKNESS,MEASURE FILM THICKNESS,CMP DIELECTRIC
valid_igbt_seq_0299_80,CURE PASSIVATION,ANNEAL DIELECTRIC,BACKSIDE ANNEAL,CLEAN PAD OPENING,PASSIVATION ETCH PAD OPENING
valid_igbt_seq_0300_60,SOFT BAKE,ALIGN MASK LEVEL 5,BACKSIDE RINSE,DEPOSIT METAL SEED,BREAKDOWN VOLTAGE TEST
valid_igbt_seq_0300_80,MEASURE PASSIVATION THICKNESS,MEASURE PASSIVATION QUALITY,MEASURE FILM THICKNESS,DEPOSIT PASSIVATION LAYER,MEASURE OXIDE THICKNESS
valid_igbt_seq_0301_60,SOFT BAKE,ALIGN MASK LEVEL 5,BACKSIDE RINSE,DEPOSIT METAL SEED,ALIGN MASK LEVEL 4
valid_igbt_seq_0301_80,MEASURE PASSIVATION THICKNESS,MEASURE PASSIVATION QUALITY,DEPOSIT PASSIVATION LAYER,MEASURE FILM THICKNESS,DEPOSIT PASSIVATION
valid_igbt_seq_0302_60,MEASURE PLANARITY,MEASURE SURFACE PLANARITY,MEASURE POLY THICKNESS,SPIN COAT PHOTORESIST,MEASURE FILM THICKNESS
valid_igbt_seq_0302_80,MEASURE LINE WIDTH,DEPOSIT PASSIVATION LAYER,DEPOSIT PASSIVATION,PASSIVATION ETCH,PASSIVATION ETCH PAD OPENING
valid_igbt_seq_0303_60,CMP INTERLAYER DIELECTRIC,CMP DIELECTRIC,CMP VIA FILL,CMP METAL,DEPOSIT INTERLEVEL DIELECTRIC
valid_igbt_seq_0303_80,CURE PASSIVATION,ANNEAL DIELECTRIC,BACKSIDE RINSE,CLEAN PAD OPENING,BACKSIDE ANNEAL
valid_igbt_seq_0304_60,SPIN COAT PHOTORESIST,MEASURE POLY THICKNESS,MEASURE METAL THICKNESS,MEASURE FILM THICKNESS,CMP DIELECTRIC
valid_igbt_seq_0304_80,CURE PASSIVATION,CLEAN PAD OPENING,BACKSIDE RINSE,BACKSIDE ANNEAL,PASSIVATION ETCH PAD OPENING
valid_igbt_seq_0305_60,SPIN COAT PHOTORESIST,MEASURE METAL THICKNESS,MEASURE POLY THICKNESS,MEASURE FILM THICKNESS,MEASURE SURFACE PARTICLES
valid_igbt_seq_0305_80,CURE PASSIVATION,ANNEAL DIELECTRIC,PASSIVATION ETCH PAD OPENING,BACKSIDE ANNEAL,PASSIVATION ETCH
valid_igbt_seq_0306_60,SPIN COAT PHOTORESIST,MEASURE METAL THICKNESS,MEASURE POLY THICKNESS,MEASURE FILM THICKNESS,MEASURE SURFACE PARTICLES
valid_igbt_seq_0306_80,CURE PASSIVATION,BACKSIDE ANNEAL,BACKSIDE RINSE,ANNEAL DIELECTRIC,CLEAN PAD OPENING
valid_igbt_seq_0307_60,MEASURE SURFACE PLANARITY,MEASURE PLANARITY,CMP DIELECTRIC,CMP INTERLAYER DIELECTRIC,MEASURE FILM THICKNESS
valid_igbt_seq_0307_80,MEASURE PASSIVATION THICKNESS,MEASURE PASSIVATION QUALITY,MEASURE FILM THICKNESS,DEPOSIT PASSIVATION LAYER,DEPOSIT PASSIVATION
valid_igbt_seq_0308_60,CMP INTERLAYER DIELECTRIC,CMP DIELECTRIC,DENSIFY OXIDE,DENSIFY DIELECTRIC,CMP VIA FILL
valid_igbt_seq_0308_80,CURE PASSIVATION,ANNEAL DIELECTRIC,CLEAN PAD OPENING,MEASURE PAD OPENING,POLYSILICON ANNEAL
valid_igbt_seq_0309_60,CMP INTERLAYER DIELECTRIC,CMP DIELECTRIC,CMP VIA FILL,CMP METAL,DEPOSIT INTERLEVEL DIELECTRIC
valid_igbt_seq_0309_80,CURE PASSIVATION,BACKSIDE ANNEAL,BACKSIDE RINSE,POLYSILICON ANNEAL,ANNEAL METAL 1
valid_igbt_seq_0310_60,ALIGN MASK LEVEL 5,ALIGN MASK LEVEL 6,ALIGN MASK LEVEL 1,ALIGN MASK LEVEL 3,LEAKAGE TEST
valid_igbt_seq_0310_80,OPEN PAD WINDOW,OPEN BOND PAD WINDOW,PAD WINDOW LITHO,OPEN PAD WINDOW LITHO,DEVELOP PAD WINDOW
valid_igbt_seq_0311_60,MEASURE DIELECTRIC THICKNESS,MEASURE FILM THICKNESS,SPIN COAT PHOTORESIST,MEASURE OXIDE THICKNESS,PARAMETRIC TEST
valid_igbt_seq_0311_80,DEPOSIT PASSIVATION LAYER,DEPOSIT PASSIVATION,MEASURE LINE WIDTH,DEPOSIT POLYSILICON,DEPOSIT INTERLAYER DIELECTRIC
valid_igbt_seq_0312_60,MEASURE FILM THICKNESS,MEASURE DIELECTRIC THICKNESS,MEASURE OXIDE THICKNESS,SPIN COAT PHOTORESIST,PARAMETRIC TEST
valid_igbt_seq_0312_80,CURE PASSIVATION,CLEAN PAD OPENING,BACKSIDE RINSE,ANNEAL DIELECTRIC,PASSIVATION ETCH PAD OPENING
valid_igbt_seq_0313_60,MEASURE PLANARITY,MEASURE SURFACE PLANARITY,SPIN COAT PHOTORESIST,CMP DIELECTRIC,CMP INTERLAYER DIELECTRIC
valid_igbt_seq_0313_80,MEASURE PASSIVATION QUALITY,MEASURE PASSIVATION THICKNESS,MEASURE FILM THICKNESS,MEASURE OXIDE THICKNESS,DEPOSIT PASSIVATION LAYER
valid_igbt_seq_0314_60,MEASURE FILM THICKNESS,MEASURE DIELECTRIC THICKNESS,MEASURE OXIDE THICKNESS,SPIN COAT PHOTORESIST,PARAMETRIC TEST
valid_igbt_seq_0314_80,MEASURE LINE WIDTH,DEPOSIT PASSIVATION LAYER,DEPOSIT PASSIVATION,PASSIVATION ETCH,PARAMETRIC TEST
valid_igbt_seq_0315_60,SOFT BAKE,DEPOSIT METAL SEED,BACKSIDE RINSE,ALIGN MASK LEVEL 5,BREAKDOWN VOLTAGE TEST
valid_igbt_seq_0315_80,DEPOSIT PASSIVATION,DEPOSIT PASSIVATION LAYER,MEASURE LINE WIDTH,DEPOSIT BARRIER METAL,DEPOSIT INTERLAYER DIELECTRIC
valid_igbt_seq_0316_60,CMP INTERLAYER DIELECTRIC,CMP DIELECTRIC,DENSIFY OXIDE,DENSIFY DIELECTRIC,CMP VIA FILL
valid_igbt_seq_0316_80,CURE PASSIVATION,BACKSIDE ANNEAL,POLYSILICON ANNEAL,ANNEAL DIELECTRIC,SHIP LOT
valid_igbt_seq_0317_60,SOFT BAKE,BACKSIDE RINSE,ALIGN MASK LEVEL 5,DEPOSIT METAL SEED,ALIGN MASK LEVEL 4
valid_igbt_seq_0317_80,DEPOSIT PASSIVATION LAYER,DEPOSIT PASSIVATION,MEASURE LINE WIDTH,DEPOSIT POLYSILICON,DEPOSIT BARRIER METAL
valid_igbt_seq_0318_60,SOFT BAKE,ALIGN MASK LEVEL 5,DEPOSIT METAL SEED,BACKSIDE RINSE,ALIGN MASK LEVEL 4
valid_igbt_seq_0318_80,CURE PASSIVATION,BACKSIDE RINSE,BACKSIDE ANNEAL,CLEAN PAD OPENING,MEASURE BACKSIDE CONTACT
valid_igbt_seq_0319_60,MEASURE FILM THICKNESS,MEASURE DIELECTRIC THICKNESS,MEASURE OXIDE THICKNESS,SPIN COAT PHOTORESIST,PARAMETRIC TEST
valid_igbt_seq_0319_80,DEPOSIT PASSIVATION LAYER,DEPOSIT PASSIVATION,MEASURE LINE WIDTH,DEPOSIT POLYSILICON,DEPOSIT INTERLAYER DIELECTRIC
valid_igbt_seq_0320_60,MEASURE FILM THICKNESS,MEASURE DIELECTRIC THICKNESS,MEASURE OXIDE THICKNESS,SPIN COAT PHOTORESIST,PARAMETRIC TEST
valid_igbt_seq_0320_80,MEASURE LINE WIDTH,DEPOSIT PASSIVATION LAYER,DEPOSIT PASSIVATION,PARAMETRIC TEST,PASSIVATION ETCH
valid_igbt_seq_0321_60,MEASURE SURFACE PLANARITY,MEASURE PLANARITY,CMP DIELECTRIC,CMP INTERLAYER DIELECTRIC,SPIN COAT PHOTORESIST
valid_igbt_seq_0321_80,MEASURE LINE WIDTH,DEPOSIT PASSIVATION,DEPOSIT PASSIVATION LAYER,PARAMETRIC TEST,PASSIVATION ETCH
valid_igbt_seq_0322_60,SOFT BAKE,ALIGN MASK LEVEL 5,BACKSIDE RINSE,BREAKDOWN VOLTAGE TEST,DEPOSIT METAL SEED
valid_igbt_seq_0322_80,MEASURE PASSIVATION QUALITY,MEASURE PASSIVATION THICKNESS,DEPOSIT PASSIVATION LAYER,MEASURE FILM THICKNESS,DEPOSIT PASSIVATION
valid_igbt_seq_0323_60,MEASURE PLANARITY,MEASURE SURFACE PLANARITY,CMP DIELECTRIC,CMP INTERLAYER DIELECTRIC,MEASURE SURFACE PARTICLES
valid_igbt_seq_0323_80,DEPOSIT PASSIVATION,DEPOSIT PASSIVATION LAYER,MEASURE LINE WIDTH,DEPOSIT POLYSILICON,DEPOSIT BARRIER METAL
valid_igbt_seq_0324_60,CMP INTERLAYER DIELECTRIC,CMP DIELECTRIC,MEASURE SURFACE PLANARITY,CMP VIA FILL,DEPOSIT INTERLEVEL DIELECTRIC
valid_igbt_seq_0324_80,CURE PASSIVATION,BACKSIDE RINSE,CLEAN PAD OPENING,POLYSILICON ANNEAL,BACKSIDE ANNEAL
valid_igbt_seq_0325_60,SPIN COAT PHOTORESIST,MEASURE POLY THICKNESS,MEASURE METAL THICKNESS,MEASURE FILM THICKNESS,CMP DIELECTRIC
valid_igbt_seq_0325_80,CURE PASSIVATION,POLYSILICON ANNEAL,BACKSIDE ANNEAL,CLEAN PAD OPENING,ANNEAL DIELECTRIC
valid_igbt_seq_0326_60,MEASURE PLANARITY,MEASURE SURFACE PLANARITY,MEASURE SURFACE PARTICLES,SPIN COAT PHOTORESIST,CMP DIELECTRIC
valid_igbt_seq_0326_80,CURE PASSIVATION,ANNEAL DIELECTRIC,BACKSIDE ANNEAL,PASSIVATION ETCH PAD OPENING,MEASURE PAD OPENING
valid_igbt_seq_0327_60,MEASURE FILM THICKNESS,MEASURE DIELECTRIC THICKNESS,MEASURE OXIDE THICKNESS,SPIN COAT PHOTORESIST,PARAMETRIC TEST
valid_igbt_seq_0327_80,MEASURE LINE WIDTH,DEPOSIT PASSIVATION LAYER,DEPOSIT PASSIVATION,PASSIVATION ETCH,DEPOSIT INTERLAYER DIELECTRIC
valid_igbt_seq_0328_60,SOFT BAKE,BACKSIDE RINSE,DEPOSIT METAL SEED,ALIGN MASK LEVEL 5,ALIGN MASK LEVEL 4
valid_igbt_seq_0328_80,MEASURE PASSIVATION QUALITY,MEASURE PASSIVATION THICKNESS,MEASURE FILM THICKNESS,MEASURE OXIDE THICKNESS,DEPOSIT PASSIVATION LAYER
valid_igbt_seq_0329_60,MEASURE PLANARITY,MEASURE SURFACE PLANARITY,MEASURE SURFACE PARTICLES,SPIN COAT PHOTORESIST,CMP DIELECTRIC
valid_igbt_seq_0329_80,MEASURE PASSIVATION QUALITY,MEASURE PASSIVATION THICKNESS,MEASURE FILM THICKNESS,DEPOSIT PASSIVATION LAYER,MEASURE OXIDE THICKNESS
valid_igbt_seq_0330_60,SOFT BAKE,BACKSIDE RINSE,ALIGN MASK LEVEL 5,DEPOSIT METAL SEED,BREAKDOWN VOLTAGE TEST
valid_igbt_seq_0330_80,CURE PASSIVATION,ANNEAL DIELECTRIC,BACKSIDE ANNEAL,CLEAN PAD OPENING,BACKSIDE RINSE
valid_igbt_seq_0331_60,ALIGN MASK LEVEL 5,ALIGN MASK LEVEL 6,ALIGN MASK LEVEL 1,BREAKDOWN VOLTAGE TEST,ALIGN MASK LEVEL 3
valid_igbt_seq_0331_80,CURE PASSIVATION,CLEAN PAD OPENING,BACKSIDE ANNEAL,BACKSIDE RINSE,POLYSILICON ANNEAL
valid_igbt_seq_0332_60,MEASURE FILM THICKNESS,MEASURE DIELECTRIC THICKNESS,MEASURE OXIDE THICKNESS,SPIN COAT PHOTORESIST,PARAMETRIC TEST
valid_igbt_seq_0332_80,CURE PASSIVATION,ANNEAL METAL 1,POLYSILICON ANNEAL,ANNEAL METAL,DENSIFY OXIDE
valid_igbt_seq_0333_60,MEASURE PLANARITY,MEASURE SURFACE PLANARITY,CMP DIELECTRIC,CMP INTERLAYER DIELECTRIC,SPIN COAT PHOTORESIST
valid_igbt_seq_0333_80,CURE PASSIVATION,BACKSIDE RINSE,POLYSILICON ANNEAL,BACKSIDE ANNEAL,CLEAN PAD OPENING
valid_igbt_seq_0334_60,MEASURE FILM THICKNESS,MEASURE DIELECTRIC THICKNESS,MEASURE OXIDE THICKNESS,SPIN COAT PHOTORESIST,PARAMETRIC TEST
valid_igbt_seq_0334_80,CURE PASSIVATION,CLEAN PAD OPENING,ANNEAL DIELECTRIC,BACKSIDE RINSE,PASSIVATION ETCH PAD OPENING
valid_igbt_seq_0335_60,SPIN COAT PHOTORESIST,MEASURE POLY THICKNESS,MEASURE METAL THICKNESS,MEASURE FILM THICKNESS,CMP DIELECTRIC
valid_igbt_seq_0335_80,CURE PASSIVATION,ANNEAL DIELECTRIC,CLEAN PAD OPENING,PASSIVATION ETCH PAD OPENING,POLYSILICON ANNEAL
valid_igbt_seq_0336_60,SPIN COAT PHOTORESIST,MEASURE POLY THICKNESS,MEASURE METAL THICKNESS,MEASURE FILM THICKNESS,CMP DIELECTRIC
valid_igbt_seq_0336_80,CURE PASSIVATION,BACKSIDE RINSE,BACKSIDE ANNEAL,CLEAN PAD OPENING,POLYSILICON ANNEAL
valid_igbt_seq_0337_60,CMP INTERLAYER DIELECTRIC,CMP DIELECTRIC,CMP VIA FILL,CMP METAL,DEPOSIT INTERLEVEL DIELECTRIC
valid_igbt_seq_0337_80,MEASURE LINE WIDTH,DEPOSIT PASSIVATION LAYER,DEPOSIT PASSIVATION,PASSIVATION ETCH,PASSIVATION ETCH PAD OPENING
valid_igbt_seq_0338_60,CMP INTERLAYER DIELECTRIC,CMP DIELECTRIC,CMP VIA FILL,DENSIFY OXIDE,DENSIFY DIELECTRIC
valid_igbt_seq_0338_80,CURE PASSIVATION,ANNEAL DIELECTRIC,BACKSIDE RINSE,BACKSIDE ANNEAL,CLEAN PAD OPENING
valid_igbt_seq_0339_60,DEPOSIT INTERLAYER DIELECTRIC,DEPOSIT INTERLEVEL DIELECTRIC,MEASURE DEVICE PARAMETER,MEASURE SHEET RESISTANCE,VIA ETCH
valid_igbt_seq_0339_80,MEASURE LINE WIDTH,DEPOSIT PASSIVATION LAYER,DEPOSIT PASSIVATION,PASSIVATION ETCH,PASSIVATION ETCH PAD OPENING
valid_igbt_seq_0340_60,SPIN COAT PHOTORESIST,MEASURE METAL THICKNESS,MEASURE POLY THICKNESS,MEASURE FILM THICKNESS,MEASURE SURFACE PARTICLES
valid_igbt_seq_0340_80,MEASURE PASSIVATION QUALITY,MEASURE PASSIVATION THICKNESS,MEASURE FILM THICKNESS,MEASURE OXIDE THICKNESS,DEPOSIT PASSIVATION LAYER
valid_igbt_seq_0341_60,SPIN COAT PHOTORESIST,MEASURE METAL THICKNESS,MEASURE POLY THICKNESS,MEASURE FILM THICKNESS,MEASURE SURFACE PARTICLES
valid_igbt_seq_0341_80,CURE PASSIVATION,BACKSIDE RINSE,CLEAN PAD OPENING,BACKSIDE ANNEAL,PASSIVATION ETCH PAD OPENING
valid_igbt_seq_0342_60,SOFT BAKE,DEPOSIT METAL SEED,BACKSIDE RINSE,ALIGN MASK LEVEL 5,ALIGN MASK LEVEL 4
valid_igbt_seq_0342_80,MEASURE PASSIVATION QUALITY,MEASURE PASSIVATION THICKNESS,MEASURE FILM THICKNESS,MEASURE OXIDE THICKNESS,DEPOSIT PASSIVATION LAYER
valid_igbt_seq_0343_60,ALIGN MASK LEVEL 5,ALIGN MASK LEVEL 6,ALIGN MASK LEVEL 3,ALIGN MASK LEVEL 1,LEAKAGE TEST
valid_igbt_seq_0343_80,OPEN PAD WINDOW,OPEN BOND PAD WINDOW,PAD WINDOW LITHO,OPEN PAD WINDOW LITHO,DEVELOP PAD WINDOW
valid_igbt_seq_0344_60,SPIN COAT PHOTORESIST,MEASURE POLY THICKNESS,MEASURE METAL THICKNESS,MEASURE FILM THICKNESS,MEASURE SURFACE PARTICLES
valid_igbt_seq_0344_80,CURE PASSIVATION,CLEAN PAD OPENING,ANNEAL DIELECTRIC,PASSIVATION ETCH PAD OPENING,PASSIVATION ETCH
valid_igbt_seq_0345_60,SPIN COAT PHOTORESIST,MEASURE METAL THICKNESS,MEASURE POLY THICKNESS,MEASURE FILM THICKNESS,MEASURE SURFACE PARTICLES
valid_igbt_seq_0345_80,CURE PASSIVATION,BACKSIDE ANNEAL,PASSIVATION ETCH PAD OPENING,ANNEAL DIELECTRIC,PASSIVATION ETCH
valid_igbt_seq_0346_60,MEASURE PLANARITY,MEASURE SURFACE PLANARITY,SPIN COAT PHOTORESIST,CMP DIELECTRIC,CMP INTERLAYER DIELECTRIC
valid_igbt_seq_0346_80,MEASURE PASSIVATION THICKNESS,MEASURE PASSIVATION QUALITY,MEASURE FILM THICKNESS,MEASURE OXIDE THICKNESS,DEPOSIT PASSIVATION LAYER
valid_igbt_seq_0347_60,CMP INTERLAYER DIELECTRIC,CMP DIELECTRIC,DENSIFY OXIDE,DENSIFY DIELECTRIC,MEASURE DIELECTRIC THICKNESS
valid_igbt_seq_0347_80,CURE PASSIVATION,BACKSIDE RINSE,POLYSILICON ANNEAL,BACKSIDE ANNEAL,CLEAN PAD OPENING
valid_igbt_seq_0348_60,MEASURE SURFACE PLANARITY,MEASURE PLANARITY,CMP DIELECTRIC,CMP INTERLAYER DIELECTRIC,SPIN COAT PHOTORESIST
valid_igbt_seq_0348_80,CURE PASSIVATION,POLYSILICON ANNEAL,BACKSIDE ANNEAL,CLEAN PAD OPENING,BACKSIDE RINSE
valid_igbt_seq_0349_60,MEASURE DIELECTRIC THICKNESS,MEASURE FILM THICKNESS,SPIN COAT PHOTORESIST,MEASURE OXIDE THICKNESS,MEASURE POLY THICKNESS
valid_igbt_seq_0349_80,CURE PASSIVATION,POLYSILICON ANNEAL,ANNEAL DIELECTRIC,BACKSIDE ANNEAL,BACKSIDE RINSE
valid_igbt_seq_0350_60,MEASURE SURFACE PLANARITY,MEASURE PLANARITY,CMP DIELECTRIC,CMP INTERLAYER DIELECTRIC,SPIN COAT PHOTORESIST
valid_igbt_seq_0350_80,DEPOSIT PASSIVATION LAYER,DEPOSIT PASSIVATION,MEASURE LINE WIDTH,DEPOSIT BARRIER METAL,DEPOSIT POLYSILICON
valid_igbt_seq_0351_60,MEASURE PLANARITY,MEASURE SURFACE PLANARITY,CMP DIELECTRIC,SPIN COAT PHOTORESIST,CMP INTERLAYER DIELECTRIC
valid_igbt_seq_0351_80,CURE PASSIVATION,BACKSIDE ANNEAL,ANNEAL DIELECTRIC,BACKSIDE RINSE,CLEAN PAD OPENING
valid_igbt_seq_0352_60,CMP INTERLAYER DIELECTRIC,CMP DIELECTRIC,CMP VIA FILL,CMP METAL,DENSIFY OXIDE
valid_igbt_seq_0352_80,DEPOSIT PASSIVATION LAYER,DEPOSIT PASSIVATION,MEASURE LINE WIDTH,DEPOSIT BARRIER METAL,DEPOSIT POLYSILICON
valid_igbt_seq_0353_60,CMP DIELECTRIC,CMP INTERLAYER DIELECTRIC,CMP VIA FILL,CMP METAL,DENSIFY OXIDE
valid_igbt_seq_0353_80,CURE PASSIVATION,BACKSIDE ANNEAL,ANNEAL DIELECTRIC,BACKSIDE RINSE,CLEAN PAD OPENING
valid_igbt_seq_0354_60,CMP INTERLAYER DIELECTRIC,CMP DIELECTRIC,CMP VIA FILL,CMP METAL,DEPOSIT INTERLEVEL DIELECTRIC
valid_igbt_seq_0354_80,CURE PASSIVATION,BACKSIDE ANNEAL,BACKSIDE RINSE,POLYSILICON ANNEAL,ANNEAL DIELECTRIC
valid_igbt_seq_0355_60,SPIN COAT PHOTORESIST,MEASURE METAL THICKNESS,MEASURE POLY THICKNESS,MEASURE FILM THICKNESS,MEASURE SURFACE PARTICLES
valid_igbt_seq_0355_80,CURE PASSIVATION,BACKSIDE RINSE,BACKSIDE ANNEAL,CLEAN PAD OPENING,POLYSILICON ANNEAL
valid_igbt_seq_0356_60,SOFT BAKE,DEPOSIT METAL SEED,BACKSIDE RINSE,ALIGN MASK LEVEL 5,ALIGN MASK LEVEL 4
valid_igbt_seq_0356_80,CURE PASSIVATION,BACKSIDE ANNEAL,ANNEAL DIELECTRIC,BACKSIDE RINSE,PASSIVATION ETCH PAD OPENING
valid_igbt_seq_0357_60,MEASURE PLANARITY,MEASURE SURFACE PLANARITY,CMP DIELECTRIC,CMP INTERLAYER DIELECTRIC,SPIN COAT PHOTORESIST
valid_igbt_seq_0357_80,CURE PASSIVATION,BACKSIDE ANNEAL,BACKSIDE RINSE,CLEAN PAD OPENING,ANNEAL DIELECTRIC
valid_igbt_seq_0358_60,MEASURE PLANARITY,MEASURE SURFACE PLANARITY,SPIN COAT PHOTORESIST,CMP DIELECTRIC,MEASURE FILM THICKNESS
valid_igbt_seq_0358_80,CURE PASSIVATION,BACKSIDE RINSE,BACKSIDE ANNEAL,POLYSILICON ANNEAL,ANNEAL DIELECTRIC
valid_igbt_seq_0359_60,MEASURE PLANARITY,MEASURE SURFACE PLANARITY,CMP DIELECTRIC,SPIN COAT PHOTORESIST,CMP INTERLAYER DIELECTRIC
valid_igbt_seq_0359_80,MEASURE PASSIVATION QUALITY,MEASURE PASSIVATION THICKNESS,MEASURE FILM THICKNESS,MEASURE OXIDE THICKNESS,DEPOSIT PASSIVATION LAYER
valid_igbt_seq_0360_60,SOFT BAKE,DEPOSIT METAL SEED,BACKSIDE RINSE,ALIGN MASK LEVEL 5,ALIGN MASK LEVEL 4
valid_igbt_seq_0360_80,MEASURE PASSIVATION QUALITY,MEASURE PASSIVATION THICKNESS,MEASURE FILM THICKNESS,MEASURE OXIDE THICKNESS,DEPOSIT PASSIVATION LAYER
valid_igbt_seq_0361_60,DENSIFY OXIDE,DENSIFY DIELECTRIC,THERMAL OXIDATION,ANNEAL METAL 1,ANNEAL METAL
valid_igbt_seq_0361_80,CURE PASSIVATION,ANNEAL DIELECTRIC,BACKSIDE ANNEAL,POLYSILICON ANNEAL,PASSIVATION ETCH PAD OPENING
valid_igbt_seq_0362_60,CMP INTERLAYER DIELECTRIC,CMP DIELECTRIC,DENSIFY DIELECTRIC,DENSIFY OXIDE,CMP VIA FILL
valid_igbt_seq_0362_80,MEASURE LINE WIDTH,DEPOSIT PASSIVATION LAYER,DEPOSIT PASSIVATION,PASSIVATION ETCH,MEASURE VIA CD
valid_igbt_seq_0363_60,SPIN COAT PHOTORESIST,MEASURE METAL THICKNESS,MEASURE POLY THICKNESS,MEASURE FILM THICKNESS,MEASURE SURFACE PARTICLES
valid_igbt_seq_0363_80,MEASURE PASSIVATION QUALITY,MEASURE PASSIVATION THICKNESS,MEASURE FILM THICKNESS,MEASURE OXIDE THICKNESS,DEPOSIT PASSIVATION LAYER
valid_igbt_seq_0364_60,CMP INTERLAYER DIELECTRIC,CMP DIELECTRIC,CMP VIA FILL,CMP METAL,DEPOSIT INTERLEVEL DIELECTRIC
valid_igbt_seq_0364_80,DEPOSIT PASSIVATION,DEPOSIT PASSIVATION LAYER,MEASURE LINE WIDTH,DEPOSIT BARRIER METAL,DEPOSIT POLYSILICON
valid_igbt_seq_0365_60,MEASURE PLANARITY,MEASURE SURFACE PLANARITY,CMP DIELECTRIC,CMP INTERLAYER DIELECTRIC,SPIN COAT PHOTORESIST
valid_igbt_seq_0365_80,DEPOSIT PASSIVATION LAYER,DEPOSIT PASSIVATION,MEASURE LINE WIDTH,DEPOSIT POLYSILICON,DEPOSIT BARRIER METAL
valid_igbt_seq_0366_60,SOFT BAKE,BACKSIDE RINSE,DEPOSIT METAL SEED,ALIGN MASK LEVEL 5,ALIGN MASK LEVEL 4
valid_igbt_seq_0366_80,MEASURE PASSIVATION QUALITY,MEASURE PASSIVATION THICKNESS,MEASURE OXIDE QUALITY,DEPOSIT PASSIVATION LAYER,MEASURE FILM THICKNESS
valid_igbt_seq_0367_60,MEASURE FILM THICKNESS,MEASURE DIELECTRIC THICKNESS,SPIN COAT PHOTORESIST,MEASURE OXIDE THICKNESS,PARAMETRIC TEST
valid_igbt_seq_0367_80,DEPOSIT PASSIVATION LAYER,DEPOSIT PASSIVATION,MEASURE LINE WIDTH,DEPOSIT POLYSILICON,DEPOSIT BARRIER METAL
valid_igbt_seq_0368_60,SPIN COAT PHOTORESIST,MEASURE METAL THICKNESS,MEASURE POLY THICKNESS,MEASURE FILM THICKNESS,MEASURE SURFACE PARTICLES
valid_igbt_seq_0368_80,MEASURE PASSIVATION QUALITY,MEASURE PASSIVATION THICKNESS,MEASURE FILM THICKNESS,MEASURE OXIDE THICKNESS,DEPOSIT PASSIVATION LAYER
valid_igbt_seq_0369_60,MEASURE PLANARITY,MEASURE SURFACE PLANARITY,CMP DIELECTRIC,CMP INTERLAYER DIELECTRIC,SPIN COAT PHOTORESIST
valid_igbt_seq_0369_80,DEPOSIT PASSIVATION,DEPOSIT PASSIVATION LAYER,MEASURE LINE WIDTH,DEPOSIT BARRIER METAL,DEPOSIT POLYSILICON
valid_igbt_seq_0370_60,MEASURE PLANARITY,MEASURE SURFACE PLANARITY,CMP DIELECTRIC,CMP INTERLAYER DIELECTRIC,MEASURE SURFACE PARTICLES
valid_igbt_seq_0370_80,CURE PASSIVATION,BACKSIDE ANNEAL,MEASURE BACKSIDE CONTACT,BACKSIDE RINSE,ANNEAL DIELECTRIC
valid_igbt_seq_0371_60,CMP DIELECTRIC,CMP INTERLAYER DIELECTRIC,MEASURE DIELECTRIC THICKNESS,MEASURE FILM THICKNESS,DENSIFY OXIDE
valid_igbt_seq_0371_80,MEASURE LINE WIDTH,DEPOSIT PASSIVATION LAYER,DEPOSIT PASSIVATION,PARAMETRIC TEST,PASSIVATION ETCH
valid_igbt_seq_0372_60,MEASURE FILM THICKNESS,MEASURE DIELECTRIC THICKNESS,SPIN COAT PHOTORESIST,MEASURE OXIDE THICKNESS,PARAMETRIC TEST
valid_igbt_seq_0372_80,CLEAN AFTER METAL ETCH,CLEAN PAD OPENING,CLEAN AFTER OXIDE ETCH,CLEAN AFTER FIELD ETCH,CLEAN AFTER WINDOW ETCH
valid_igbt_seq_0373_60,MEASURE PLANARITY,MEASURE SURFACE PLANARITY,CMP DIELECTRIC,CMP INTERLAYER DIELECTRIC,SPIN COAT PHOTORESIST
valid_igbt_seq_0373_80,CURE PASSIVATION,BACKSIDE ANNEAL,ANNEAL METAL 1,POLYSILICON ANNEAL,ANNEAL METAL
valid_igbt_seq_0374_60,SPIN COAT PHOTORESIST,MEASURE METAL THICKNESS,MEASURE POLY THICKNESS,MEASURE FILM THICKNESS,MEASURE SURFACE PARTICLES
valid_igbt_seq_0374_80,MEASURE PASSIVATION QUALITY,MEASURE PASSIVATION THICKNESS,MEASURE FILM THICKNESS,MEASURE OXIDE THICKNESS,DEPOSIT PASSIVATION LAYER
valid_igbt_seq_0375_60,SPIN COAT PHOTORESIST,MEASURE METAL THICKNESS,MEASURE POLY THICKNESS,MEASURE FILM THICKNESS,MEASURE SURFACE PARTICLES
valid_igbt_seq_0375_80,CURE PASSIVATION,BACKSIDE ANNEAL,BACKSIDE RINSE,ANNEAL DIELECTRIC,POLYSILICON ANNEAL
valid_igbt_seq_0376_60,SPIN COAT PHOTORESIST,MEASURE METAL THICKNESS,MEASURE POLY THICKNESS,MEASURE FILM THICKNESS,MEASURE SURFACE PARTICLES
valid_igbt_seq_0376_80,MEASURE PASSIVATION QUALITY,MEASURE PASSIVATION THICKNESS,MEASURE FILM THICKNESS,MEASURE OXIDE THICKNESS,DEPOSIT PASSIVATION LAYER
valid_igbt_seq_0377_60,CMP DIELECTRIC,CMP INTERLAYER DIELECTRIC,CMP VIA FILL,DENSIFY OXIDE,CMP METAL
valid_igbt_seq_0377_80,CURE PASSIVATION,POLYSILICON ANNEAL,DENSIFY OXIDE,BACKSIDE ANNEAL,ANNEAL METAL 1
valid_igbt_seq_0378_60,MEASURE DIELECTRIC THICKNESS,MEASURE FILM THICKNESS,MEASURE OXIDE THICKNESS,SPIN COAT PHOTORESIST,PARAMETRIC TEST
valid_igbt_seq_0378_80,CURE PASSIVATION,BACKSIDE RINSE,BACKSIDE ANNEAL,POLYSILICON ANNEAL,ANNEAL DIELECTRIC
valid_igbt_seq_0379_60,MEASURE FILM THICKNESS,MEASURE DIELECTRIC THICKNESS,MEASURE OXIDE THICKNESS,SPIN COAT PHOTORESIST,PARAMETRIC TEST
valid_igbt_seq_0379_80,CURE PASSIVATION,BACKSIDE ANNEAL,BACKSIDE RINSE,POLYSILICON ANNEAL,ANNEAL DIELECTRIC
valid_igbt_seq_0380_60,CMP INTERLAYER DIELECTRIC,CMP DIELECTRIC,DEPOSIT INTERLEVEL DIELECTRIC,DEPOSIT INTERLAYER DIELECTRIC,CMP VIA FILL
valid_igbt_seq_0380_80,OPEN BOND PAD WINDOW,OPEN PAD WINDOW,PAD WINDOW LITHO,OPEN PAD WINDOW LITHO,MEASURE WINDOW CD
valid_igbt_seq_0381_60,MEASURE PLANARITY,MEASURE SURFACE PLANARITY,CMP DIELECTRIC,CMP INTERLAYER DIELECTRIC,SPIN COAT PHOTORESIST
valid_igbt_seq_0381_80,DEPOSIT PASSIVATION LAYER,DEPOSIT PASSIVATION,MEASURE LINE WIDTH,DEPOSIT POLYSILICON,DEPOSIT BARRIER METAL
valid_igbt_seq_0382_60,SPIN COAT PHOTORESIST,MEASURE POLY THICKNESS,MEASURE METAL THICKNESS,MEASURE FILM THICKNESS,MEASURE SURFACE PARTICLES
valid_igbt_seq_0382_80,CURE PASSIVATION,BACKSIDE RINSE,BACKSIDE ANNEAL,ANNEAL DIELECTRIC,CLEAN PAD OPENING
valid_igbt_seq_0383_60,SPIN COAT PHOTORESIST,MEASURE METAL THICKNESS,MEASURE POLY THICKNESS,MEASURE FILM THICKNESS,MEASURE SURFACE PARTICLES
valid_igbt_seq_0383_80,MEASURE PASSIVATION QUALITY,MEASURE PASSIVATION THICKNESS,MEASURE FILM THICKNESS,DEPOSIT PASSIVATION LAYER,MEASURE OXIDE THICKNESS
valid_igbt_seq_0384_60,MEASURE PLANARITY,MEASURE SURFACE PLANARITY,CMP DIELECTRIC,CMP INTERLAYER DIELECTRIC,MEASURE SURFACE PARTICLES
valid_igbt_seq_0384_80,DEPOSIT PASSIVATION LAYER,DEPOSIT PASSIVATION,MEASURE LINE WIDTH,DEPOSIT POLYSILICON,DEPOSIT BARRIER METAL
valid_igbt_seq_0385_60,SPIN COAT PHOTORESIST,MEASURE METAL THICKNESS,MEASURE POLY THICKNESS,MEASURE FILM THICKNESS,MEASURE SURFACE PARTICLES
valid_igbt_seq_0385_80,MEASURE PASSIVATION THICKNESS,MEASURE PASSIVATION QUALITY,MEASURE FILM THICKNESS,MEASURE OXIDE THICKNESS,DEPOSIT PASSIVATION LAYER
valid_igbt_seq_0386_60,SPIN COAT PHOTORESIST,MEASURE POLY THICKNESS,MEASURE METAL THICKNESS,MEASURE FILM THICKNESS,CMP DIELECTRIC
valid_igbt_seq_0386_80,CURE PASSIVATION,BACKSIDE RINSE,CLEAN PAD OPENING,BACKSIDE ANNEAL,POLYSILICON ANNEAL
valid_igbt_seq_0387_60,MEASURE PLANARITY,MEASURE SURFACE PLANARITY,SPIN COAT PHOTORESIST,CMP DIELECTRIC,MEASURE FILM THICKNESS
valid_igbt_seq_0387_80,DEPOSIT PASSIVATION LAYER,DEPOSIT PASSIVATION,MEASURE LINE WIDTH,DEPOSIT POLYSILICON,DEPOSIT BARRIER METAL
valid_igbt_seq_0388_60,CMP INTERLAYER DIELECTRIC,CMP DIELECTRIC,DENSIFY OXIDE,CMP VIA FILL,DENSIFY DIELECTRIC
valid_igbt_seq_0388_80,DEPOSIT PASSIVATION LAYER,DEPOSIT PASSIVATION,MEASURE LINE WIDTH,DEPOSIT POLYSILICON,DEPOSIT BARRIER METAL
valid_igbt_seq_0389_60,MEASURE PLANARITY,MEASURE SURFACE PLANARITY,MEASURE SURFACE PARTICLES,CMP DIELECTRIC,CMP INTERLAYER DIELECTRIC
valid_igbt_seq_0389_80,CURE PASSIVATION,BACKSIDE ANNEAL,BACKSIDE RINSE,ANNEAL DIELECTRIC,PASSIVATION ETCH PAD OPENING
valid_igbt_seq_0390_60,MEASURE PLANARITY,MEASURE SURFACE PLANARITY,CMP DIELECTRIC,CMP INTERLAYER DIELECTRIC,SPIN COAT PHOTORESIST
valid_igbt_seq_0390_80,CURE PASSIVATION,BACKSIDE RINSE,BACKSIDE ANNEAL,CLEAN PAD OPENING,POLYSILICON ANNEAL
valid_igbt_seq_0391_60,MEASURE SURFACE PLANARITY,MEASURE PLANARITY,CMP INTERLAYER DIELECTRIC,CMP DIELECTRIC,SPIN COAT PHOTORESIST
valid_igbt_seq_0391_80,MEASURE PASSIVATION THICKNESS,MEASURE PASSIVATION QUALITY,MEASURE FILM THICKNESS,DEPOSIT PASSIVATION LAYER,MEASURE OXIDE THICKNESS
valid_igbt_seq_0392_60,CMP INTERLAYER DIELECTRIC,CMP DIELECTRIC,CMP VIA FILL,CMP METAL,DENSIFY OXIDE
valid_igbt_seq_0392_80,CURE PASSIVATION,ANNEAL DIELECTRIC,BACKSIDE RINSE,CLEAN PAD OPENING,BACKSIDE ANNEAL
valid_igbt_seq_0393_60,MEASURE PLANARITY,MEASURE SURFACE PLANARITY,CMP DIELECTRIC,CMP INTERLAYER DIELECTRIC,MEASURE SURFACE PARTICLES
valid_igbt_seq_0393_80,CURE PASSIVATION,BACKSIDE RINSE,BACKSIDE ANNEAL,CLEAN PAD OPENING,ANNEAL DIELECTRIC
valid_igbt_seq_0394_60,SOFT BAKE,DEPOSIT METAL SEED,ALIGN MASK LEVEL 5,BACKSIDE RINSE,ALIGN MASK LEVEL 4
valid_igbt_seq_0394_80,CURE PASSIVATION,BACKSIDE RINSE,BACKSIDE ANNEAL,CLEAN PAD OPENING,ANNEAL DIELECTRIC
valid_igbt_seq_0395_60,SPIN COAT PHOTORESIST,MEASURE METAL THICKNESS,MEASURE POLY THICKNESS,MEASURE FILM THICKNESS,MEASURE SURFACE PARTICLES
valid_igbt_seq_0395_80,DEPOSIT PASSIVATION LAYER,DEPOSIT PASSIVATION,MEASURE LINE WIDTH,DEPOSIT POLYSILICON,DEPOSIT BARRIER METAL
valid_igbt_seq_0396_60,MEASURE PLANARITY,MEASURE SURFACE PLANARITY,CMP INTERLAYER DIELECTRIC,SPIN COAT PHOTORESIST,CMP DIELECTRIC
valid_igbt_seq_0396_80,CURE PASSIVATION,POLYSILICON ANNEAL,BACKSIDE RINSE,BACKSIDE ANNEAL,ANNEAL DIELECTRIC
valid_igbt_seq_0397_60,CMP DIELECTRIC,CMP INTERLAYER DIELECTRIC,DENSIFY OXIDE,CMP VIA FILL,DENSIFY DIELECTRIC
valid_igbt_seq_0397_80,MEASURE PASSIVATION QUALITY,MEASURE PASSIVATION THICKNESS,MEASURE FILM THICKNESS,DEPOSIT PASSIVATION LAYER,MEASURE OXIDE THICKNESS
valid_igbt_seq_0398_60,MEASURE FILM THICKNESS,MEASURE DIELECTRIC THICKNESS,MEASURE OXIDE THICKNESS,SPIN COAT PHOTORESIST,PARAMETRIC TEST
valid_igbt_seq_0398_80,MEASURE LINE WIDTH,DEPOSIT PASSIVATION LAYER,DEPOSIT PASSIVATION,PARAMETRIC TEST,PASSIVATION ETCH
valid_igbt_seq_0399_60,SOFT BAKE,BACKSIDE RINSE,DEPOSIT METAL SEED,ALIGN MASK LEVEL 5,ALIGN MASK LEVEL 4
valid_igbt_seq_0399_80,CURE PASSIVATION,BACKSIDE RINSE,BACKSIDE ANNEAL,CLEAN PAD OPENING,POLYSILICON ANNEAL
valid_igbt_seq_0400_60,MEASURE FILM THICKNESS,MEASURE DIELECTRIC THICKNESS,MEASURE OXIDE THICKNESS,SPIN COAT PHOTORESIST,PARAMETRIC TEST
valid_igbt_seq_0400_80,DEPOSIT PASSIVATION LAYER,DEPOSIT PASSIVATION,MEASURE LINE WIDTH,DEPOSIT POLYSILICON,DEPOSIT BARRIER METAL
valid_igbt_seq_0401_60,SPIN COAT PHOTORESIST,MEASURE METAL THICKNESS,MEASURE POLY THICKNESS,MEASURE FILM THICKNESS,MEASURE SURFACE PARTICLES
valid_igbt_seq_0401_80,CURE PASSIVATION,BACKSIDE RINSE,BACKSIDE ANNEAL,CLEAN PAD OPENING,POLYSILICON ANNEAL
valid_igbt_seq_0402_60,MEASURE PLANARITY,MEASURE SURFACE PLANARITY,SPIN COAT PHOTORESIST,MEASURE SURFACE PARTICLES,CMP DIELECTRIC
valid_igbt_seq_0402_80,CURE PASSIVATION,BACKSIDE ANNEAL,ANNEAL DIELECTRIC,PASSIVATION ETCH PAD OPENING,PASSIVATION ETCH
valid_igbt_seq_0403_60,MEASURE PLANARITY,MEASURE SURFACE PLANARITY,MEASURE SURFACE PARTICLES,SPIN COAT PHOTORESIST,CMP DIELECTRIC
valid_igbt_seq_0403_80,DEPOSIT PASSIVATION LAYER,DEPOSIT PASSIVATION,MEASURE LINE WIDTH,DEPOSIT POLYSILICON,DEPOSIT BARRIER METAL
valid_igbt_seq_0404_60,MEASURE FILM THICKNESS,MEASURE DIELECTRIC THICKNESS,MEASURE OXIDE THICKNESS,SPIN COAT PHOTORESIST,PARAMETRIC TEST
valid_igbt_seq_0404_80,MEASURE LINE WIDTH,DEPOSIT PASSIVATION,DEPOSIT PASSIVATION LAYER,DEPOSIT INTERLAYER DIELECTRIC,PASSIVATION ETCH
valid_igbt_seq_0405_60,ALIGN MASK LEVEL 5,ALIGN MASK LEVEL 6,ALIGN MASK LEVEL 3,ALIGN MASK LEVEL 1,BREAKDOWN VOLTAGE TEST
valid_igbt_seq_0405_80,MEASURE PASSIVATION QUALITY,MEASURE PASSIVATION THICKNESS,MEASURE FILM THICKNESS,MEASURE OXIDE THICKNESS,DEPOSIT PASSIVATION LAYER
valid_igbt_seq_0406_60,SPIN COAT PHOTORESIST,MEASURE METAL THICKNESS,MEASURE POLY THICKNESS,MEASURE FILM THICKNESS,MEASURE SURFACE PARTICLES
valid_igbt_seq_0406_80,MEASURE PASSIVATION QUALITY,MEASURE PASSIVATION THICKNESS,MEASURE FILM THICKNESS,DEPOSIT PASSIVATION LAYER,MEASURE OXIDE THICKNESS
valid_igbt_seq_0407_60,MEASURE PLANARITY,MEASURE SURFACE PLANARITY,MEASURE SURFACE PARTICLES,SPIN COAT PHOTORESIST,CMP DIELECTRIC
valid_igbt_seq_0407_80,CURE PASSIVATION,BACKSIDE ANNEAL,ANNEAL DIELECTRIC,PASSIVATION ETCH PAD OPENING,PASSIVATION ETCH
valid_igbt_seq_0408_60,MEASURE SURFACE PLANARITY,MEASURE PLANARITY,CMP DIELECTRIC,CMP INTERLAYER DIELECTRIC,SPIN COAT PHOTORESIST
valid_igbt_seq_0408_80,MEASURE PASSIVATION THICKNESS,MEASURE PASSIVATION QUALITY,MEASURE FILM THICKNESS,DEPOSIT PASSIVATION LAYER,MEASURE OXIDE THICKNESS
valid_igbt_seq_0409_60,SPIN COAT PHOTORESIST,MEASURE METAL THICKNESS,MEASURE POLY THICKNESS,MEASURE FILM THICKNESS,MEASURE SURFACE PARTICLES
valid_igbt_seq_0409_80,CURE PASSIVATION,ANNEAL DIELECTRIC,BACKSIDE ANNEAL,PASSIVATION ETCH PAD OPENING,PASSIVATION ETCH
valid_igbt_seq_0410_60,SOFT BAKE,BACKSIDE RINSE,DEPOSIT METAL SEED,ALIGN MASK LEVEL 5,ALIGN MASK LEVEL 4
valid_igbt_seq_0410_80,MEASURE PASSIVATION QUALITY,MEASURE PASSIVATION THICKNESS,MEASURE FILM THICKNESS,MEASURE OXIDE THICKNESS,DEPOSIT PASSIVATION LAYER
valid_igbt_seq_0411_60,SPIN COAT PHOTORESIST,MEASURE METAL THICKNESS,MEASURE POLY THICKNESS,MEASURE FILM THICKNESS,MEASURE SURFACE PARTICLES
valid_igbt_seq_0411_80,CURE PASSIVATION,BACKSIDE RINSE,BACKSIDE ANNEAL,CLEAN PAD OPENING,POLYSILICON ANNEAL
valid_igbt_seq_0412_60,CMP INTERLAYER DIELECTRIC,CMP DIELECTRIC,DENSIFY OXIDE,DENSIFY DIELECTRIC,CMP VIA FILL
valid_igbt_seq_0412_80,DEPOSIT PASSIVATION,DEPOSIT PASSIVATION LAYER,MEASURE LINE WIDTH,DEPOSIT POLYSILICON,DEPOSIT BARRIER METAL
valid_igbt_seq_0413_60,SPIN COAT PHOTORESIST,MEASURE METAL THICKNESS,MEASURE POLY THICKNESS,MEASURE FILM THICKNESS,MEASURE SURFACE PARTICLES
valid_igbt_seq_0413_80,MEASURE PASSIVATION QUALITY,MEASURE PASSIVATION THICKNESS,MEASURE FILM THICKNESS,MEASURE OXIDE THICKNESS,DEPOSIT PASSIVATION LAYER
valid_igbt_seq_0414_60,SPIN COAT PHOTORESIST,MEASURE METAL THICKNESS,MEASURE POLY THICKNESS,MEASURE FILM THICKNESS,MEASURE SURFACE PARTICLES
valid_igbt_seq_0414_80,CURE PASSIVATION,BACKSIDE RINSE,CLEAN PAD OPENING,BACKSIDE ANNEAL,PASSIVATION ETCH PAD OPENING
valid_igbt_seq_0415_60,SPIN COAT PHOTORESIST,MEASURE METAL THICKNESS,MEASURE POLY THICKNESS,MEASURE FILM THICKNESS,MEASURE SURFACE PARTICLES
valid_igbt_seq_0415_80,DEPOSIT PASSIVATION LAYER,DEPOSIT PASSIVATION,MEASURE LINE WIDTH,DEPOSIT POLYSILICON,DEPOSIT BARRIER METAL
valid_igbt_seq_0416_60,CMP INTERLAYER DIELECTRIC,CMP DIELECTRIC,CMP VIA FILL,CMP METAL,DENSIFY DIELECTRIC
valid_igbt_seq_0416_80,DEPOSIT PASSIVATION LAYER,DEPOSIT PASSIVATION,MEASURE LINE WIDTH,DEPOSIT POLYSILICON,DEPOSIT INTERLAYER DIELECTRIC
valid_igbt_seq_0417_60,SOFT BAKE,BACKSIDE RINSE,DEPOSIT METAL SEED,ALIGN MASK LEVEL 5,BREAKDOWN VOLTAGE TEST
valid_igbt_seq_0417_80,CURE PASSIVATION,BACKSIDE ANNEAL,PASSIVATION ETCH PAD OPENING,SHIP LOT,ANNEAL DIELECTRIC
valid_igbt_seq_0418_60,MEASURE FILM THICKNESS,MEASURE DIELECTRIC THICKNESS,MEASURE OXIDE THICKNESS,SPIN COAT PHOTORESIST,PARAMETRIC TEST
valid_igbt_seq_0418_80,CURE PASSIVATION,ANNEAL DIELECTRIC,PASSIVATION ETCH PAD OPENING,PASSIVATION ETCH,BACKSIDE RINSE
valid_igbt_seq_0419_60,MEASURE PLANARITY,MEASURE SURFACE PLANARITY,CMP DIELECTRIC,CMP INTERLAYER DIELECTRIC,SPIN COAT PHOTORESIST
valid_igbt_seq_0419_80,DEPOSIT PASSIVATION LAYER,DEPOSIT PASSIVATION,MEASURE LINE WIDTH,DEPOSIT POLYSILICON,DEPOSIT BARRIER METAL
valid_igbt_seq_0420_60,CMP DIELECTRIC,CMP INTERLAYER DIELECTRIC,CMP VIA FILL,CMP METAL,DENSIFY OXIDE
valid_igbt_seq_0420_80,CURE PASSIVATION,BACKSIDE RINSE,BACKSIDE ANNEAL,CLEAN PAD OPENING,POLYSILICON ANNEAL
valid_igbt_seq_0421_60,DENSIFY DIELECTRIC,DENSIFY OXIDE,THERMAL OXIDATION,DRIVE IN DIFFUSION,ANNEAL METAL 1
valid_igbt_seq_0421_80,MEASURE LINE WIDTH,DEPOSIT PASSIVATION LAYER,DEPOSIT PASSIVATION,PASSIVATION ETCH,MEASURE PASSIVATION THICKNESS
valid_igbt_seq_0422_60,MEASURE PLANARITY,MEASURE SURFACE PLANARITY,CMP DIELECTRIC,MEASURE SURFACE PARTICLES,CMP INTERLAYER DIELECTRIC
valid_igbt_seq_0422_80,CURE PASSIVATION,BACKSIDE RINSE,BACKSIDE ANNEAL,CLEAN PAD OPENING,ANNEAL DIELECTRIC
valid_igbt_seq_0423_60,SOFT BAKE,ALIGN MASK LEVEL 5,DEPOSIT METAL SEED,BACKSIDE RINSE,ALIGN MASK LEVEL 4
valid_igbt_seq_0423_80,CURE PASSIVATION,BACKSIDE ANNEAL,BACKSIDE RINSE,POLYSILICON ANNEAL,ANNEAL DIELECTRIC
valid_igbt_seq_0424_60,CMP DIELECTRIC,CMP INTERLAYER DIELECTRIC,DEPOSIT INTERLEVEL DIELECTRIC,DEPOSIT INTERLAYER DIELECTRIC,DENSIFY OXIDE
valid_igbt_seq_0424_80,CURE PASSIVATION,PASSIVATION ETCH PAD OPENING,PASSIVATION ETCH,BACKSIDE ANNEAL,ANNEAL DIELECTRIC
valid_igbt_seq_0425_60,MEASURE SURFACE PLANARITY,MEASURE PLANARITY,CMP DIELECTRIC,CMP INTERLAYER DIELECTRIC,MEASURE SURFACE PARTICLES
valid_igbt_seq_0425_80,DEPOSIT PASSIVATION,DEPOSIT PASSIVATION LAYER,MEASURE LINE WIDTH,DEPOSIT BARRIER METAL,DEPOSIT POLYSILICON
valid_igbt_seq_0426_60,DENSIFY DIELECTRIC,DENSIFY OXIDE,THERMAL OXIDATION,ANNEAL METAL 1,MEASURE JUNCTION DEPTH
valid_igbt_seq_0426_80,MEASURE LINE WIDTH,DEPOSIT PASSIVATION,DEPOSIT PASSIVATION LAYER,DEPOSIT INTERLAYER DIELECTRIC,DEPOSIT INTERLEVEL DIELECTRIC
valid_igbt_seq_0427_60,MEASURE PLANARITY,MEASURE SURFACE PLANARITY,CMP DIELECTRIC,CMP INTERLAYER DIELECTRIC,SPIN COAT PHOTORESIST
valid_igbt_seq_0427_80,MEASURE LINE WIDTH,DEPOSIT PASSIVATION LAYER,DEPOSIT PASSIVATION,MEASURE VIA CD,DEPOSIT BARRIER METAL
valid_igbt_seq_0428_60,MEASURE PLANARITY,MEASURE SURFACE PLANARITY,MEASURE SURFACE PARTICLES,SPIN COAT PHOTORESIST,CMP DIELECTRIC
valid_igbt_seq_0428_80,DEPOSIT PASSIVATION LAYER,DEPOSIT PASSIVATION,MEASURE LINE WIDTH,DEPOSIT POLYSILICON,DEPOSIT BARRIER METAL
valid_igbt_seq_0429_60,MEASURE PLANARITY,MEASURE SURFACE PLANARITY,CMP DIELECTRIC,CMP INTERLAYER DIELECTRIC,SPIN COAT PHOTORESIST
valid_igbt_seq_0429_80,DEPOSIT PASSIVATION LAYER,DEPOSIT PASSIVATION,MEASURE LINE WIDTH,DEPOSIT POLYSILICON,DEPOSIT BARRIER METAL
valid_igbt_seq_0430_60,CMP INTERLAYER DIELECTRIC,CMP DIELECTRIC,DENSIFY OXIDE,DENSIFY DIELECTRIC,CMP VIA FILL
valid_igbt_seq_0430_80,MEASURE LINE WIDTH,DEPOSIT PASSIVATION LAYER,DEPOSIT PASSIVATION,PASSIVATION ETCH,PASSIVATION ETCH PAD OPENING
valid_igbt_seq_0431_60,CMP DIELECTRIC,CMP INTERLAYER DIELECTRIC,CMP VIA FILL,DENSIFY OXIDE,CMP METAL
valid_igbt_seq_0431_80,MEASURE LINE WIDTH,DEPOSIT PASSIVATION LAYER,DEPOSIT PASSIVATION,PASSIVATION ETCH,MEASURE PASSIVATION QUALITY
valid_igbt_seq_0432_60,MEASURE PLANARITY,MEASURE SURFACE PLANARITY,CMP DIELECTRIC,SPIN COAT PHOTORESIST,CMP INTERLAYER DIELECTRIC
valid_igbt_seq_0432_80,CURE PASSIVATION,BACKSIDE RINSE,BACKSIDE ANNEAL,ANNEAL DIELECTRIC,CLEAN PAD OPENING
valid_igbt_seq_0433_60,MEASURE PLANARITY,MEASURE SURFACE PLANARITY,CMP DIELECTRIC,CMP INTERLAYER DIELECTRIC,MEASURE FILM THICKNESS
valid_igbt_seq_0433_80,MEASURE PASSIVATION THICKNESS,MEASURE PASSIVATION QUALITY,MEASURE FILM THICKNESS,DEPOSIT PASSIVATION LAYER,MEASURE OXIDE THICKNESS
valid_igbt_seq_0434_60,CMP INTERLAYER DIELECTRIC,CMP DIELECTRIC,CMP VIA FILL,DENSIFY OXIDE,CMP METAL
valid_igbt_seq_0434_80,CLEAN AFTER METAL ETCH,CLEAN AFTER OXIDE ETCH,CLEAN PAD OPENING,CLEAN AFTER WINDOW ETCH,CLEAN AFTER FIELD ETCH
valid_igbt_seq_0435_60,DEPOSIT INTERLEVEL DIELECTRIC,DEPOSIT INTERLAYER DIELECTRIC,MEASURE DEVICE PARAMETER,MEASURE SHEET RESISTANCE,DEPOSIT FIELD OXIDE
valid_igbt_seq_0435_80,CLEAN AFTER METAL ETCH,CLEAN AFTER OXIDE ETCH,CLEAN PAD OPENING,CLEAN AFTER WINDOW ETCH,CLEAN AFTER FIELD ETCH
valid_igbt_seq_0436_60,MEASURE PLANARITY,MEASURE SURFACE PLANARITY,SPIN COAT PHOTORESIST,MEASURE SURFACE PARTICLES,CMP DIELECTRIC
valid_igbt_seq_0436_80,CURE PASSIVATION,BACKSIDE ANNEAL,ANNEAL METAL 1,CLEAN PAD OPENING,POLYSILICON ANNEAL
valid_igbt_seq_0437_60,SPIN COAT PHOTORESIST,MEASURE METAL THICKNESS,MEASURE POLY THICKNESS,MEASURE FILM THICKNESS,MEASURE SURFACE PARTICLES
valid_igbt_seq_0437_80,DEPOSIT PASSIVATION LAYER,DEPOSIT PASSIVATION,MEASURE LINE WIDTH,DEPOSIT POLYSILICON,DEPOSIT BARRIER METAL
valid_igbt_seq_0438_60,SOFT BAKE,ALIGN MASK LEVEL 5,BACKSIDE RINSE,DEPOSIT METAL SEED,ALIGN MASK LEVEL 4
valid_igbt_seq_0438_80,CURE PASSIVATION,BACKSIDE ANNEAL,ANNEAL DIELECTRIC,POLYSILICON ANNEAL,BACKSIDE RINSE
valid_igbt_seq_0439_60,SPIN COAT PHOTORESIST,MEASURE METAL THICKNESS,MEASURE POLY THICKNESS,MEASURE FILM THICKNESS,MEASURE SURFACE PARTICLES
valid_igbt_seq_0439_80,MEASURE PASSIVATION QUALITY,MEASURE PASSIVATION THICKNESS,MEASURE FILM THICKNESS,DEPOSIT PASSIVATION LAYER,MEASURE OXIDE THICKNESS
valid_igbt_seq_0440_60,MEASURE PLANARITY,MEASURE SURFACE PLANARITY,CMP DIELECTRIC,CMP INTERLAYER DIELECTRIC,MEASURE SURFACE PARTICLES
valid_igbt_seq_0440_80,CURE PASSIVATION,BACKSIDE RINSE,BACKSIDE ANNEAL,CLEAN PAD OPENING,POLYSILICON ANNEAL
valid_igbt_seq_0441_60,MEASURE SURFACE PLANARITY,MEASURE PLANARITY,CMP DIELECTRIC,SPIN COAT PHOTORESIST,CMP INTERLAYER DIELECTRIC
valid_igbt_seq_0441_80,MEASURE LINE WIDTH,DEPOSIT PASSIVATION LAYER,DEPOSIT PASSIVATION,PASSIVATION ETCH,MEASURE PASSIVATION THICKNESS
valid_igbt_seq_0442_60,MEASURE DIELECTRIC THICKNESS,MEASURE FILM THICKNESS,MEASURE OXIDE THICKNESS,SPIN COAT PHOTORESIST,PARAMETRIC TEST
valid_igbt_seq_0442_80,MEASURE LINE WIDTH,DEPOSIT PASSIVATION LAYER,DEPOSIT PASSIVATION,PASSIVATION ETCH,PASSIVATION ETCH PAD OPENING
valid_igbt_seq_0443_60,SOFT BAKE,ALIGN MASK LEVEL 5,BACKSIDE RINSE,DEPOSIT METAL SEED,ALIGN MASK LEVEL 4
valid_igbt_seq_0443_80,MEASURE PASSIVATION QUALITY,MEASURE PASSIVATION THICKNESS,MEASURE FILM THICKNESS,MEASURE OXIDE THICKNESS,DEPOSIT PASSIVATION LAYER
valid_igbt_seq_0444_60,MEASURE PLANARITY,MEASURE SURFACE PLANARITY,MEASURE SURFACE PARTICLES,SPIN COAT PHOTORESIST,CMP DIELECTRIC
valid_igbt_seq_0444_80,CURE PASSIVATION,BACKSIDE ANNEAL,ANNEAL DIELECTRIC,FINAL CLEAN,PASSIVATION ETCH PAD OPENING
valid_igbt_seq_0445_60,MEASURE PLANARITY,MEASURE SURFACE PLANARITY,CMP DIELECTRIC,CMP INTERLAYER DIELECTRIC,SPIN COAT PHOTORESIST
valid_igbt_seq_0445_80,DEPOSIT PASSIVATION LAYER,DEPOSIT PASSIVATION,MEASURE LINE WIDTH,DEPOSIT POLYSILICON,DEPOSIT BARRIER METAL
valid_igbt_seq_0446_60,SPIN COAT PHOTORESIST,MEASURE POLY THICKNESS,MEASURE METAL THICKNESS,MEASURE FILM THICKNESS,MEASURE SURFACE PARTICLES
valid_igbt_seq_0446_80,CURE PASSIVATION,CLEAN PAD OPENING,BACKSIDE RINSE,ANNEAL DIELECTRIC,PASSIVATION ETCH PAD OPENING
valid_igbt_seq_0447_60,MEASURE SURFACE PLANARITY,MEASURE PLANARITY,CMP INTERLAYER DIELECTRIC,CMP DIELECTRIC,MEASURE SURFACE PARTICLES
valid_igbt_seq_0447_80,CURE PASSIVATION,BACKSIDE ANNEAL,BACKSIDE RINSE,CLEAN PAD OPENING,ANNEAL DIELECTRIC
valid_igbt_seq_0448_60,MEASURE PLANARITY,MEASURE SURFACE PLANARITY,SPIN COAT PHOTORESIST,CMP DIELECTRIC,CMP INTERLAYER DIELECTRIC
valid_igbt_seq_0448_80,DEPOSIT PASSIVATION LAYER,DEPOSIT PASSIVATION,MEASURE LINE WIDTH,DEPOSIT BARRIER METAL,DEPOSIT POLYSILICON
valid_igbt_seq_0449_60,SPIN COAT PHOTORESIST,MEASURE POLY THICKNESS,MEASURE METAL THICKNESS,MEASURE FILM THICKNESS,CMP DIELECTRIC
valid_igbt_seq_0449_80,CURE PASSIVATION,POLYSILICON ANNEAL,BACKSIDE ANNEAL,CLEAN PAD OPENING,ANNEAL DIELECTRIC
valid_igbt_seq_0450_60,DENSIFY DIELECTRIC,DENSIFY OXIDE,MEASURE JUNCTION DEPTH,THERMAL OXIDATION,ANNEAL METAL 1
valid_igbt_seq_0450_80,CLEAN AFTER METAL ETCH,CLEAN AFTER OXIDE ETCH,CLEAN PAD OPENING,CLEAN AFTER WINDOW ETCH,CLEAN AFTER FIELD ETCH
valid_igbt_seq_0451_60,MEASURE SURFACE PLANARITY,MEASURE PLANARITY,CMP DIELECTRIC,CMP INTERLAYER DIELECTRIC,SPIN COAT PHOTORESIST
valid_igbt_seq_0451_80,MEASURE PASSIVATION QUALITY,MEASURE PASSIVATION THICKNESS,MEASURE FILM THICKNESS,DEPOSIT PASSIVATION LAYER,MEASURE OXIDE THICKNESS
valid_igbt_seq_0452_60,MEASURE PLANARITY,MEASURE SURFACE PLANARITY,CMP DIELECTRIC,SPIN COAT PHOTORESIST,CMP INTERLAYER DIELECTRIC
valid_igbt_seq_0452_80,CURE PASSIVATION,ANNEAL DIELECTRIC,BACKSIDE ANNEAL,MEASURE PAD OPENING,CLEAN PAD OPENING
valid_igbt_seq_0453_60,CMP INTERLAYER DIELECTRIC,CMP DIELECTRIC,DENSIFY DIELECTRIC,DENSIFY OXIDE,CMP VIA FILL
valid_igbt_seq_0453_80,DEPOSIT PASSIVATION LAYER,DEPOSIT PASSIVATION,MEASURE LINE WIDTH,DEPOSIT POLYSILICON,DEPOSIT BARRIER METAL
valid_igbt_seq_0454_60,SPIN COAT PHOTORESIST,MEASURE POLY THICKNESS,MEASURE METAL THICKNESS,MEASURE FILM THICKNESS,CMP DIELECTRIC
valid_igbt_seq_0454_80,CURE PASSIVATION,ANNEAL DIELECTRIC,BACKSIDE ANNEAL,PASSIVATION ETCH PAD OPENING,MEASURE PAD OPENING
valid_igbt_seq_0455_60,CMP INTERLAYER DIELECTRIC,CMP DIELECTRIC,CMP VIA FILL,CMP METAL,DENSIFY OXIDE
valid_igbt_seq_0455_80,MEASURE LINE WIDTH,DEPOSIT PASSIVATION LAYER,DEPOSIT PASSIVATION,PARAMETRIC TEST,PASSIVATION ETCH
valid_igbt_seq_0456_60,CMP INTERLAYER DIELECTRIC,CMP DIELECTRIC,CMP VIA FILL,CMP METAL,DENSIFY OXIDE
valid_igbt_seq_0456_80,CURE PASSIVATION,BACKSIDE RINSE,ANNEAL DIELECTRIC,BACKSIDE ANNEAL,CLEAN PAD OPENING
valid_igbt_seq_0457_60,SOFT BAKE,BACKSIDE RINSE,ALIGN MASK LEVEL 5,DEPOSIT METAL SEED,ALIGN MASK LEVEL 4
valid_igbt_seq_0457_80,MEASURE PASSIVATION QUALITY,MEASURE PASSIVATION THICKNESS,MEASURE FILM THICKNESS,DEPOSIT PASSIVATION LAYER,MEASURE OXIDE THICKNESS
valid_igbt_seq_0458_60,SOFT BAKE,DEPOSIT METAL SEED,BACKSIDE RINSE,ALIGN MASK LEVEL 5,ALIGN MASK LEVEL 4
valid_igbt_seq_0458_80,MEASURE PASSIVATION QUALITY,MEASURE PASSIVATION THICKNESS,MEASURE FILM THICKNESS,MEASURE OXIDE THICKNESS,DEPOSIT PASSIVATION LAYER
valid_igbt_seq_0459_60,MEASURE SURFACE PLANARITY,MEASURE PLANARITY,CMP DIELECTRIC,CMP INTERLAYER DIELECTRIC,SPIN COAT PHOTORESIST
valid_igbt_seq_0459_80,CURE PASSIVATION,ANNEAL DIELECTRIC,BACKSIDE ANNEAL,CLEAN PAD OPENING,BACKSIDE RINSE
valid_igbt_seq_0460_60,MEASURE FILM THICKNESS,MEASURE DIELECTRIC THICKNESS,MEASURE OXIDE THICKNESS,SPIN COAT PHOTORESIST,PARAMETRIC TEST
valid_igbt_seq_0460_80,CURE PASSIVATION,ANNEAL DIELECTRIC,BACKSIDE ANNEAL,CLEAN PAD OPENING,FINAL CLEAN
valid_igbt_seq_0461_60,SOFT BAKE,DEPOSIT METAL SEED,ALIGN MASK LEVEL 5,BACKSIDE RINSE,ALIGN MASK LEVEL 4
valid_igbt_seq_0461_80,CURE PASSIVATION,BACKSIDE ANNEAL,ANNEAL DIELECTRIC,BACKSIDE RINSE,MEASURE BACKSIDE CONTACT
valid_igbt_seq_0462_60,MEASURE PLANARITY,MEASURE SURFACE PLANARITY,CMP DIELECTRIC,CMP INTERLAYER DIELECTRIC,SPIN COAT PHOTORESIST
valid_igbt_seq_0462_80,DEPOSIT PASSIVATION LAYER,DEPOSIT PASSIVATION,MEASURE LINE WIDTH,DEPOSIT INTERLAYER DIELECTRIC,DEPOSIT INTERLEVEL DIELECTRIC
valid_igbt_seq_0463_60,ALIGN MASK LEVEL 5,ALIGN MASK LEVEL 6,ALIGN MASK LEVEL 1,ALIGN MASK LEVEL 3,BREAKDOWN VOLTAGE TEST
valid_igbt_seq_0463_80,MEASURE PASSIVATION THICKNESS,MEASURE PASSIVATION QUALITY,MEASURE FILM THICKNESS,DEPOSIT PASSIVATION LAYER,MEASURE OXIDE THICKNESS
valid_igbt_seq_0464_60,SPIN COAT PHOTORESIST,MEASURE METAL THICKNESS,MEASURE POLY THICKNESS,MEASURE FILM THICKNESS,MEASURE SURFACE PARTICLES
valid_igbt_seq_0464_80,DEPOSIT PASSIVATION,DEPOSIT PASSIVATION LAYER,MEASURE LINE WIDTH,DEPOSIT BARRIER METAL,DEPOSIT POLYSILICON
valid_igbt_seq_0465_60,CMP INTERLAYER DIELECTRIC,CMP DIELECTRIC,CMP VIA FILL,CMP METAL,DENSIFY OXIDE
valid_igbt_seq_0465_80,MEASURE LINE WIDTH,DEPOSIT PASSIVATION LAYER,DEPOSIT PASSIVATION,PARAMETRIC TEST,MEASURE PASSIVATION QUALITY
valid_igbt_seq_0466_60,ALIGN MASK LEVEL 5,ALIGN MASK LEVEL 6,ALIGN MASK LEVEL 1,ALIGN MASK LEVEL 3,BREAKDOWN VOLTAGE TEST
valid_igbt_seq_0466_80,MEASURE PASSIVATION QUALITY,MEASURE PASSIVATION THICKNESS,MEASURE FILM THICKNESS,MEASURE OXIDE THICKNESS,DEPOSIT PASSIVATION LAYER
valid_igbt_seq_0467_60,MEASURE FILM THICKNESS,MEASURE DIELECTRIC THICKNESS,MEASURE OXIDE THICKNESS,SPIN COAT PHOTORESIST,MEASURE POLY THICKNESS
valid_igbt_seq_0467_80,MEASURE LINE WIDTH,DEPOSIT PASSIVATION LAYER,DEPOSIT PASSIVATION,MEASURE VIA CD,DEPOSIT BARRIER METAL
valid_igbt_seq_0468_60,EXPOSE LITHO LEVEL 5,EXPOSE LITHO LEVEL 6,EXPOSE LITHO LEVEL 3,MEASURE EPITAXY THICKNESS,EXPOSE LITHO LEVEL 1
valid_igbt_seq_0468_80,MEASURE PASSIVATION QUALITY,MEASURE PASSIVATION THICKNESS,MEASURE FILM THICKNESS,DEPOSIT PASSIVATION LAYER,MEASURE OXIDE THICKNESS
valid_igbt_seq_0469_60,CMP DIELECTRIC,CMP INTERLAYER DIELECTRIC,DENSIFY OXIDE,CMP VIA FILL,CMP METAL
valid_igbt_seq_0469_80,CURE PASSIVATION,BACKSIDE RINSE,BACKSIDE ANNEAL,SHIP LOT,ANNEAL DIELECTRIC
valid_igbt_seq_0470_60,DENSIFY OXIDE,DENSIFY DIELECTRIC,MEASURE JUNCTION DEPTH,THERMAL OXIDATION,ANNEAL METAL 1
valid_igbt_seq_0470_80,DEPOSIT PASSIVATION,DEPOSIT PASSIVATION LAYER,MEASURE LINE WIDTH,DEPOSIT POLYSILICON,DEPOSIT BARRIER METAL
valid_igbt_seq_0471_60,CMP INTERLAYER DIELECTRIC,CMP DIELECTRIC,CMP VIA FILL,CMP METAL,DENSIFY OXIDE
valid_igbt_seq_0471_80,DEPOSIT PASSIVATION LAYER,DEPOSIT PASSIVATION,MEASURE LINE WIDTH,DEPOSIT POLYSILICON,DEPOSIT BARRIER METAL
valid_igbt_seq_0472_60,MEASURE PLANARITY,MEASURE SURFACE PLANARITY,CMP DIELECTRIC,CMP INTERLAYER DIELECTRIC,MEASURE FILM THICKNESS
valid_igbt_seq_0472_80,DEPOSIT PASSIVATION LAYER,DEPOSIT PASSIVATION,MEASURE LINE WIDTH,DEPOSIT POLYSILICON,DEPOSIT BARRIER METAL
valid_igbt_seq_0473_60,MEASURE PLANARITY,MEASURE SURFACE PLANARITY,CMP DIELECTRIC,CMP INTERLAYER DIELECTRIC,SPIN COAT PHOTORESIST
valid_igbt_seq_0473_80,MEASURE LINE WIDTH,DEPOSIT PASSIVATION LAYER,DEPOSIT PASSIVATION,PARAMETRIC TEST,DEPOSIT INTERLAYER DIELECTRIC
valid_igbt_seq_0474_60,SPIN COAT PHOTORESIST,MEASURE METAL THICKNESS,MEASURE POLY THICKNESS,MEASURE FILM THICKNESS,MEASURE SURFACE PARTICLES
valid_igbt_seq_0474_80,MEASURE PASSIVATION QUALITY,MEASURE PASSIVATION THICKNESS,MEASURE FILM THICKNESS,MEASURE OXIDE THICKNESS,DEPOSIT PASSIVATION LAYER
valid_igbt_seq_0475_60,SOFT BAKE,BACKSIDE RINSE,ALIGN MASK LEVEL 5,DEPOSIT METAL SEED,BREAKDOWN VOLTAGE TEST
valid_igbt_seq_0475_80,MEASURE PASSIVATION QUALITY,MEASURE PASSIVATION THICKNESS,MEASURE FILM THICKNESS,MEASURE OXIDE THICKNESS,DEPOSIT PASSIVATION LAYER
valid_igbt_seq_0476_60,MEASURE PLANARITY,MEASURE SURFACE PLANARITY,CMP DIELECTRIC,CMP INTERLAYER DIELECTRIC,SPIN COAT PHOTORESIST
valid_igbt_seq_0476_80,MEASURE PASSIVATION QUALITY,MEASURE PASSIVATION THICKNESS,MEASURE FILM THICKNESS,MEASURE OXIDE THICKNESS,DEPOSIT PASSIVATION LAYER
valid_igbt_seq_0477_60,SPIN COAT PHOTORESIST,MEASURE METAL THICKNESS,MEASURE POLY THICKNESS,MEASURE FILM THICKNESS,MEASURE SURFACE PARTICLES
valid_igbt_seq_0477_80,MEASURE PASSIVATION QUALITY,MEASURE PASSIVATION THICKNESS,MEASURE FILM THICKNESS,DEPOSIT PASSIVATION LAYER,MEASURE LINE WIDTH
valid_igbt_seq_0478_60,CMP INTERLAYER DIELECTRIC,CMP DIELECTRIC,DENSIFY OXIDE,DENSIFY DIELECTRIC,CMP VIA FILL
valid_igbt_seq_0478_80,MEASURE PASSIVATION QUALITY,MEASURE PASSIVATION THICKNESS,MEASURE FILM THICKNESS,DEPOSIT PASSIVATION LAYER,MEASURE OXIDE THICKNESS
valid_igbt_seq_0479_60,SPIN COAT PHOTORESIST,MEASURE METAL THICKNESS,MEASURE POLY THICKNESS,MEASURE FILM THICKNESS,MEASURE SURFACE PARTICLES
valid_igbt_seq_0479_80,CURE PASSIVATION,BACKSIDE ANNEAL,PASSIVATION ETCH PAD OPENING,ANNEAL DIELECTRIC,PASSIVATION ETCH
valid_igbt_seq_0480_60,MEASURE PLANARITY,MEASURE SURFACE PLANARITY,CMP DIELECTRIC,CMP INTERLAYER DIELECTRIC,MEASURE SURFACE PARTICLES
valid_igbt_seq_0480_80,OPEN BOND PAD WINDOW,OPEN PAD WINDOW,PAD WINDOW LITHO,OPEN PAD WINDOW LITHO,FRONTSIDE CLEAN
valid_igbt_seq_0481_60,MEASURE SURFACE PLANARITY,MEASURE PLANARITY,SPIN COAT PHOTORESIST,CMP DIELECTRIC,CMP INTERLAYER DIELECTRIC
valid_igbt_seq_0481_80,CURE PASSIVATION,BACKSIDE RINSE,CLEAN PAD OPENING,BACKSIDE ANNEAL,POLYSILICON ANNEAL
valid_igbt_seq_0482_60,SPIN COAT PHOTORESIST,MEASURE POLY THICKNESS,MEASURE METAL THICKNESS,MEASURE FILM THICKNESS,MEASURE SURFACE PARTICLES
valid_igbt_seq_0482_80,DEPOSIT PASSIVATION LAYER,DEPOSIT PASSIVATION,MEASURE LINE WIDTH,DEPOSIT POLYSILICON,CMP DIELECTRIC
valid_igbt_seq_0483_60,SPIN COAT PHOTORESIST,MEASURE METAL THICKNESS,MEASURE POLY THICKNESS,MEASURE FILM THICKNESS,MEASURE SURFACE PARTICLES
valid_igbt_seq_0483_80,CURE PASSIVATION,BACKSIDE RINSE,BACKSIDE ANNEAL,CLEAN PAD OPENING,POLYSILICON ANNEAL
valid_igbt_seq_0484_60,SPIN COAT PHOTORESIST,MEASURE METAL THICKNESS,MEASURE POLY THICKNESS,MEASURE FILM THICKNESS,MEASURE SURFACE PARTICLES
valid_igbt_seq_0484_80,MEASURE PASSIVATION QUALITY,MEASURE PASSIVATION THICKNESS,MEASURE FILM THICKNESS,DEPOSIT PASSIVATION LAYER,MEASURE OXIDE THICKNESS
valid_igbt_seq_0485_60,CMP INTERLAYER DIELECTRIC,CMP DIELECTRIC,CMP VIA FILL,CMP METAL,DENSIFY DIELECTRIC
valid_igbt_seq_0485_80,CURE PASSIVATION,BACKSIDE RINSE,ANNEAL DIELECTRIC,CLEAN PAD OPENING,POLYSILICON ANNEAL
valid_igbt_seq_0486_60,MEASURE PLANARITY,MEASURE SURFACE PLANARITY,CMP DIELECTRIC,CMP INTERLAYER DIELECTRIC,SPIN COAT PHOTORESIST
valid_igbt_seq_0486_80,DEPOSIT PASSIVATION LAYER,DEPOSIT PASSIVATION,MEASURE LINE WIDTH,DEPOSIT POLYSILICON,DEPOSIT INTERLAYER DIELECTRIC
valid_igbt_seq_0487_60,MEASURE PLANARITY,MEASURE SURFACE PLANARITY,MEASURE SURFACE PARTICLES,SPIN COAT PHOTORESIST,CMP DIELECTRIC
valid_igbt_seq_0487_80,DEPOSIT PASSIVATION,DEPOSIT PASSIVATION LAYER,MEASURE LINE WIDTH,DEPOSIT BARRIER METAL,DEPOSIT POLYSILICON
valid_igbt_seq_0488_60,MEASURE SURFACE PLANARITY,MEASURE PLANARITY,CMP DIELECTRIC,CMP INTERLAYER DIELECTRIC,MEASURE SURFACE PARTICLES
valid_igbt_seq_0488_80,DEPOSIT PASSIVATION LAYER,DEPOSIT PASSIVATION,MEASURE LINE WIDTH,DEPOSIT POLYSILICON,DEPOSIT BARRIER METAL
valid_igbt_seq_0489_60,SOFT BAKE,ALIGN MASK LEVEL 5,BACKSIDE RINSE,DEPOSIT METAL SEED,ALIGN MASK LEVEL 4
valid_igbt_seq_0489_80,MEASURE PASSIVATION QUALITY,MEASURE PASSIVATION THICKNESS,MEASURE FILM THICKNESS,DEPOSIT PASSIVATION LAYER,MEASURE OXIDE THICKNESS
valid_igbt_seq_0490_60,SOFT BAKE,BACKSIDE RINSE,DEPOSIT METAL SEED,ALIGN MASK LEVEL 5,ALIGN MASK LEVEL 4
valid_igbt_seq_0490_80,CURE PASSIVATION,BACKSIDE ANNEAL,BACKSIDE RINSE,POLYSILICON ANNEAL,CLEAN PAD OPENING
valid_igbt_seq_0491_60,SPIN COAT PHOTORESIST,MEASURE METAL THICKNESS,MEASURE POLY THICKNESS,MEASURE FILM THICKNESS,MEASURE SURFACE PARTICLES
valid_igbt_seq_0491_80,CURE PASSIVATION,BACKSIDE ANNEAL,ANNEAL DIELECTRIC,PASSIVATION ETCH PAD OPENING,BACKSIDE RINSE
valid_igbt_seq_0492_60,SOFT BAKE,ALIGN MASK LEVEL 5,DEPOSIT METAL SEED,BACKSIDE RINSE,BREAKDOWN VOLTAGE TEST
valid_igbt_seq_0492_80,DEPOSIT PASSIVATION LAYER,DEPOSIT PASSIVATION,MEASURE LINE WIDTH,DEPOSIT POLYSILICON,DEPOSIT BARRIER METAL
valid_igbt_seq_0493_60,MEASURE PLANARITY,MEASURE SURFACE PLANARITY,CMP INTERLAYER DIELECTRIC,SPIN COAT PHOTORESIST,CMP DIELECTRIC
valid_igbt_seq_0493_80,DEPOSIT PASSIVATION,DEPOSIT PASSIVATION LAYER,MEASURE LINE WIDTH,DEPOSIT INTERLAYER DIELECTRIC,DEPOSIT INTERLEVEL DIELECTRIC
valid_igbt_seq_0494_60,SOFT BAKE,ALIGN MASK LEVEL 5,BACKSIDE RINSE,DEPOSIT METAL SEED,BREAKDOWN VOLTAGE TEST
valid_igbt_seq_0494_80,DEPOSIT PASSIVATION,DEPOSIT PASSIVATION LAYER,MEASURE LINE WIDTH,DEPOSIT POLYSILICON,DEPOSIT BARRIER METAL
valid_igbt_seq_0495_60,MEASURE PLANARITY,MEASURE SURFACE PLANARITY,CMP DIELECTRIC,CMP INTERLAYER DIELECTRIC,MEASURE DIELECTRIC THICKNESS
valid_igbt_seq_0495_80,MEASURE PASSIVATION QUALITY,MEASURE PASSIVATION THICKNESS,MEASURE FILM THICKNESS,MEASURE OXIDE THICKNESS,DEPOSIT PASSIVATION LAYER
valid_igbt_seq_0496_60,MEASURE PLANARITY,MEASURE SURFACE PLANARITY,SPIN COAT PHOTORESIST,CMP DIELECTRIC,CMP INTERLAYER DIELECTRIC
valid_igbt_seq_0496_80,CURE PASSIVATION,POLYSILICON ANNEAL,BACKSIDE RINSE,BACKSIDE ANNEAL,CLEAN PAD OPENING
valid_igbt_seq_0497_60,MEASURE SURFACE PLANARITY,MEASURE PLANARITY,CMP DIELECTRIC,CMP INTERLAYER DIELECTRIC,MEASURE SURFACE PARTICLES
valid_igbt_seq_0497_80,CURE PASSIVATION,ANNEAL DIELECTRIC,BACKSIDE ANNEAL,BACKSIDE RINSE,CLEAN PAD OPENING
valid_igbt_seq_0498_60,SPIN COAT PHOTORESIST,MEASURE METAL THICKNESS,MEASURE POLY THICKNESS,MEASURE FILM THICKNESS,MEASURE SURFACE PARTICLES
valid_igbt_seq_0498_80,MEASURE PASSIVATION QUALITY,MEASURE PASSIVATION THICKNESS,MEASURE FILM THICKNESS,MEASURE OXIDE THICKNESS,DEPOSIT PASSIVATION LAYER
valid_igbt_seq_0499_60,SPIN COAT PHOTORESIST,MEASURE METAL THICKNESS,MEASURE POLY THICKNESS,MEASURE FILM THICKNESS,MEASURE SURFACE PARTICLES
valid_igbt_seq_0499_80,CURE PASSIVATION,BACKSIDE RINSE,BACKSIDE ANNEAL,CLEAN PAD OPENING,POLYSILICON ANNEAL
valid_igbt_seq_0500_60,SPIN COAT PHOTORESIST,MEASURE METAL THICKNESS,MEASURE POLY THICKNESS,MEASURE FILM THICKNESS,MEASURE SURFACE PARTICLES
valid_igbt_seq_0500_80,MEASURE PASSIVATION QUALITY,MEASURE PASSIVATION THICKNESS,MEASURE FILM THICKNESS,DEPOSIT PASSIVATION LAYER,MEASURE OXIDE THICKNESS
valid_igbt_seq_0501_60,MEASURE FILM THICKNESS,MEASURE DIELECTRIC THICKNESS,MEASURE OXIDE THICKNESS,SPIN COAT PHOTORESIST,PARAMETRIC TEST
valid_igbt_seq_0501_80,CURE PASSIVATION,BACKSIDE RINSE,CLEAN PAD OPENING,BACKSIDE ANNEAL,PASSIVATION ETCH PAD OPENING
valid_igbt_seq_0502_60,MEASURE PLANARITY,MEASURE SURFACE PLANARITY,CMP INTERLAYER DIELECTRIC,CMP DIELECTRIC,SPIN COAT PHOTORESIST
valid_igbt_seq_0502_80,CURE PASSIVATION,BACKSIDE RINSE,CLEAN PAD OPENING,BACKSIDE ANNEAL,ANNEAL DIELECTRIC
valid_igbt_seq_0503_60,SOFT BAKE,ALIGN MASK LEVEL 5,DEPOSIT METAL SEED,BACKSIDE RINSE,ALIGN MASK LEVEL 4
valid_igbt_seq_0503_80,MEASURE PASSIVATION QUALITY,MEASURE PASSIVATION THICKNESS,MEASURE FILM THICKNESS,MEASURE OXIDE THICKNESS,DEPOSIT PASSIVATION LAYER
valid_igbt_seq_0504_60,SPIN COAT PHOTORESIST,MEASURE METAL THICKNESS,MEASURE POLY THICKNESS,MEASURE FILM THICKNESS,CMP DIELECTRIC
valid_igbt_seq_0504_80,MEASURE PASSIVATION QUALITY,MEASURE PASSIVATION THICKNESS,MEASURE FILM THICKNESS,MEASURE OXIDE THICKNESS,DEPOSIT PASSIVATION LAYER
valid_igbt_seq_0505_60,SPIN COAT PHOTORESIST,MEASURE METAL THICKNESS,MEASURE POLY THICKNESS,MEASURE FILM THICKNESS,MEASURE SURFACE PARTICLES
valid_igbt_seq_0505_80,OPEN BOND PAD WINDOW,OPEN PAD WINDOW,PAD WINDOW LITHO,OPEN PAD WINDOW LITHO,MEASURE SHEET RESISTANCE
valid_igbt_seq_0506_60,CMP DIELECTRIC,CMP INTERLAYER DIELECTRIC,CMP VIA FILL,DEPOSIT INTERLEVEL DIELECTRIC,CMP METAL
valid_igbt_seq_0506_80,CURE PASSIVATION,BACKSIDE RINSE,CLEAN PAD OPENING,ANNEAL DIELECTRIC,PASSIVATION ETCH PAD OPENING
valid_igbt_seq_0507_60,MEASURE PLANARITY,MEASURE SURFACE PLANARITY,CMP DIELECTRIC,CMP INTERLAYER DIELECTRIC,SPIN COAT PHOTORESIST
valid_igbt_seq_0507_80,MEASURE PASSIVATION QUALITY,MEASURE PASSIVATION THICKNESS,MEASURE FILM THICKNESS,MEASURE OXIDE THICKNESS,DEPOSIT PASSIVATION LAYER
valid_igbt_seq_0508_60,CMP DIELECTRIC,CMP INTERLAYER DIELECTRIC,DENSIFY OXIDE,DEPOSIT INTERLEVEL DIELECTRIC,CMP VIA FILL
valid_igbt_seq_0508_80,CURE PASSIVATION,BACKSIDE ANNEAL,CLEAN PAD OPENING,BACKSIDE RINSE,ANNEAL DIELECTRIC
valid_igbt_seq_0509_60,SPIN COAT PHOTORESIST,MEASURE POLY THICKNESS,MEASURE METAL THICKNESS,MEASURE FILM THICKNESS,MEASURE SURFACE PARTICLES
valid_igbt_seq_0509_80,MEASURE PASSIVATION QUALITY,MEASURE PASSIVATION THICKNESS,MEASURE FILM THICKNESS,MEASURE OXIDE THICKNESS,DEPOSIT PASSIVATION LAYER
valid_igbt_seq_0510_60,SPIN COAT PHOTORESIST,MEASURE METAL THICKNESS,MEASURE POLY THICKNESS,MEASURE FILM THICKNESS,MEASURE SURFACE PARTICLES
valid_igbt_seq_0510_80,MEASURE PASSIVATION QUALITY,MEASURE PASSIVATION THICKNESS,MEASURE FILM THICKNESS,MEASURE OXIDE THICKNESS,DEPOSIT PASSIVATION LAYER
valid_igbt_seq_0511_60,SPIN COAT PHOTORESIST,MEASURE METAL THICKNESS,MEASURE POLY THICKNESS,MEASURE FILM THICKNESS,MEASURE SURFACE PARTICLES
valid_igbt_seq_0511_80,DEPOSIT PASSIVATION LAYER,DEPOSIT PASSIVATION,MEASURE LINE WIDTH,DEPOSIT POLYSILICON,DEPOSIT BARRIER METAL
valid_igbt_seq_0512_60,ALIGN MASK LEVEL 5,ALIGN MASK LEVEL 6,BREAKDOWN VOLTAGE TEST,ALIGN MASK LEVEL 3,ALIGN MASK LEVEL 1
valid_igbt_seq_0512_80,CURE PASSIVATION,BACKSIDE ANNEAL,BACKSIDE RINSE,POLYSILICON ANNEAL,CLEAN PAD OPENING
valid_igbt_seq_0513_60,MEASURE PLANARITY,MEASURE SURFACE PLANARITY,CMP DIELECTRIC,CMP INTERLAYER DIELECTRIC,SPIN COAT PHOTORESIST
valid_igbt_seq_0513_80,DEPOSIT PASSIVATION LAYER,DEPOSIT PASSIVATION,MEASURE LINE WIDTH,DEPOSIT BARRIER METAL,DEPOSIT POLYSILICON
valid_igbt_seq_0514_60,SOFT BAKE,BACKSIDE RINSE,DEPOSIT METAL SEED,ALIGN MASK LEVEL 5,ALIGN MASK LEVEL 4
valid_igbt_seq_0514_80,MEASURE PASSIVATION QUALITY,MEASURE PASSIVATION THICKNESS,MEASURE FILM THICKNESS,DEPOSIT PASSIVATION LAYER,MEASURE OXIDE THICKNESS
valid_igbt_seq_0515_60,EXPOSE LITHO LEVEL 5,MEASURE EPITAXY THICKNESS,EXPOSE LITHO LEVEL 6,EXPOSE LITHO LEVEL 1,EXPOSE LITHO LEVEL 3
valid_igbt_seq_0515_80,CURE PASSIVATION,POLYSILICON ANNEAL,BACKSIDE ANNEAL,MEASURE PAD OPENING,ANNEAL DIELECTRIC
valid_igbt_seq_0516_60,CMP INTERLAYER DIELECTRIC,CMP DIELECTRIC,DENSIFY OXIDE,DENSIFY DIELECTRIC,DEPOSIT INTERLEVEL DIELECTRIC
valid_igbt_seq_0516_80,MEASURE LINE WIDTH,DEPOSIT PASSIVATION LAYER,DEPOSIT PASSIVATION,PASSIVATION ETCH,PASSIVATION ETCH PAD OPENING
valid_igbt_seq_0517_60,CMP DIELECTRIC,CMP INTERLAYER DIELECTRIC,DEPOSIT INTERLEVEL DIELECTRIC,DEPOSIT INTERLAYER DIELECTRIC,DENSIFY OXIDE
valid_igbt_seq_0517_80,DEPOSIT PASSIVATION LAYER,DEPOSIT PASSIVATION,MEASURE LINE WIDTH,DEPOSIT POLYSILICON,DEPOSIT BARRIER METAL
valid_igbt_seq_0518_60,MEASURE SURFACE PLANARITY,MEASURE PLANARITY,CMP DIELECTRIC,CMP INTERLAYER DIELECTRIC,SPIN COAT PHOTORESIST
valid_igbt_seq_0518_80,DEPOSIT PASSIVATION,DEPOSIT PASSIVATION LAYER,MEASURE LINE WIDTH,DEPOSIT BARRIER METAL,DEPOSIT POLYSILICON
valid_igbt_seq_0519_60,MEASURE SURFACE PLANARITY,MEASURE PLANARITY,CMP DIELECTRIC,CMP INTERLAYER DIELECTRIC,SPIN COAT PHOTORESIST
valid_igbt_seq_0519_80,DEPOSIT PASSIVATION LAYER,DEPOSIT PASSIVATION,MEASURE LINE WIDTH,DEPOSIT POLYSILICON,IMPLANT SOURCE REGION
valid_igbt_seq_0520_60,MEASURE PLANARITY,MEASURE SURFACE PLANARITY,CMP DIELECTRIC,SPIN COAT PHOTORESIST,MEASURE SURFACE PARTICLES
valid_igbt_seq_0520_80,MEASURE PASSIVATION QUALITY,MEASURE PASSIVATION THICKNESS,MEASURE FILM THICKNESS,MEASURE OXIDE THICKNESS,DEPOSIT PASSIVATION LAYER
valid_igbt_seq_0521_60,MEASURE PLANARITY,MEASURE SURFACE PLANARITY,SPIN COAT PHOTORESIST,MEASURE POLY THICKNESS,CMP DIELECTRIC
valid_igbt_seq_0521_80,CURE PASSIVATION,CLEAN PAD OPENING,BACKSIDE ANNEAL,BACKSIDE RINSE,POLYSILICON ANNEAL
valid_igbt_seq_0522_60,SOFT BAKE,ALIGN MASK LEVEL 5,DEPOSIT METAL SEED,BACKSIDE RINSE,ALIGN MASK LEVEL 4
valid_igbt_seq_0522_80,OPEN PAD WINDOW,OPEN BOND PAD WINDOW,PAD WINDOW LITHO,OPEN PAD WINDOW LITHO,FINAL LOT RELEASE
valid_igbt_seq_0523_60,DEPOSIT INTERLEVEL DIELECTRIC,DEPOSIT INTERLAYER DIELECTRIC,MEASURE DEVICE PARAMETER,MEASURE SHEET RESISTANCE,CMP DIELECTRIC
valid_igbt_seq_0523_80,DEPOSIT PASSIVATION,DEPOSIT PASSIVATION LAYER,MEASURE LINE WIDTH,DEPOSIT BARRIER METAL,IMPLANT SOURCE REGION
valid_igbt_seq_0524_60,SPIN COAT PHOTORESIST,MEASURE POLY THICKNESS,MEASURE METAL THICKNESS,MEASURE FILM THICKNESS,CMP DIELECTRIC
valid_igbt_seq_0524_80,CURE PASSIVATION,BACKSIDE ANNEAL,POLYSILICON ANNEAL,CLEAN PAD OPENING,BACKSIDE RINSE
valid_igbt_seq_0525_60,SOFT BAKE,DEPOSIT METAL SEED,BACKSIDE RINSE,ALIGN MASK LEVEL 5,ALIGN MASK LEVEL 4
valid_igbt_seq_0525_80,DEPOSIT PASSIVATION LAYER,DEPOSIT PASSIVATION,MEASURE LINE WIDTH,DEPOSIT POLYSILICON,DEPOSIT BARRIER METAL
valid_igbt_seq_0526_60,MEASURE PLANARITY,MEASURE SURFACE PLANARITY,SPIN COAT PHOTORESIST,MEASURE POLY THICKNESS,MEASURE METAL THICKNESS
valid_igbt_seq_0526_80,MEASURE PASSIVATION QUALITY,MEASURE PASSIVATION THICKNESS,MEASURE FILM THICKNESS,MEASURE OXIDE THICKNESS,DEPOSIT PASSIVATION LAYER
valid_igbt_seq_0527_60,MEASURE PLANARITY,MEASURE SURFACE PLANARITY,CMP INTERLAYER DIELECTRIC,CMP DIELECTRIC,SPIN COAT PHOTORESIST
valid_igbt_seq_0527_80,CURE PASSIVATION,ANNEAL DIELECTRIC,BACKSIDE ANNEAL,BACKSIDE RINSE,CLEAN PAD OPENING
valid_igbt_seq_0528_60,EXPOSE LITHO LEVEL 5,EXPOSE LITHO LEVEL 6,MEASURE EPITAXY THICKNESS,EXPOSE LITHO LEVEL 1,EXPOSE LITHO LEVEL 3
valid_igbt_seq_0528_80,MEASURE PASSIVATION QUALITY,MEASURE PASSIVATION THICKNESS,MEASURE FILM THICKNESS,MEASURE OXIDE THICKNESS,DEPOSIT PASSIVATION LAYER
valid_igbt_seq_0529_60,SOFT BAKE,BACKSIDE RINSE,ALIGN MASK LEVEL 5,DEPOSIT METAL SEED,ALIGN MASK LEVEL 4
valid_igbt_seq_0529_80,CURE PASSIVATION,BACKSIDE ANNEAL,BACKSIDE RINSE,ANNEAL DIELECTRIC,POLYSILICON ANNEAL
valid_igbt_seq_0530_60,SOFT BAKE,DEPOSIT METAL SEED,ALIGN MASK LEVEL 5,BACKSIDE RINSE,ALIGN MASK LEVEL 4
valid_igbt_seq_0530_80,CURE PASSIVATION,BACKSIDE ANNEAL,BACKSIDE RINSE,POLYSILICON ANNEAL,CLEAN PAD OPENING
valid_igbt_seq_0531_60,CMP DIELECTRIC,CMP INTERLAYER DIELECTRIC,CMP VIA FILL,CMP METAL,DEPOSIT INTERLEVEL DIELECTRIC
valid_igbt_seq_0531_80,MEASURE LINE WIDTH,DEPOSIT PASSIVATION LAYER,DEPOSIT PASSIVATION,MEASURE VIA CD,PARAMETRIC TEST
valid_igbt_seq_0532_60,MEASURE PLANARITY,MEASURE SURFACE PLANARITY,MEASURE SURFACE PARTICLES,SPIN COAT PHOTORESIST,CMP DIELECTRIC
valid_igbt_seq_0532_80,MEASURE PASSIVATION THICKNESS,MEASURE PASSIVATION QUALITY,MEASURE FILM THICKNESS,MEASURE OXIDE THICKNESS,DEPOSIT PASSIVATION LAYER
valid_igbt_seq_0533_60,MEASURE PLANARITY,MEASURE SURFACE PLANARITY,SPIN COAT PHOTORESIST,CMP DIELECTRIC,MEASURE POLY THICKNESS
valid_igbt_seq_0533_80,CURE PASSIVATION,BACKSIDE ANNEAL,ANNEAL DIELECTRIC,PASSIVATION ETCH PAD OPENING,PASSIVATION ETCH
valid_igbt_seq_0534_60,MEASURE PLANARITY,MEASURE SURFACE PLANARITY,SPIN COAT PHOTORESIST,CMP DIELECTRIC,MEASURE FILM THICKNESS
valid_igbt_seq_0534_80,CURE PASSIVATION,POLYSILICON ANNEAL,BACKSIDE ANNEAL,BACKSIDE RINSE,CLEAN PAD OPENING
valid_igbt_seq_0535_60,SPIN COAT PHOTORESIST,MEASURE METAL THICKNESS,MEASURE POLY THICKNESS,MEASURE FILM THICKNESS,MEASURE SURFACE PARTICLES
valid_igbt_seq_0535_80,MEASURE PASSIVATION QUALITY,MEASURE PASSIVATION THICKNESS,MEASURE OXIDE QUALITY,MEASURE FILM THICKNESS,DEPOSIT PASSIVATION LAYER
valid_igbt_seq_0536_60,SPIN COAT PHOTORESIST,MEASURE METAL THICKNESS,MEASURE POLY THICKNESS,MEASURE FILM THICKNESS,MEASURE SURFACE PARTICLES
valid_igbt_seq_0536_80,CURE PASSIVATION,ANNEAL DIELECTRIC,BACKSIDE ANNEAL,PASSIVATION ETCH PAD OPENING,POLYSILICON ANNEAL
valid_igbt_seq_0537_60,SOFT BAKE,ALIGN MASK LEVEL 5,BACKSIDE RINSE,DEPOSIT METAL SEED,BREAKDOWN VOLTAGE TEST
valid_igbt_seq_0537_80,CURE PASSIVATION,CLEAN PAD OPENING,BACKSIDE ANNEAL,BACKSIDE RINSE,PASSIVATION ETCH PAD OPENING
valid_igbt_seq_0538_60,MEASURE PLANARITY,MEASURE SURFACE PLANARITY,MEASURE POLY THICKNESS,SPIN COAT PHOTORESIST,MEASURE FILM THICKNESS
valid_igbt_seq_0538_80,DEPOSIT PASSIVATION,DEPOSIT PASSIVATION LAYER,MEASURE LINE WIDTH,DEPOSIT BARRIER METAL,DEPOSIT POLYSILICON
valid_igbt_seq_0539_60,MEASURE FILM THICKNESS,MEASURE DIELECTRIC THICKNESS,MEASURE OXIDE THICKNESS,SPIN COAT PHOTORESIST,PARAMETRIC TEST
valid_igbt_seq_0539_80,DEPOSIT PASSIVATION LAYER,DEPOSIT PASSIVATION,MEASURE LINE WIDTH,DEPOSIT POLYSILICON,DEPOSIT BARRIER METAL
valid_igbt_seq_0540_60,SPIN COAT PHOTORESIST,MEASURE METAL THICKNESS,MEASURE POLY THICKNESS,MEASURE FILM THICKNESS,MEASURE SURFACE PARTICLES
valid_igbt_seq_0540_80,MEASURE PASSIVATION QUALITY,MEASURE PASSIVATION THICKNESS,MEASURE FILM THICKNESS,MEASURE OXIDE THICKNESS,DEPOSIT PASSIVATION LAYER
valid_igbt_seq_0541_60,SOFT BAKE,ALIGN MASK LEVEL 5,DEPOSIT METAL SEED,BACKSIDE RINSE,BREAKDOWN VOLTAGE TEST
valid_igbt_seq_0541_80,MEASURE PASSIVATION QUALITY,MEASURE PASSIVATION THICKNESS,MEASURE FILM THICKNESS,MEASURE OXIDE THICKNESS,DEPOSIT PASSIVATION LAYER
valid_igbt_seq_0542_60,MEASURE SURFACE PLANARITY,MEASURE PLANARITY,SPIN COAT PHOTORESIST,MEASURE SURFACE PARTICLES,CMP DIELECTRIC
valid_igbt_seq_0542_80,MEASURE PASSIVATION QUALITY,MEASURE PASSIVATION THICKNESS,MEASURE FILM THICKNESS,MEASURE OXIDE THICKNESS,DEPOSIT PASSIVATION LAYER
valid_igbt_seq_0543_60,MEASURE PLANARITY,MEASURE SURFACE PLANARITY,CMP DIELECTRIC,CMP INTERLAYER DIELECTRIC,SPIN COAT PHOTORESIST
valid_igbt_seq_0543_80,CURE PASSIVATION,CLEAN PAD OPENING,BACKSIDE RINSE,BACKSIDE ANNEAL,ANNEAL DIELECTRIC
valid_igbt_seq_0544_60,CMP INTERLAYER DIELECTRIC,CMP DIELECTRIC,DENSIFY OXIDE,DENSIFY DIELECTRIC,CMP VIA FILL
valid_igbt_seq_0544_80,CURE PASSIVATION,ANNEAL DIELECTRIC,BACKSIDE ANNEAL,BACKSIDE RINSE,FINAL CLEAN
valid_igbt_seq_0545_60,MEASURE FILM THICKNESS,MEASURE DIELECTRIC THICKNESS,MEASURE OXIDE THICKNESS,SPIN COAT PHOTORESIST,PARAMETRIC TEST
valid_igbt_seq_0545_80,MEASURE LINE WIDTH,DEPOSIT PASSIVATION LAYER,DEPOSIT PASSIVATION,PASSIVATION ETCH PAD OPENING,PARAMETRIC TEST
valid_igbt_seq_0546_60,MEASURE SURFACE PLANARITY,MEASURE PLANARITY,CMP DIELECTRIC,CMP INTERLAYER DIELECTRIC,SPIN COAT PHOTORESIST
valid_igbt_seq_0546_80,CURE PASSIVATION,ANNEAL DIELECTRIC,BACKSIDE ANNEAL,BACKSIDE RINSE,FINAL CLEAN
valid_igbt_seq_0547_60,SPIN COAT PHOTORESIST,MEASURE METAL THICKNESS,MEASURE POLY THICKNESS,MEASURE FILM THICKNESS,CMP DIELECTRIC
valid_igbt_seq_0547_80,MEASURE PASSIVATION THICKNESS,MEASURE PASSIVATION QUALITY,MEASURE FILM THICKNESS,DEPOSIT PASSIVATION LAYER,MEASURE OXIDE THICKNESS
valid_igbt_seq_0548_60,ALIGN MASK LEVEL 5,ALIGN MASK LEVEL 6,ALIGN MASK LEVEL 3,ALIGN MASK LEVEL 1,LEAKAGE TEST
valid_igbt_seq_0548_80,CURE PASSIVATION,BACKSIDE RINSE,BACKSIDE ANNEAL,POLYSILICON ANNEAL,CLEAN PAD OPENING
valid_igbt_seq_0549_60,CMP INTERLAYER DIELECTRIC,CMP DIELECTRIC,DENSIFY OXIDE,DENSIFY DIELECTRIC,CMP VIA FILL
valid_igbt_seq_0549_80,CURE PASSIVATION,ANNEAL METAL 1,ANNEAL METAL,POLYSILICON ANNEAL,BACKSIDE ANNEAL
valid_igbt_seq_0550_60,MEASURE PLANARITY,MEASURE SURFACE PLANARITY,SPIN COAT PHOTORESIST,MEASURE POLY THICKNESS,MEASURE METAL THICKNESS
valid_igbt_seq_0550_80,MEASURE PASSIVATION QUALITY,MEASURE PASSIVATION THICKNESS,MEASURE FILM THICKNESS,DEPOSIT PASSIVATION LAYER,MEASURE OXIDE THICKNESS
valid_igbt_seq_0551_60,SPIN COAT PHOTORESIST,MEASURE METAL THICKNESS,MEASURE POLY THICKNESS,MEASURE FILM THICKNESS,MEASURE SURFACE PARTICLES
valid_igbt_seq_0551_80,CURE PASSIVATION,BACKSIDE RINSE,BACKSIDE ANNEAL,POLYSILICON ANNEAL,CLEAN PAD OPENING
valid_igbt_seq_0552_60,CMP DIELECTRIC,CMP INTERLAYER DIELECTRIC,CMP VIA FILL,DENSIFY OXIDE,CMP METAL
valid_igbt_seq_0552_80,DEPOSIT PASSIVATION,DEPOSIT PASSIVATION LAYER,MEASURE LINE WIDTH,DEPOSIT BARRIER METAL,DEPOSIT POLYSILICON
valid_igbt_seq_0553_60,SPIN COAT PHOTORESIST,MEASURE METAL THICKNESS,MEASURE POLY THICKNESS,MEASURE FILM THICKNESS,MEASURE SURFACE PARTICLES
valid_igbt_seq_0553_80,CURE PASSIVATION,ANNEAL DIELECTRIC,PASSIVATION ETCH PAD OPENING,BACKSIDE ANNEAL,PASSIVATION ETCH
valid_igbt_seq_0554_60,CMP INTERLAYER DIELECTRIC,CMP DIELECTRIC,CMP VIA FILL,CMP METAL,DENSIFY DIELECTRIC
valid_igbt_seq_0554_80,MEASURE PASSIVATION QUALITY,MEASURE PASSIVATION THICKNESS,MEASURE FILM THICKNESS,DEPOSIT PASSIVATION LAYER,DEPOSIT PASSIVATION
valid_igbt_seq_0555_60,SPIN COAT PHOTORESIST,MEASURE METAL THICKNESS,MEASURE POLY THICKNESS,MEASURE FILM THICKNESS,MEASURE SURFACE PARTICLES
valid_igbt_seq_0555_80,DEPOSIT PASSIVATION LAYER,DEPOSIT PASSIVATION,MEASURE LINE WIDTH,DEPOSIT POLYSILICON,DEPOSIT BARRIER METAL
valid_igbt_seq_0556_60,MEASURE PLANARITY,MEASURE SURFACE PLANARITY,SPIN COAT PHOTORESIST,CMP DIELECTRIC,MEASURE POLY THICKNESS
valid_igbt_seq_0556_80,CURE PASSIVATION,BACKSIDE RINSE,POLYSILICON ANNEAL,BACKSIDE ANNEAL,CLEAN PAD OPENING
valid_igbt_seq_0557_60,MEASURE DIELECTRIC THICKNESS,MEASURE FILM THICKNESS,MEASURE OXIDE THICKNESS,SPIN COAT PHOTORESIST,PARAMETRIC TEST
valid_igbt_seq_0557_80,MEASURE LINE WIDTH,DEPOSIT PASSIVATION LAYER,DEPOSIT PASSIVATION,PASSIVATION ETCH,PASSIVATION ETCH PAD OPENING
valid_igbt_seq_0558_60,MEASURE PLANARITY,MEASURE SURFACE PLANARITY,SPIN COAT PHOTORESIST,MEASURE METAL THICKNESS,CMP DIELECTRIC
valid_igbt_seq_0558_80,DEPOSIT PASSIVATION LAYER,DEPOSIT PASSIVATION,MEASURE LINE WIDTH,DEPOSIT BARRIER METAL,DEPOSIT POLYSILICON
valid_igbt_seq_0559_60,CMP DIELECTRIC,CMP INTERLAYER DIELECTRIC,DENSIFY OXIDE,DENSIFY DIELECTRIC,DEPOSIT INTERLAYER DIELECTRIC
valid_igbt_seq_0559_80,DEPOSIT PASSIVATION LAYER,DEPOSIT PASSIVATION,MEASURE LINE WIDTH,DEPOSIT POLYSILICON,DEPOSIT BARRIER METAL
valid_igbt_seq_0560_60,MEASURE PLANARITY,MEASURE SURFACE PLANARITY,MEASURE SURFACE PARTICLES,CMP DIELECTRIC,CMP INTERLAYER DIELECTRIC
valid_igbt_seq_0560_80,CURE PASSIVATION,PASSIVATION ETCH PAD OPENING,ANNEAL DIELECTRIC,PASSIVATION ETCH,BACKSIDE ANNEAL
valid_igbt_seq_0561_60,MEASURE DIELECTRIC THICKNESS,MEASURE FILM THICKNESS,MEASURE OXIDE THICKNESS,SPIN COAT PHOTORESIST,PARAMETRIC TEST
valid_igbt_seq_0561_80,DEPOSIT PASSIVATION LAYER,DEPOSIT PASSIVATION,MEASURE LINE WIDTH,DEPOSIT POLYSILICON,DEPOSIT BARRIER METAL
valid_igbt_seq_0562_60,SPIN COAT PHOTORESIST,MEASURE METAL THICKNESS,MEASURE POLY THICKNESS,MEASURE FILM THICKNESS,MEASURE SURFACE PARTICLES
valid_igbt_seq_0562_80,MEASURE PASSIVATION QUALITY,MEASURE PASSIVATION THICKNESS,MEASURE FILM THICKNESS,DEPOSIT PASSIVATION LAYER,MEASURE OXIDE THICKNESS
valid_igbt_seq_0563_60,CMP INTERLAYER DIELECTRIC,CMP DIELECTRIC,CMP VIA FILL,CMP METAL,DENSIFY OXIDE
valid_igbt_seq_0563_80,CURE PASSIVATION,BACKSIDE ANNEAL,BACKSIDE RINSE,POLYSILICON ANNEAL,CLEAN PAD OPENING
valid_igbt_seq_0564_60,CMP INTERLAYER DIELECTRIC,CMP DIELECTRIC,CMP VIA FILL,CMP METAL,DENSIFY OXIDE
valid_igbt_seq_0564_80,CURE PASSIVATION,BACKSIDE ANNEAL,POLYSILICON ANNEAL,BACKSIDE RINSE,ANNEAL DIELECTRIC
valid_igbt_seq_0565_60,CMP INTERLAYER DIELECTRIC,CMP DIELECTRIC,CMP VIA FILL,DENSIFY OXIDE,CMP METAL
valid_igbt_seq_0565_80,CURE PASSIVATION,BACKSIDE ANNEAL,BACKSIDE RINSE,CLEAN PAD OPENING,ANNEAL DIELECTRIC
valid_igbt_seq_0566_60,CMP DIELECTRIC,CMP INTERLAYER DIELECTRIC,CMP VIA FILL,DENSIFY OXIDE,DENSIFY DIELECTRIC
valid_igbt_seq_0566_80,MEASURE LINE WIDTH,DEPOSIT PASSIVATION LAYER,DEPOSIT PASSIVATION,PASSIVATION ETCH PAD OPENING,PASSIVATION ETCH
valid_igbt_seq_0567_60,SPIN COAT PHOTORESIST,MEASURE METAL THICKNESS,MEASURE POLY THICKNESS,MEASURE FILM THICKNESS,MEASURE SURFACE PARTICLES
valid_igbt_seq_0567_80,DEPOSIT PASSIVATION LAYER,DEPOSIT PASSIVATION,MEASURE LINE WIDTH,DEPOSIT BARRIER METAL,DEPOSIT POLYSILICON
valid_igbt_seq_0568_60,SPIN COAT PHOTORESIST,MEASURE METAL THICKNESS,MEASURE POLY THICKNESS,MEASURE FILM THICKNESS,MEASURE SURFACE PARTICLES
valid_igbt_seq_0568_80,CURE PASSIVATION,BACKSIDE ANNEAL,ANNEAL DIELECTRIC,PASSIVATION ETCH PAD OPENING,BACKSIDE RINSE
valid_igbt_seq_0569_60,CMP INTERLAYER DIELECTRIC,CMP DIELECTRIC,CMP VIA FILL,CMP METAL,DEPOSIT INTERLEVEL DIELECTRIC
valid_igbt_seq_0569_80,DEPOSIT PASSIVATION LAYER,DEPOSIT PASSIVATION,MEASURE LINE WIDTH,DEPOSIT BARRIER METAL,DEPOSIT POLYSILICON
valid_igbt_seq_0570_60,SPIN COAT PHOTORESIST,MEASURE POLY THICKNESS,MEASURE METAL THICKNESS,MEASURE FILM THICKNESS,CMP DIELECTRIC
valid_igbt_seq_0570_80,CURE PASSIVATION,CLEAN PAD OPENING,BACKSIDE RINSE,BACKSIDE ANNEAL,POLYSILICON ANNEAL
valid_igbt_seq_0571_60,MEASURE DIELECTRIC THICKNESS,MEASURE FILM THICKNESS,MEASURE OXIDE THICKNESS,SPIN COAT PHOTORESIST,PARAMETRIC TEST
valid_igbt_seq_0571_80,MEASURE LINE WIDTH,DEPOSIT PASSIVATION LAYER,DEPOSIT PASSIVATION,PASSIVATION ETCH,PASSIVATION ETCH PAD OPENING
valid_igbt_seq_0572_60,CMP DIELECTRIC,CMP INTERLAYER DIELECTRIC,CMP VIA FILL,DENSIFY OXIDE,CMP METAL
valid_igbt_seq_0572_80,MEASURE LINE WIDTH,DEPOSIT PASSIVATION LAYER,DEPOSIT PASSIVATION,PARAMETRIC TEST,PASSIVATION ETCH
valid_igbt_seq_0573_60,CMP INTERLAYER DIELECTRIC,CMP DIELECTRIC,CMP VIA FILL,CMP METAL,DEPOSIT INTERLEVEL DIELECTRIC
valid_igbt_seq_0573_80,DEPOSIT PASSIVATION,DEPOSIT PASSIVATION LAYER,MEASURE LINE WIDTH,DEPOSIT BARRIER METAL,DEPOSIT POLYSILICON
valid_igbt_seq_0574_60,CMP INTERLAYER DIELECTRIC,CMP DIELECTRIC,DENSIFY DIELECTRIC,DENSIFY OXIDE,CMP VIA FILL
valid_igbt_seq_0574_80,DEPOSIT PASSIVATION LAYER,DEPOSIT PASSIVATION,MEASURE LINE WIDTH,DEPOSIT BARRIER METAL,DEPOSIT POLYSILICON
valid_igbt_seq_0575_60,CMP INTERLAYER DIELECTRIC,CMP DIELECTRIC,CMP VIA FILL,CMP METAL,DENSIFY OXIDE
valid_igbt_seq_0575_80,MEASURE PASSIVATION THICKNESS,MEASURE PASSIVATION QUALITY,MEASURE FILM THICKNESS,DEPOSIT PASSIVATION LAYER,MEASURE OXIDE THICKNESS
valid_igbt_seq_0576_60,SOFT BAKE,DEPOSIT METAL SEED,BACKSIDE RINSE,ALIGN MASK LEVEL 5,BREAKDOWN VOLTAGE TEST
valid_igbt_seq_0576_80,DEPOSIT PASSIVATION LAYER,DEPOSIT PASSIVATION,MEASURE LINE WIDTH,DEPOSIT POLYSILICON,DEPOSIT BARRIER METAL
valid_igbt_seq_0577_60,CMP DIELECTRIC,CMP INTERLAYER DIELECTRIC,CMP VIA FILL,DENSIFY OXIDE,CMP METAL
valid_igbt_seq_0577_80,CURE PASSIVATION,BACKSIDE ANNEAL,POLYSILICON ANNEAL,SHIP LOT,ANNEAL DIELECTRIC
valid_igbt_seq_0578_60,MEASURE PLANARITY,MEASURE SURFACE PLANARITY,CMP DIELECTRIC,CMP INTERLAYER DIELECTRIC,MEASURE SURFACE PARTICLES
valid_igbt_seq_0578_80,DEPOSIT PASSIVATION,DEPOSIT PASSIVATION LAYER,MEASURE LINE WIDTH,DEPOSIT BARRIER METAL,IMPLANT SOURCE REGION
valid_igbt_seq_0579_60,SPIN COAT PHOTORESIST,MEASURE POLY THICKNESS,MEASURE METAL THICKNESS,MEASURE FILM THICKNESS,MEASURE SURFACE PARTICLES
valid_igbt_seq_0579_80,MEASURE LINE WIDTH,DEPOSIT PASSIVATION LAYER,DEPOSIT PASSIVATION,PASSIVATION ETCH,PASSIVATION ETCH PAD OPENING
valid_igbt_seq_0580_60,ALIGN MASK LEVEL 5,ALIGN MASK LEVEL 6,ALIGN MASK LEVEL 1,ALIGN MASK LEVEL 3,LEAKAGE TEST
valid_igbt_seq_0580_80,CURE PASSIVATION,BACKSIDE ANNEAL,BACKSIDE RINSE,POLYSILICON ANNEAL,CLEAN PAD OPENING
valid_igbt_seq_0581_60,MEASURE DIELECTRIC THICKNESS,MEASURE FILM THICKNESS,SPIN COAT PHOTORESIST,MEASURE OXIDE THICKNESS,PARAMETRIC TEST
valid_igbt_seq_0581_80,DEPOSIT PASSIVATION LAYER,DEPOSIT PASSIVATION,MEASURE LINE WIDTH,DEPOSIT BARRIER METAL,DEPOSIT POLYSILICON
valid_igbt_seq_0582_60,CMP INTERLAYER DIELECTRIC,CMP DIELECTRIC,CMP VIA FILL,CMP METAL,DEPOSIT INTERLEVEL DIELECTRIC
valid_igbt_seq_0582_80,DEPOSIT PASSIVATION,DEPOSIT PASSIVATION LAYER,MEASURE LINE WIDTH,DEPOSIT POLYSILICON,DEPOSIT BARRIER METAL
valid_igbt_seq_0583_60,MEASURE PLANARITY,MEASURE SURFACE PLANARITY,CMP DIELECTRIC,CMP INTERLAYER DIELECTRIC,SPIN COAT PHOTORESIST
valid_igbt_seq_0583_80,CURE PASSIVATION,CLEAN PAD OPENING,BACKSIDE RINSE,BACKSIDE ANNEAL,ANNEAL DIELECTRIC
valid_igbt_seq_0584_60,MEASURE DIELECTRIC THICKNESS,MEASURE FILM THICKNESS,MEASURE OXIDE THICKNESS,SPIN COAT PHOTORESIST,PARAMETRIC TEST
valid_igbt_seq_0584_80,DEPOSIT PASSIVATION LAYER,DEPOSIT PASSIVATION,MEASURE LINE WIDTH,DEPOSIT POLYSILICON,DEPOSIT BARRIER METAL
valid_igbt_seq_0585_60,CMP INTERLAYER DIELECTRIC,CMP DIELECTRIC,CMP VIA FILL,CMP METAL,DENSIFY OXIDE
valid_igbt_seq_0585_80,MEASURE LINE WIDTH,DEPOSIT PASSIVATION,DEPOSIT PASSIVATION LAYER,MEASURE VIA CD,PARAMETRIC TEST
valid_igbt_seq_0586_60,MEASURE DIELECTRIC THICKNESS,MEASURE FILM THICKNESS,MEASURE OXIDE THICKNESS,SPIN COAT PHOTORESIST,PARAMETRIC TEST
valid_igbt_seq_0586_80,CLEAN AFTER METAL ETCH,CLEAN AFTER OXIDE ETCH,CLEAN AFTER WINDOW ETCH,CLEAN PAD OPENING,CLEAN AFTER FIELD ETCH
valid_igbt_seq_0587_60,SPIN COAT PHOTORESIST,MEASURE METAL THICKNESS,MEASURE POLY THICKNESS,MEASURE FILM THICKNESS,MEASURE SURFACE PARTICLES
valid_igbt_seq_0587_80,CURE PASSIVATION,ANNEAL DIELECTRIC,BACKSIDE ANNEAL,PASSIVATION ETCH PAD OPENING,FINAL CLEAN
valid_igbt_seq_0588_60,SOFT BAKE,BACKSIDE RINSE,DEPOSIT METAL SEED,ALIGN MASK LEVEL 5,ALIGN MASK LEVEL 4
valid_igbt_seq_0588_80,MEASURE PASSIVATION QUALITY,MEASURE PASSIVATION THICKNESS,MEASURE FILM THICKNESS,DEPOSIT PASSIVATION LAYER,MEASURE OXIDE THICKNESS
valid_igbt_seq_0589_60,CMP DIELECTRIC,CMP INTERLAYER DIELECTRIC,CMP VIA FILL,CMP METAL,DEPOSIT PASSIVATION LAYER
valid_igbt_seq_0589_80,CURE PASSIVATION,BACKSIDE ANNEAL,BACKSIDE RINSE,CLEAN PAD OPENING,POLYSILICON ANNEAL
valid_igbt_seq_0590_60,SPIN COAT PHOTORESIST,MEASURE METAL THICKNESS,MEASURE POLY THICKNESS,MEASURE FILM THICKNESS,MEASURE SURFACE PARTICLES
valid_igbt_seq_0590_80,DEPOSIT PASSIVATION LAYER,DEPOSIT PASSIVATION,MEASURE LINE WIDTH,DEPOSIT BARRIER METAL,DEPOSIT POLYSILICON
valid_igbt_seq_0591_60,MEASURE FILM THICKNESS,MEASURE DIELECTRIC THICKNESS,MEASURE OXIDE THICKNESS,SPIN COAT PHOTORESIST,PARAMETRIC TEST
valid_igbt_seq_0591_80,DEPOSIT PASSIVATION,DEPOSIT PASSIVATION LAYER,MEASURE LINE WIDTH,DEPOSIT BARRIER METAL,DEPOSIT POLYSILICON
valid_igbt_seq_0592_60,SOFT BAKE,BACKSIDE RINSE,DEPOSIT METAL SEED,ALIGN MASK LEVEL 5,ALIGN MASK LEVEL 4
valid_igbt_seq_0592_80,MEASURE PASSIVATION QUALITY,MEASURE PASSIVATION THICKNESS,MEASURE FILM THICKNESS,MEASURE OXIDE THICKNESS,MEASURE SURFACE PARTICLES
valid_igbt_seq_0593_60,SPIN COAT PHOTORESIST,MEASURE POLY THICKNESS,MEASURE METAL THICKNESS,MEASURE FILM THICKNESS,MEASURE SURFACE PARTICLES
valid_igbt_seq_0593_80,CURE PASSIVATION,BACKSIDE ANNEAL,BACKSIDE RINSE,POLYSILICON ANNEAL,ANNEAL DIELECTRIC
valid_igbt_seq_0594_60,MEASURE FILM THICKNESS,MEASURE DIELECTRIC THICKNESS,MEASURE OXIDE THICKNESS,SPIN COAT PHOTORESIST,DEPOSIT INTERLEVEL DIELECTRIC
valid_igbt_seq_0594_80,CURE PASSIVATION,BACKSIDE RINSE,BACKSIDE ANNEAL,CLEAN PAD OPENING,CLEAN AFTER METAL ETCH
valid_igbt_seq_0595_60,MEASURE PLANARITY,MEASURE SURFACE PLANARITY,MEASURE SURFACE PARTICLES,SPIN COAT PHOTORESIST,CMP DIELECTRIC
valid_igbt_seq_0595_80,MEASURE PASSIVATION QUALITY,MEASURE PASSIVATION THICKNESS,MEASURE FILM THICKNESS,MEASURE OXIDE THICKNESS,DEPOSIT PASSIVATION LAYER
valid_igbt_seq_0596_60,MEASURE PLANARITY,MEASURE SURFACE PLANARITY,SPIN COAT PHOTORESIST,MEASURE SURFACE PARTICLES,CMP DIELECTRIC
valid_igbt_seq_0596_80,CURE PASSIVATION,BACKSIDE ANNEAL,ANNEAL DIELECTRIC,PASSIVATION ETCH PAD OPENING,PASSIVATION ETCH
valid_igbt_seq_0597_60,SPIN COAT PHOTORESIST,MEASURE POLY THICKNESS,MEASURE METAL THICKNESS,MEASURE FILM THICKNESS,CMP DIELECTRIC
valid_igbt_seq_0597_80,CURE PASSIVATION,BACKSIDE RINSE,CLEAN PAD OPENING,ANNEAL DIELECTRIC,BACKSIDE ANNEAL
valid_igbt_seq_0598_60,CMP INTERLAYER DIELECTRIC,CMP DIELECTRIC,DENSIFY OXIDE,DENSIFY DIELECTRIC,CMP VIA FILL
valid_igbt_seq_0598_80,CURE PASSIVATION,CLEAN PAD OPENING,BACKSIDE RINSE,POLYSILICON ANNEAL,FINAL CLEAN
valid_igbt_seq_0599_60,MEASURE PLANARITY,MEASURE SURFACE PLANARITY,SPIN COAT PHOTORESIST,CMP DIELECTRIC,MEASURE SURFACE PARTICLES
valid_igbt_seq_0599_80,CURE PASSIVATION,BACKSIDE ANNEAL,ANNEAL DIELECTRIC,BACKSIDE RINSE,POLYSILICON ANNEAL
valid_igbt_seq_0600_60,MEASURE FILM THICKNESS,MEASURE DIELECTRIC THICKNESS,MEASURE OXIDE THICKNESS,SPIN COAT PHOTORESIST,MEASURE POLY THICKNESS
valid_igbt_seq_0600_80,CURE PASSIVATION,ANNEAL DIELECTRIC,CLEAN PAD OPENING,BACKSIDE RINSE,MEASURE PAD OPENING
valid_igbt_seq_0601_60,SPIN COAT PHOTORESIST,MEASURE METAL THICKNESS,MEASURE POLY THICKNESS,MEASURE FILM THICKNESS,MEASURE SURFACE PARTICLES
valid_igbt_seq_0601_80,CURE PASSIVATION,BACKSIDE RINSE,ANNEAL DIELECTRIC,CLEAN PAD OPENING,BACKSIDE ANNEAL
valid_igbt_seq_0602_60,CMP INTERLAYER DIELECTRIC,CMP DIELECTRIC,DENSIFY DIELECTRIC,DENSIFY OXIDE,CMP VIA FILL
valid_igbt_seq_0602_80,MEASURE LINE WIDTH,DEPOSIT PASSIVATION LAYER,DEPOSIT PASSIVATION,MEASURE VIA CD,DEPOSIT BARRIER METAL
valid_igbt_seq_0603_60,MEASURE SURFACE PLANARITY,MEASURE PLANARITY,CMP DIELECTRIC,CMP INTERLAYER DIELECTRIC,SPIN COAT PHOTORESIST
valid_igbt_seq_0603_80,DEPOSIT PASSIVATION,DEPOSIT PASSIVATION LAYER,MEASURE LINE WIDTH,DEPOSIT BARRIER METAL,IMPLANT SOURCE REGION
valid_igbt_seq_0604_60,SOFT BAKE,ALIGN MASK LEVEL 5,BACKSIDE RINSE,BREAKDOWN VOLTAGE TEST,DEPOSIT METAL SEED
valid_igbt_seq_0604_80,CURE PASSIVATION,BACKSIDE ANNEAL,ANNEAL DIELECTRIC,POLYSILICON ANNEAL,PASSIVATION ETCH PAD OPENING
valid_igbt_seq_0605_60,MEASURE PLANARITY,MEASURE SURFACE PLANARITY,CMP DIELECTRIC,SPIN COAT PHOTORESIST,CMP INTERLAYER DIELECTRIC
valid_igbt_seq_0605_80,DEPOSIT PASSIVATION LAYER,DEPOSIT PASSIVATION,MEASURE LINE WIDTH,DEPOSIT POLYSILICON,DEPOSIT BARRIER METAL
valid_igbt_seq_0606_60,CMP INTERLAYER DIELECTRIC,CMP DIELECTRIC,DENSIFY OXIDE,DEPOSIT INTERLEVEL DIELECTRIC,DENSIFY DIELECTRIC
valid_igbt_seq_0606_80,MEASURE LINE WIDTH,DEPOSIT PASSIVATION LAYER,DEPOSIT PASSIVATION,MEASURE PASSIVATION QUALITY,MEASURE PASSIVATION THICKNESS
valid_igbt_seq_0607_60,MEASURE SURFACE PLANARITY,MEASURE PLANARITY,CMP DIELECTRIC,SPIN COAT PHOTORESIST,CMP INTERLAYER DIELECTRIC
valid_igbt_seq_0607_80,MEASURE PASSIVATION QUALITY,MEASURE PASSIVATION THICKNESS,MEASURE FILM THICKNESS,DEPOSIT PASSIVATION LAYER,MEASURE OXIDE THICKNESS
valid_igbt_seq_0608_60,SPIN COAT PHOTORESIST,MEASURE METAL THICKNESS,MEASURE POLY THICKNESS,MEASURE FILM THICKNESS,MEASURE SURFACE PARTICLES
valid_igbt_seq_0608_80,MEASURE LINE WIDTH,DEPOSIT PASSIVATION LAYER,DEPOSIT PASSIVATION,CMP METAL,PASSIVATION ETCH
valid_igbt_seq_0609_60,SPIN COAT PHOTORESIST,MEASURE METAL THICKNESS,MEASURE POLY THICKNESS,MEASURE FILM THICKNESS,MEASURE SURFACE PARTICLES
valid_igbt_seq_0609_80,MEASURE PASSIVATION THICKNESS,MEASURE PASSIVATION QUALITY,MEASURE FILM THICKNESS,DEPOSIT PASSIVATION LAYER,MEASURE OXIDE THICKNESS
valid_igbt_seq_0610_60,SPIN COAT PHOTORESIST,MEASURE METAL THICKNESS,MEASURE POLY THICKNESS,MEASURE FILM THICKNESS,MEASURE SURFACE PARTICLES
valid_igbt_seq_0610_80,CURE PASSIVATION,BACKSIDE RINSE,BACKSIDE ANNEAL,CLEAN PAD OPENING,POLYSILICON ANNEAL
valid_igbt_seq_0611_60,SPIN COAT PHOTORESIST,MEASURE METAL THICKNESS,MEASURE POLY THICKNESS,MEASURE FILM THICKNESS,MEASURE SURFACE PARTICLES
valid_igbt_seq_0611_80,CURE PASSIVATION,BACKSIDE ANNEAL,ANNEAL DIELECTRIC,BACKSIDE RINSE,PASSIVATION ETCH PAD OPENING
valid_igbt_seq_0612_60,SOFT BAKE,BACKSIDE RINSE,DEPOSIT METAL SEED,ALIGN MASK LEVEL 5,ALIGN MASK LEVEL 4
valid_igbt_seq_0612_80,CURE PASSIVATION,POLYSILICON ANNEAL,CLEAN PAD OPENING,BACKSIDE RINSE,BACKSIDE ANNEAL
valid_igbt_seq_0613_60,CMP DIELECTRIC,CMP INTERLAYER DIELECTRIC,CMP VIA FILL,CMP METAL,MEASURE SURFACE PLANARITY
valid_igbt_seq_0613_80,CURE PASSIVATION,BACKSIDE ANNEAL,ANNEAL DIELECTRIC,POLYSILICON ANNEAL,BACKSIDE RINSE
valid_igbt_seq_0614_60,MEASURE SURFACE PLANARITY,MEASURE PLANARITY,CMP INTERLAYER DIELECTRIC,CMP DIELECTRIC,SPIN COAT PHOTORESIST
valid_igbt_seq_0614_80,CURE PASSIVATION,POLYSILICON ANNEAL,BACKSIDE ANNEAL,CLEAN PAD OPENING,BACKSIDE RINSE
valid_igbt_seq_0615_60,SOFT BAKE,DEPOSIT METAL SEED,ALIGN MASK LEVEL 5,BACKSIDE RINSE,ALIGN MASK LEVEL 4
valid_igbt_seq_0615_80,CURE PASSIVATION,BACKSIDE RINSE,CLEAN PAD OPENING,MEASURE BACKSIDE CONTACT,BACKSIDE ANNEAL
valid_igbt_seq_0616_60,MEASURE PLANARITY,MEASURE SURFACE PLANARITY,CMP INTERLAYER DIELECTRIC,CMP DIELECTRIC,SPIN COAT PHOTORESIST
valid_igbt_seq_0616_80,CURE PASSIVATION,CLEAN PAD OPENING,BACKSIDE RINSE,BACKSIDE ANNEAL,ANNEAL DIELECTRIC
valid_igbt_seq_0617_60,SOFT BAKE,ALIGN MASK LEVEL 5,BACKSIDE RINSE,DEPOSIT METAL SEED,ALIGN MASK LEVEL 4
valid_igbt_seq_0617_80,DEPOSIT PASSIVATION LAYER,DEPOSIT PASSIVATION,MEASURE LINE WIDTH,DEPOSIT POLYSILICON,DEPOSIT BARRIER METAL
valid_igbt_seq_0618_60,CMP DIELECTRIC,CMP INTERLAYER DIELECTRIC,CMP VIA FILL,CMP METAL,DENSIFY OXIDE
valid_igbt_seq_0618_80,CLEAN AFTER METAL ETCH,CLEAN PAD OPENING,CLEAN AFTER OXIDE ETCH,CLEAN AFTER WINDOW ETCH,CLEAN AFTER FIELD ETCH
valid_igbt_seq_0619_60,MEASURE PLANARITY,MEASURE SURFACE PLANARITY,CMP DIELECTRIC,CMP INTERLAYER DIELECTRIC,SPIN COAT PHOTORESIST
valid_igbt_seq_0619_80,MEASURE PASSIVATION QUALITY,MEASURE PASSIVATION THICKNESS,MEASURE FILM THICKNESS,MEASURE OXIDE THICKNESS,DEPOSIT PASSIVATION LAYER
valid_igbt_seq_0620_60,CMP INTERLAYER DIELECTRIC,CMP DIELECTRIC,CMP VIA FILL,CMP METAL,DEPOSIT INTERLEVEL DIELECTRIC
valid_igbt_seq_0620_80,CURE PASSIVATION,BACKSIDE RINSE,BACKSIDE ANNEAL,DEPOSIT METAL SEED,CLEAN PAD OPENING
valid_igbt_seq_0621_60,CMP INTERLAYER DIELECTRIC,CMP DIELECTRIC,CMP VIA FILL,CMP METAL,DENSIFY OXIDE
valid_igbt_seq_0621_80,MEASURE LINE WIDTH,DEPOSIT PASSIVATION,DEPOSIT PASSIVATION LAYER,MEASURE VIA CD,DEPOSIT BARRIER METAL
valid_igbt_seq_0622_60,SOFT BAKE,ALIGN MASK LEVEL 5,BACKSIDE RINSE,DEPOSIT METAL SEED,ALIGN MASK LEVEL 4
valid_igbt_seq_0622_80,MEASURE PASSIVATION QUALITY,MEASURE PASSIVATION THICKNESS,MEASURE FILM THICKNESS,MEASURE OXIDE THICKNESS,DEPOSIT PASSIVATION LAYER
valid_igbt_seq_0623_60,SPIN COAT PHOTORESIST,MEASURE METAL THICKNESS,MEASURE POLY THICKNESS,MEASURE FILM THICKNESS,MEASURE SURFACE PARTICLES
valid_igbt_seq_0623_80,CURE PASSIVATION,ANNEAL DIELECTRIC,BACKSIDE ANNEAL,PASSIVATION ETCH PAD OPENING,BACKSIDE RINSE
valid_igbt_seq_0624_60,MEASURE PLANARITY,MEASURE SURFACE PLANARITY,CMP DIELECTRIC,CMP INTERLAYER DIELECTRIC,SPIN COAT PHOTORESIST
valid_igbt_seq_0624_80,CURE PASSIVATION,BACKSIDE RINSE,BACKSIDE ANNEAL,POLYSILICON ANNEAL,CLEAN PAD OPENING
valid_igbt_seq_0625_60,MEASURE SURFACE PLANARITY,MEASURE PLANARITY,CMP DIELECTRIC,CMP INTERLAYER DIELECTRIC,SPIN COAT PHOTORESIST
valid_igbt_seq_0625_80,DEPOSIT PASSIVATION,DEPOSIT PASSIVATION LAYER,MEASURE LINE WIDTH,DEPOSIT BARRIER METAL,DEPOSIT POLYSILICON
valid_igbt_seq_0626_60,DENSIFY OXIDE,DENSIFY DIELECTRIC,ANNEAL METAL 1,ANNEAL METAL,THERMAL OXIDATION
valid_igbt_seq_0626_80,DEPOSIT PASSIVATION LAYER,DEPOSIT PASSIVATION,MEASURE LINE WIDTH,DEPOSIT BARRIER METAL,DEPOSIT POLYSILICON
valid_igbt_seq_0627_60,CMP INTERLAYER DIELECTRIC,CMP DIELECTRIC,CMP VIA FILL,CMP METAL,DENSIFY DIELECTRIC
valid_igbt_seq_0627_80,DEPOSIT PASSIVATION,DEPOSIT PASSIVATION LAYER,MEASURE LINE WIDTH,DEPOSIT BARRIER METAL,IMPLANT SOURCE REGION
valid_igbt_seq_0628_60,SPIN COAT PHOTORESIST,MEASURE METAL THICKNESS,MEASURE POLY THICKNESS,MEASURE FILM THICKNESS,MEASURE SURFACE PARTICLES
valid_igbt_seq_0628_80,MEASURE PASSIVATION THICKNESS,MEASURE PASSIVATION QUALITY,MEASURE FILM THICKNESS,MEASURE OXIDE THICKNESS,MEASURE OXIDE QUALITY
valid_igbt_seq_0629_60,MEASURE SURFACE PLANARITY,MEASURE PLANARITY,CMP DIELECTRIC,CMP INTERLAYER DIELECTRIC,MEASURE SURFACE PARTICLES
valid_igbt_seq_0629_80,CURE PASSIVATION,BACKSIDE RINSE,BACKSIDE ANNEAL,CLEAN PAD OPENING,POLYSILICON ANNEAL
valid_igbt_seq_0630_60,SPIN COAT PHOTORESIST,MEASURE METAL THICKNESS,MEASURE POLY THICKNESS,MEASURE FILM THICKNESS,MEASURE SURFACE PARTICLES
valid_igbt_seq_0630_80,CURE PASSIVATION,BACKSIDE ANNEAL,BACKSIDE RINSE,POLYSILICON ANNEAL,CLEAN PAD OPENING
valid_igbt_seq_0631_60,SPIN COAT PHOTORESIST,MEASURE POLY THICKNESS,MEASURE METAL THICKNESS,MEASURE FILM THICKNESS,MEASURE SURFACE PARTICLES
valid_igbt_seq_0631_80,DEPOSIT PASSIVATION,DEPOSIT PASSIVATION LAYER,MEASURE LINE WIDTH,DEPOSIT INTERLAYER DIELECTRIC,DEPOSIT POLYSILICON
valid_igbt_seq_0632_60,CMP INTERLAYER DIELECTRIC,CMP DIELECTRIC,DEPOSIT INTERLEVEL DIELECTRIC,DEPOSIT INTERLAYER DIELECTRIC,DENSIFY OXIDE
valid_igbt_seq_0632_80,MEASURE PASSIVATION QUALITY,MEASURE PASSIVATION THICKNESS,MEASURE FILM THICKNESS,MEASURE OXIDE THICKNESS,MEASURE OXIDE QUALITY
valid_igbt_seq_0633_60,MEASURE PLANARITY,MEASURE SURFACE PLANARITY,CMP DIELECTRIC,MEASURE SURFACE PARTICLES,SPIN COAT PHOTORESIST
valid_igbt_seq_0633_80,CURE PASSIVATION,PASSIVATION ETCH PAD OPENING,PASSIVATION ETCH,ANNEAL DIELECTRIC,BACKSIDE ANNEAL
valid_igbt_seq_0634_60,SPIN COAT PHOTORESIST,MEASURE METAL THICKNESS,MEASURE POLY THICKNESS,MEASURE FILM THICKNESS,MEASURE SURFACE PARTICLES
valid_igbt_seq_0634_80,MEASURE LINE WIDTH,DEPOSIT PASSIVATION,DEPOSIT PASSIVATION LAYER,PARAMETRIC TEST,DEPOSIT POLYSILICON
valid_igbt_seq_0635_60,SOFT BAKE,DEPOSIT METAL SEED,ALIGN MASK LEVEL 5,BACKSIDE RINSE,ALIGN MASK LEVEL 4
valid_igbt_seq_0635_80,CURE PASSIVATION,BACKSIDE RINSE,BACKSIDE ANNEAL,CLEAN PAD OPENING,POLYSILICON ANNEAL
valid_igbt_seq_0636_60,MEASURE PLANARITY,MEASURE SURFACE PLANARITY,CMP DIELECTRIC,CMP INTERLAYER DIELECTRIC,SPIN COAT PHOTORESIST
valid_igbt_seq_0636_80,CURE PASSIVATION,BACKSIDE ANNEAL,CLEAN PAD OPENING,ANNEAL DIELECTRIC,POLYSILICON ANNEAL
valid_igbt_seq_0637_60,SOFT BAKE,DEPOSIT METAL SEED,BACKSIDE RINSE,ALIGN MASK LEVEL 5,ALIGN MASK LEVEL 4
valid_igbt_seq_0637_80,MEASURE PASSIVATION QUALITY,MEASURE PASSIVATION THICKNESS,MEASURE FILM THICKNESS,MEASURE OXIDE THICKNESS,DEPOSIT PASSIVATION LAYER
valid_igbt_seq_0638_60,SPIN COAT PHOTORESIST,MEASURE METAL THICKNESS,MEASURE POLY THICKNESS,MEASURE FILM THICKNESS,MEASURE SURFACE PARTICLES
valid_igbt_seq_0638_80,CURE PASSIVATION,BACKSIDE ANNEAL,BACKSIDE RINSE,CLEAN PAD OPENING,POLYSILICON ANNEAL
valid_igbt_seq_0639_60,SPIN COAT PHOTORESIST,MEASURE METAL THICKNESS,MEASURE POLY THICKNESS,MEASURE FILM THICKNESS,MEASURE SURFACE PARTICLES
valid_igbt_seq_0639_80,CURE PASSIVATION,PASSIVATION ETCH PAD OPENING,PASSIVATION ETCH,ANNEAL DIELECTRIC,BACKSIDE ANNEAL
valid_igbt_seq_0640_60,CMP DIELECTRIC,CMP INTERLAYER DIELECTRIC,DENSIFY OXIDE,DENSIFY DIELECTRIC,CMP VIA FILL
valid_igbt_seq_0640_80,CURE PASSIVATION,ANNEAL DIELECTRIC,BACKSIDE ANNEAL,FINAL CLEAN,BACKSIDE RINSE
valid_igbt_seq_0641_60,SPIN COAT PHOTORESIST,MEASURE METAL THICKNESS,MEASURE POLY THICKNESS,MEASURE FILM THICKNESS,MEASURE SURFACE PARTICLES
valid_igbt_seq_0641_80,MEASURE PASSIVATION QUALITY,MEASURE PASSIVATION THICKNESS,MEASURE FILM THICKNESS,MEASURE OXIDE THICKNESS,DEPOSIT PASSIVATION LAYER
valid_igbt_seq_0642_60,SPIN COAT PHOTORESIST,MEASURE METAL THICKNESS,MEASURE POLY THICKNESS,MEASURE FILM THICKNESS,MEASURE SURFACE PARTICLES
valid_igbt_seq_0642_80,CURE PASSIVATION,BACKSIDE ANNEAL,ANNEAL DIELECTRIC,BACKSIDE RINSE,PASSIVATION ETCH PAD OPENING
valid_igbt_seq_0643_60,SPIN COAT PHOTORESIST,MEASURE POLY THICKNESS,MEASURE METAL THICKNESS,MEASURE FILM THICKNESS,CMP DIELECTRIC
valid_igbt_seq_0643_80,DEPOSIT PASSIVATION LAYER,DEPOSIT PASSIVATION,MEASURE LINE WIDTH,DEPOSIT POLYSILICON,MEASURE PASSIVATION THICKNESS
valid_igbt_seq_0644_60,SOFT BAKE,ALIGN MASK LEVEL 5,BACKSIDE RINSE,DEPOSIT METAL SEED,ALIGN MASK LEVEL 4
valid_igbt_seq_0644_80,CURE PASSIVATION,CLEAN PAD OPENING,ANNEAL DIELECTRIC,POLYSILICON ANNEAL,MEASURE PAD OPENING
valid_igbt_seq_0645_60,MEASURE PLANARITY,MEASURE SURFACE PLANARITY,SPIN COAT PHOTORESIST,MEASURE POLY THICKNESS,CMP DIELECTRIC
valid_igbt_seq_0645_80,CURE PASSIVATION,BACKSIDE ANNEAL,BACKSIDE RINSE,ANNEAL DIELECTRIC,CLEAN PAD OPENING
valid_igbt_seq_0646_60,ALIGN MASK LEVEL 5,ALIGN MASK LEVEL 6,ALIGN MASK LEVEL 1,ALIGN MASK LEVEL 3,BREAKDOWN VOLTAGE TEST
valid_igbt_seq_0646_80,MEASURE PASSIVATION QUALITY,MEASURE PASSIVATION THICKNESS,MEASURE FILM THICKNESS,MEASURE OXIDE THICKNESS,MEASURE OXIDE QUALITY
valid_igbt_seq_0647_60,MEASURE SURFACE PLANARITY,MEASURE PLANARITY,CMP DIELECTRIC,CMP INTERLAYER DIELECTRIC,SPIN COAT PHOTORESIST
valid_igbt_seq_0647_80,CURE PASSIVATION,BACKSIDE ANNEAL,BACKSIDE RINSE,POLYSILICON ANNEAL,CLEAN PAD OPENING
valid_igbt_seq_0648_60,SPIN COAT PHOTORESIST,MEASURE METAL THICKNESS,MEASURE POLY THICKNESS,MEASURE FILM THICKNESS,MEASURE SURFACE PARTICLES
valid_igbt_seq_0648_80,MEASURE PASSIVATION QUALITY,MEASURE PASSIVATION THICKNESS,MEASURE FILM THICKNESS,MEASURE OXIDE THICKNESS,DEPOSIT PASSIVATION LAYER
valid_igbt_seq_0649_60,MEASURE FILM THICKNESS,MEASURE DIELECTRIC THICKNESS,MEASURE OXIDE THICKNESS,SPIN COAT PHOTORESIST,PARAMETRIC TEST
valid_igbt_seq_0649_80,CURE PASSIVATION,BACKSIDE ANNEAL,ANNEAL DIELECTRIC,POLYSILICON ANNEAL,ANNEAL METAL 1
valid_igbt_seq_0650_60,SPIN COAT PHOTORESIST,MEASURE METAL THICKNESS,MEASURE POLY THICKNESS,MEASURE FILM THICKNESS,MEASURE SURFACE PARTICLES
valid_igbt_seq_0650_80,CURE PASSIVATION,BACKSIDE ANNEAL,PASSIVATION ETCH PAD OPENING,ANNEAL DIELECTRIC,BACKSIDE RINSE
valid_igbt_seq_0651_60,MEASURE FILM THICKNESS,MEASURE DIELECTRIC THICKNESS,MEASURE OXIDE THICKNESS,SPIN COAT PHOTORESIST,PARAMETRIC TEST
valid_igbt_seq_0651_80,CURE PASSIVATION,POLYSILICON ANNEAL,BACKSIDE ANNEAL,CLEAN PAD OPENING,ANNEAL DIELECTRIC
valid_igbt_seq_0652_60,CMP INTERLAYER DIELECTRIC,CMP DIELECTRIC,CMP VIA FILL,CMP METAL,DENSIFY OXIDE
valid_igbt_seq_0652_80,DEPOSIT PASSIVATION LAYER,DEPOSIT PASSIVATION,MEASURE LINE WIDTH,DEPOSIT POLYSILICON,MEASURE PASSIVATION THICKNESS
valid_igbt_seq_0653_60,SPIN COAT PHOTORESIST,MEASURE METAL THICKNESS,MEASURE POLY THICKNESS,MEASURE FILM THICKNESS,MEASURE SURFACE PARTICLES
valid_igbt_seq_0653_80,CURE PASSIVATION,BACKSIDE ANNEAL,POLYSILICON ANNEAL,BACKSIDE RINSE,CLEAN PAD OPENING
valid_igbt_seq_0654_60,SOFT BAKE,BACKSIDE RINSE,ALIGN MASK LEVEL 5,DEPOSIT METAL SEED,ALIGN MASK LEVEL 4
valid_igbt_seq_0654_80,MEASURE PASSIVATION QUALITY,MEASURE PASSIVATION THICKNESS,MEASURE FILM THICKNESS,MEASURE OXIDE THICKNESS,DEPOSIT PASSIVATION LAYER
valid_igbt_seq_0655_60,SPIN COAT PHOTORESIST,MEASURE POLY THICKNESS,MEASURE METAL THICKNESS,MEASURE FILM THICKNESS,MEASURE SURFACE PARTICLES
valid_igbt_seq_0655_80,CURE PASSIVATION,ANNEAL DIELECTRIC,BACKSIDE RINSE,CLEAN PAD OPENING,BACKSIDE ANNEAL
valid_igbt_seq_0656_60,MEASURE FILM THICKNESS,MEASURE DIELECTRIC THICKNESS,MEASURE OXIDE THICKNESS,SPIN COAT PHOTORESIST,PARAMETRIC TEST
valid_igbt_seq_0656_80,CLEAN AFTER METAL ETCH,CLEAN AFTER OXIDE ETCH,CLEAN PAD OPENING,CLEAN AFTER WINDOW ETCH,CLEAN AFTER FIELD ETCH
valid_igbt_seq_0657_60,SOFT BAKE,BACKSIDE RINSE,ALIGN MASK LEVEL 5,DEPOSIT METAL SEED,ALIGN MASK LEVEL 4
valid_igbt_seq_0657_80,MEASURE PASSIVATION QUALITY,MEASURE PASSIVATION THICKNESS,MEASURE FILM THICKNESS,DEPOSIT PASSIVATION LAYER,MEASURE OXIDE THICKNESS
valid_igbt_seq_0658_60,MEASURE SURFACE PLANARITY,MEASURE PLANARITY,CMP DIELECTRIC,CMP INTERLAYER DIELECTRIC,MEASURE SURFACE PARTICLES
valid_igbt_seq_0658_80,DEPOSIT PASSIVATION LAYER,DEPOSIT PASSIVATION,MEASURE LINE WIDTH,DEPOSIT POLYSILICON,MEASURE PASSIVATION THICKNESS
valid_igbt_seq_0659_60,SPIN COAT PHOTORESIST,MEASURE POLY THICKNESS,MEASURE METAL THICKNESS,MEASURE FILM THICKNESS,CMP DIELECTRIC
valid_igbt_seq_0659_80,CURE PASSIVATION,BACKSIDE RINSE,CLEAN PAD OPENING,BACKSIDE ANNEAL,MEASURE BACKSIDE CONTACT
valid_igbt_seq_0660_60,MEASURE PLANARITY,MEASURE SURFACE PLANARITY,SPIN COAT PHOTORESIST,MEASURE SURFACE PARTICLES,CMP DIELECTRIC
valid_igbt_seq_0660_80,MEASURE PASSIVATION QUALITY,MEASURE PASSIVATION THICKNESS,MEASURE FILM THICKNESS,MEASURE OXIDE THICKNESS,DEPOSIT PASSIVATION LAYER
valid_igbt_seq_0661_60,SOFT BAKE,ALIGN MASK LEVEL 5,DEPOSIT METAL SEED,BACKSIDE RINSE,BREAKDOWN VOLTAGE TEST
valid_igbt_seq_0661_80,MEASURE PASSIVATION QUALITY,MEASURE PASSIVATION THICKNESS,MEASURE FILM THICKNESS,MEASURE OXIDE THICKNESS,DEPOSIT PASSIVATION LAYER
valid_igbt_seq_0662_60,MEASURE PLANARITY,MEASURE SURFACE PLANARITY,MEASURE SURFACE PARTICLES,SPIN COAT PHOTORESIST,CMP DIELECTRIC
valid_igbt_seq_0662_80,CURE PASSIVATION,PASSIVATION ETCH PAD OPENING,PASSIVATION ETCH,BACKSIDE ANNEAL,ANNEAL DIELECTRIC
valid_igbt_seq_0663_60,SPIN COAT PHOTORESIST,MEASURE METAL THICKNESS,MEASURE POLY THICKNESS,MEASURE FILM THICKNESS,MEASURE SURFACE PARTICLES
valid_igbt_seq_0663_80,MEASURE PASSIVATION QUALITY,MEASURE PASSIVATION THICKNESS,MEASURE FILM THICKNESS,DEPOSIT PASSIVATION LAYER,MEASURE OXIDE THICKNESS
valid_igbt_seq_0664_60,SOFT BAKE,ALIGN MASK LEVEL 5,DEPOSIT METAL SEED,BACKSIDE RINSE,ALIGN MASK LEVEL 4
valid_igbt_seq_0664_80,CURE PASSIVATION,BACKSIDE ANNEAL,BACKSIDE RINSE,POLYSILICON ANNEAL,CLEAN PAD OPENING
valid_igbt_seq_0665_60,MEASURE DIELECTRIC THICKNESS,MEASURE FILM THICKNESS,MEASURE OXIDE THICKNESS,SPIN COAT PHOTORESIST,PARAMETRIC TEST
valid_igbt_seq_0665_80,DEPOSIT PASSIVATION LAYER,DEPOSIT PASSIVATION,MEASURE LINE WIDTH,DEPOSIT BARRIER METAL,DEPOSIT POLYSILICON
valid_igbt_seq_0666_60,CMP DIELECTRIC,CMP INTERLAYER DIELECTRIC,CMP VIA FILL,DENSIFY OXIDE,CMP METAL
valid_igbt_seq_0666_80,MEASURE PASSIVATION QUALITY,MEASURE PASSIVATION THICKNESS,MEASURE FILM THICKNESS,DEPOSIT PASSIVATION LAYER,MEASURE OXIDE THICKNESS
valid_igbt_seq_0667_60,MEASURE DIELECTRIC THICKNESS,MEASURE FILM THICKNESS,MEASURE OXIDE THICKNESS,SPIN COAT PHOTORESIST,PARAMETRIC TEST
valid_igbt_seq_0667_80,DEPOSIT PASSIVATION LAYER,DEPOSIT PASSIVATION,MEASURE LINE WIDTH,DEPOSIT POLYSILICON,DEPOSIT BARRIER METAL
valid_igbt_seq_0668_60,SPIN COAT PHOTORESIST,MEASURE METAL THICKNESS,MEASURE POLY THICKNESS,MEASURE FILM THICKNESS,MEASURE SURFACE PARTICLES
valid_igbt_seq_0668_80,MEASURE PASSIVATION QUALITY,MEASURE PASSIVATION THICKNESS,MEASURE FILM THICKNESS,DEPOSIT PASSIVATION LAYER,MEASURE OXIDE THICKNESS
valid_igbt_seq_0669_60,MEASURE PLANARITY,MEASURE SURFACE PLANARITY,CMP DIELECTRIC,CMP INTERLAYER DIELECTRIC,SPIN COAT PHOTORESIST
valid_igbt_seq_0669_80,CURE PASSIVATION,BACKSIDE ANNEAL,ANNEAL METAL 1,POLYSILICON ANNEAL,ANNEAL METAL
valid_igbt_seq_0670_60,MEASURE PLANARITY,MEASURE SURFACE PLANARITY,SPIN COAT PHOTORESIST,CMP DIELECTRIC,MEASURE SURFACE PARTICLES
valid_igbt_seq_0670_80,DEPOSIT PASSIVATION LAYER,DEPOSIT PASSIVATION,MEASURE LINE WIDTH,DEPOSIT BARRIER METAL,DEPOSIT POLYSILICON
valid_igbt_seq_0671_60,SPIN COAT PHOTORESIST,MEASURE POLY THICKNESS,MEASURE METAL THICKNESS,MEASURE FILM THICKNESS,MEASURE SURFACE PARTICLES
valid_igbt_seq_0671_80,DEPOSIT PASSIVATION LAYER,DEPOSIT PASSIVATION,MEASURE LINE WIDTH,DEPOSIT POLYSILICON,DEPOSIT BARRIER METAL
valid_igbt_seq_0672_60,EXPOSE LITHO LEVEL 5,MEASURE EPITAXY THICKNESS,EXPOSE LITHO LEVEL 6,EXPOSE LITHO LEVEL 1,EXPOSE LITHO LEVEL 3
valid_igbt_seq_0672_80,CURE PASSIVATION,BACKSIDE ANNEAL,CLEAN PAD OPENING,POLYSILICON ANNEAL,ANNEAL DIELECTRIC
valid_igbt_seq_0673_60,SPIN COAT PHOTORESIST,MEASURE METAL THICKNESS,MEASURE POLY THICKNESS,MEASURE FILM THICKNESS,CMP DIELECTRIC
valid_igbt_seq_0673_80,MEASURE PASSIVATION QUALITY,MEASURE PASSIVATION THICKNESS,DEPOSIT PASSIVATION LAYER,MEASURE FILM THICKNESS,MEASURE LINE WIDTH
valid_igbt_seq_0674_60,CMP INTERLAYER DIELECTRIC,CMP DIELECTRIC,CMP VIA FILL,CMP METAL,DENSIFY DIELECTRIC
valid_igbt_seq_0674_80,DEPOSIT PASSIVATION LAYER,DEPOSIT PASSIVATION,MEASURE LINE WIDTH,DEPOSIT POLYSILICON,DEPOSIT BARRIER METAL
valid_igbt_seq_0675_60,SPIN COAT PHOTORESIST,MEASURE POLY THICKNESS,MEASURE METAL THICKNESS,MEASURE FILM THICKNESS,CMP DIELECTRIC
valid_igbt_seq_0675_80,MEASURE PASSIVATION QUALITY,MEASURE PASSIVATION THICKNESS,MEASURE FILM THICKNESS,DEPOSIT PASSIVATION LAYER,DEPOSIT PASSIVATION
valid_igbt_seq_0676_60,MEASURE SURFACE PLANARITY,MEASURE PLANARITY,CMP DIELECTRIC,CMP INTERLAYER DIELECTRIC,SPIN COAT PHOTORESIST
valid_igbt_seq_0676_80,CURE PASSIVATION,POLYSILICON ANNEAL,ANNEAL METAL 1,BACKSIDE ANNEAL,ANNEAL METAL
valid_igbt_seq_0677_60,ALIGN MASK LEVEL 5,ALIGN MASK LEVEL 6,ALIGN MASK LEVEL 1,ALIGN MASK LEVEL 3,LEAKAGE TEST
valid_igbt_seq_0677_80,CURE PASSIVATION,BACKSIDE ANNEAL,BACKSIDE RINSE,POLYSILICON ANNEAL,CLEAN PAD OPENING
valid_igbt_seq_0678_60,CMP INTERLAYER DIELECTRIC,CMP DIELECTRIC,CMP VIA FILL,CMP METAL,DEPOSIT INTERLEVEL DIELECTRIC
valid_igbt_seq_0678_80,MEASURE LINE WIDTH,DEPOSIT PASSIVATION LAYER,DEPOSIT PASSIVATION,PASSIVATION ETCH,PASSIVATION ETCH PAD OPENING
valid_igbt_seq_0679_60,CMP INTERLAYER DIELECTRIC,CMP DIELECTRIC,CMP VIA FILL,DENSIFY OXIDE,DENSIFY DIELECTRIC
valid_igbt_seq_0679_80,CURE PASSIVATION,BACKSIDE ANNEAL,SHIP LOT,POLYSILICON ANNEAL,ANNEAL DIELECTRIC
valid_igbt_seq_0680_60,SOFT BAKE,ALIGN MASK LEVEL 5,DEPOSIT METAL SEED,ALIGN MASK LEVEL 4,BACKSIDE RINSE
valid_igbt_seq_0680_80,OPEN PAD WINDOW,OPEN BOND PAD WINDOW,PAD WINDOW LITHO,OPEN PAD WINDOW LITHO,DEVELOP PAD WINDOW
valid_igbt_seq_0681_60,SPIN COAT PHOTORESIST,MEASURE POLY THICKNESS,MEASURE METAL THICKNESS,MEASURE FILM THICKNESS,MEASURE SURFACE PARTICLES
valid_igbt_seq_0681_80,CURE PASSIVATION,ANNEAL DIELECTRIC,BACKSIDE ANNEAL,CLEAN PAD OPENING,POLYSILICON ANNEAL
valid_igbt_seq_0682_60,SPIN COAT PHOTORESIST,MEASURE METAL THICKNESS,MEASURE POLY THICKNESS,MEASURE FILM THICKNESS,MEASURE SURFACE PARTICLES
valid_igbt_seq_0682_80,CURE PASSIVATION,BACKSIDE ANNEAL,ANNEAL DIELECTRIC,MEASURE PAD OPENING,PASSIVATION ETCH PAD OPENING
valid_igbt_seq_0683_60,MEASURE PLANARITY,MEASURE SURFACE PLANARITY,CMP DIELECTRIC,CMP INTERLAYER DIELECTRIC,MEASURE SURFACE PARTICLES
valid_igbt_seq_0683_80,CURE PASSIVATION,BACKSIDE ANNEAL,ANNEAL DIELECTRIC,BACKSIDE RINSE,POLYSILICON ANNEAL
valid_igbt_seq_0684_60,SPIN COAT PHOTORESIST,MEASURE POLY THICKNESS,MEASURE METAL THICKNESS,MEASURE FILM THICKNESS,MEASURE SURFACE PARTICLES
valid_igbt_seq_0684_80,CURE PASSIVATION,BACKSIDE RINSE,ANNEAL DIELECTRIC,CLEAN PAD OPENING,BACKSIDE ANNEAL
valid_igbt_seq_0685_60,MEASURE PLANARITY,MEASURE SURFACE PLANARITY,SPIN COAT PHOTORESIST,MEASURE SURFACE PARTICLES,CMP DIELECTRIC
valid_igbt_seq_0685_80,CURE PASSIVATION,BACKSIDE ANNEAL,POLYSILICON ANNEAL,ANNEAL METAL 1,CLEAN PAD OPENING
valid_igbt_seq_0686_60,CMP INTERLAYER DIELECTRIC,CMP DIELECTRIC,DENSIFY OXIDE,DENSIFY DIELECTRIC,CMP VIA FILL
valid_igbt_seq_0686_80,MEASURE LINE WIDTH,DEPOSIT PASSIVATION,DEPOSIT PASSIVATION LAYER,DEPOSIT INTERLAYER DIELECTRIC,DEPOSIT INTERLEVEL DIELECTRIC
valid_igbt_seq_0687_60,MEASURE PLANARITY,MEASURE SURFACE PLANARITY,CMP DIELECTRIC,CMP INTERLAYER DIELECTRIC,MEASURE SURFACE PARTICLES
valid_igbt_seq_0687_80,CURE PASSIVATION,BACKSIDE RINSE,BACKSIDE ANNEAL,CLEAN PAD OPENING,POLYSILICON ANNEAL
valid_igbt_seq_0688_60,CMP DIELECTRIC,CMP INTERLAYER DIELECTRIC,CMP VIA FILL,DENSIFY OXIDE,CMP METAL
valid_igbt_seq_0688_80,CURE PASSIVATION,BACKSIDE ANNEAL,ANNEAL DIELECTRIC,PASSIVATION ETCH PAD OPENING,BACKSIDE RINSE
valid_igbt_seq_0689_60,CMP INTERLAYER DIELECTRIC,CMP DIELECTRIC,CMP VIA FILL,CMP METAL,DENSIFY OXIDE
valid_igbt_seq_0689_80,CURE PASSIVATION,BACKSIDE ANNEAL,POLYSILICON ANNEAL,BACKSIDE RINSE,CLEAN PAD OPENING
valid_igbt_seq_0690_60,MEASURE PLANARITY,MEASURE SURFACE PLANARITY,SPIN COAT PHOTORESIST,CMP DIELECTRIC,CMP INTERLAYER DIELECTRIC
valid_igbt_seq_0690_80,CURE PASSIVATION,BACKSIDE RINSE,CLEAN PAD OPENING,ANNEAL DIELECTRIC,PASSIVATION ETCH PAD OPENING
valid_igbt_seq_0691_60,MEASURE SURFACE PLANARITY,MEASURE PLANARITY,CMP DIELECTRIC,CMP INTERLAYER DIELECTRIC,MEASURE SURFACE PARTICLES
valid_igbt_seq_0691_80,OPEN PAD WINDOW,OPEN BOND PAD WINDOW,PAD WINDOW LITHO,OPEN PAD WINDOW LITHO,FINAL LOT RELEASE
valid_igbt_seq_0692_60,MEASURE PLANARITY,MEASURE SURFACE PLANARITY,CMP DIELECTRIC,MEASURE SURFACE PARTICLES,SPIN COAT PHOTORESIST
valid_igbt_seq_0692_80,CURE PASSIVATION,POLYSILICON ANNEAL,BACKSIDE ANNEAL,CLEAN PAD OPENING,BACKSIDE RINSE
valid_igbt_seq_0693_60,CMP DIELECTRIC,CMP INTERLAYER DIELECTRIC,CMP VIA FILL,CMP METAL,DEPOSIT INTERLEVEL DIELECTRIC
valid_igbt_seq_0693_80,CURE PASSIVATION,PASSIVATION ETCH PAD OPENING,BACKSIDE ANNEAL,ANNEAL DIELECTRIC,PASSIVATION ETCH
valid_igbt_seq_0694_60,SPIN COAT PHOTORESIST,MEASURE METAL THICKNESS,MEASURE POLY THICKNESS,MEASURE FILM THICKNESS,MEASURE SURFACE PARTICLES
valid_igbt_seq_0694_80,CURE PASSIVATION,BACKSIDE RINSE,BACKSIDE ANNEAL,CLEAN PAD OPENING,POLYSILICON ANNEAL
valid_igbt_seq_0695_60,MEASURE DIELECTRIC THICKNESS,MEASURE FILM THICKNESS,MEASURE OXIDE THICKNESS,SPIN COAT PHOTORESIST,PARAMETRIC TEST
valid_igbt_seq_0695_80,DEPOSIT PASSIVATION LAYER,DEPOSIT PASSIVATION,MEASURE LINE WIDTH,DEPOSIT POLYSILICON,DEPOSIT BARRIER METAL
valid_igbt_seq_0696_60,CMP DIELECTRIC,CMP INTERLAYER DIELECTRIC,DENSIFY OXIDE,DENSIFY DIELECTRIC,CMP VIA FILL
valid_igbt_seq_0696_80,CURE PASSIVATION,BACKSIDE ANNEAL,POLYSILICON ANNEAL,ANNEAL METAL 1,ANNEAL METAL
valid_igbt_seq_0697_60,SPIN COAT PHOTORESIST,MEASURE METAL THICKNESS,MEASURE POLY THICKNESS,MEASURE FILM THICKNESS,MEASURE SURFACE PARTICLES
valid_igbt_seq_0697_80,CURE PASSIVATION,BACKSIDE ANNEAL,ANNEAL DIELECTRIC,PASSIVATION ETCH PAD OPENING,PASSIVATION ETCH
valid_igbt_seq_0698_60,SPIN COAT PHOTORESIST,MEASURE METAL THICKNESS,MEASURE POLY THICKNESS,MEASURE FILM THICKNESS,MEASURE SURFACE PARTICLES
valid_igbt_seq_0698_80,CURE PASSIVATION,BACKSIDE RINSE,BACKSIDE ANNEAL,CLEAN PAD OPENING,ANNEAL DIELECTRIC
valid_igbt_seq_0699_60,SPIN COAT PHOTORESIST,MEASURE METAL THICKNESS,MEASURE POLY THICKNESS,MEASURE FILM THICKNESS,MEASURE SURFACE PARTICLES
valid_igbt_seq_0699_80,MEASURE PASSIVATION QUALITY,MEASURE PASSIVATION THICKNESS,MEASURE FILM THICKNESS,MEASURE OXIDE THICKNESS,DEPOSIT PASSIVATION LAYER
valid_igbt_seq_0700_60,MEASURE SURFACE PLANARITY,MEASURE PLANARITY,CMP DIELECTRIC,SPIN COAT PHOTORESIST,CMP INTERLAYER DIELECTRIC
valid_igbt_seq_0700_80,DEPOSIT PASSIVATION LAYER,DEPOSIT PASSIVATION,MEASURE LINE WIDTH,DEPOSIT BARRIER METAL,DEPOSIT POLYSILICON
valid_igbt_seq_0701_60,MEASURE PLANARITY,MEASURE SURFACE PLANARITY,SPIN COAT PHOTORESIST,MEASURE POLY THICKNESS,CMP DIELECTRIC
valid_igbt_seq_0701_80,CURE PASSIVATION,BACKSIDE ANNEAL,ANNEAL DIELECTRIC,MEASURE PAD OPENING,PASSIVATION ETCH PAD OPENING
valid_igbt_seq_0702_60,CMP INTERLAYER DIELECTRIC,CMP DIELECTRIC,DENSIFY OXIDE,DENSIFY DIELECTRIC,CMP VIA FILL
valid_igbt_seq_0702_80,DEPOSIT PASSIVATION,DEPOSIT PASSIVATION LAYER,MEASURE LINE WIDTH,DEPOSIT POLYSILICON,DEPOSIT BARRIER METAL
valid_igbt_seq_0703_60,MEASURE PLANARITY,MEASURE SURFACE PLANARITY,CMP DIELECTRIC,SPIN COAT PHOTORESIST,CMP INTERLAYER DIELECTRIC
valid_igbt_seq_0703_80,CURE PASSIVATION,BACKSIDE RINSE,BACKSIDE ANNEAL,POLYSILICON ANNEAL,ANNEAL DIELECTRIC
valid_igbt_seq_0704_60,CMP INTERLAYER DIELECTRIC,CMP DIELECTRIC,DEPOSIT INTERLEVEL DIELECTRIC,CMP VIA FILL,DENSIFY OXIDE
valid_igbt_seq_0704_80,DEPOSIT PASSIVATION LAYER,DEPOSIT PASSIVATION,MEASURE LINE WIDTH,DEPOSIT BARRIER METAL,DEPOSIT POLYSILICON
valid_igbt_seq_0705_60,MEASURE FILM THICKNESS,MEASURE DIELECTRIC THICKNESS,SPIN COAT PHOTORESIST,MEASURE OXIDE THICKNESS,MEASURE POLY THICKNESS
valid_igbt_seq_0705_80,DEPOSIT PASSIVATION LAYER,DEPOSIT PASSIVATION,MEASURE LINE WIDTH,DEPOSIT POLYSILICON,DEPOSIT BARRIER METAL
valid_igbt_seq_0706_60,DENSIFY DIELECTRIC,DENSIFY OXIDE,ANNEAL METAL 1,THERMAL OXIDATION,ANNEAL METAL
valid_igbt_seq_0706_80,CLEAN AFTER METAL ETCH,CLEAN PAD OPENING,CLEAN AFTER OXIDE ETCH,CLEAN AFTER WINDOW ETCH,CLEAN AFTER FIELD ETCH
valid_igbt_seq_0707_60,MEASURE FILM THICKNESS,MEASURE DIELECTRIC THICKNESS,MEASURE OXIDE THICKNESS,SPIN COAT PHOTORESIST,PARAMETRIC TEST
valid_igbt_seq_0707_80,MEASURE LINE WIDTH,DEPOSIT PASSIVATION LAYER,DEPOSIT PASSIVATION,PARAMETRIC TEST,MEASURE PASSIVATION QUALITY
valid_igbt_seq_0708_60,SPIN COAT PHOTORESIST,MEASURE METAL THICKNESS,MEASURE POLY THICKNESS,MEASURE FILM THICKNESS,MEASURE SURFACE PARTICLES
valid_igbt_seq_0708_80,MEASURE PASSIVATION THICKNESS,MEASURE PASSIVATION QUALITY,MEASURE FILM THICKNESS,DEPOSIT PASSIVATION LAYER,MEASURE OXIDE THICKNESS
valid_igbt_seq_0709_60,MEASURE FILM THICKNESS,MEASURE DIELECTRIC THICKNESS,MEASURE OXIDE THICKNESS,SPIN COAT PHOTORESIST,PARAMETRIC TEST
valid_igbt_seq_0709_80,CURE PASSIVATION,BACKSIDE ANNEAL,BACKSIDE RINSE,ANNEAL DIELECTRIC,POLYSILICON ANNEAL
valid_igbt_seq_0710_60,SPIN COAT PHOTORESIST,MEASURE METAL THICKNESS,MEASURE POLY THICKNESS,MEASURE FILM THICKNESS,MEASURE SURFACE PARTICLES
valid_igbt_seq_0710_80,CURE PASSIVATION,BACKSIDE RINSE,CLEAN PAD OPENING,POLYSILICON ANNEAL,BACKSIDE ANNEAL
valid_igbt_seq_0711_60,CMP INTERLAYER DIELECTRIC,CMP DIELECTRIC,CMP VIA FILL,CMP METAL,DENSIFY OXIDE
valid_igbt_seq_0711_80,DEPOSIT PASSIVATION,DEPOSIT PASSIVATION LAYER,MEASURE LINE WIDTH,DEPOSIT BARRIER METAL,DEPOSIT INTERLAYER DIELECTRIC
valid_igbt_seq_0712_60,SPIN COAT PHOTORESIST,MEASURE METAL THICKNESS,MEASURE POLY THICKNESS,MEASURE FILM THICKNESS,MEASURE SURFACE PARTICLES
valid_igbt_seq_0712_80,DEPOSIT PASSIVATION LAYER,DEPOSIT PASSIVATION,MEASURE LINE WIDTH,DEPOSIT POLYSILICON,DEPOSIT BARRIER METAL
valid_igbt_seq_0713_60,SPIN COAT PHOTORESIST,MEASURE METAL THICKNESS,MEASURE POLY THICKNESS,MEASURE FILM THICKNESS,MEASURE SURFACE PARTICLES
valid_igbt_seq_0713_80,MEASURE PASSIVATION THICKNESS,MEASURE PASSIVATION QUALITY,DEPOSIT PASSIVATION LAYER,MEASURE FILM THICKNESS,DEPOSIT PASSIVATION
valid_igbt_seq_0714_60,CMP DIELECTRIC,CMP INTERLAYER DIELECTRIC,CMP VIA FILL,CMP METAL,DENSIFY OXIDE
valid_igbt_seq_0714_80,DEPOSIT PASSIVATION LAYER,DEPOSIT PASSIVATION,MEASURE LINE WIDTH,DEPOSIT BARRIER METAL,DEPOSIT POLYSILICON
valid_igbt_seq_0715_60,SPIN COAT PHOTORESIST,MEASURE POLY THICKNESS,MEASURE METAL THICKNESS,MEASURE FILM THICKNESS,MEASURE SURFACE PARTICLES
valid_igbt_seq_0715_80,CURE PASSIVATION,BACKSIDE ANNEAL,MEASURE PAD OPENING,ANNEAL DIELECTRIC,PASSIVATION ETCH PAD OPENING
valid_igbt_seq_0716_60,SPIN COAT PHOTORESIST,MEASURE METAL THICKNESS,MEASURE POLY THICKNESS,MEASURE FILM THICKNESS,MEASURE SURFACE PARTICLES
valid_igbt_seq_0716_80,CURE PASSIVATION,ANNEAL DIELECTRIC,BACKSIDE ANNEAL,BACKSIDE RINSE,CLEAN PAD OPENING
valid_igbt_seq_0717_60,MEASURE PLANARITY,MEASURE SURFACE PLANARITY,SPIN COAT PHOTORESIST,MEASURE POLY THICKNESS,CMP DIELECTRIC
valid_igbt_seq_0717_80,CLEAN AFTER METAL ETCH,CLEAN PAD OPENING,CLEAN AFTER OXIDE ETCH,CLEAN AFTER FIELD ETCH,METAL PATTERN INSPECTION
valid_igbt_seq_0718_60,SPIN COAT PHOTORESIST,MEASURE METAL THICKNESS,MEASURE POLY THICKNESS,MEASURE FILM THICKNESS,MEASURE SURFACE PARTICLES
valid_igbt_seq_0718_80,CURE PASSIVATION,BACKSIDE ANNEAL,PASSIVATION ETCH PAD OPENING,ANNEAL DIELECTRIC,PASSIVATION ETCH
valid_igbt_seq_0719_60,SOFT BAKE,BACKSIDE RINSE,DEPOSIT METAL SEED,ALIGN MASK LEVEL 5,ALIGN MASK LEVEL 4
valid_igbt_seq_0719_80,DEPOSIT PASSIVATION,DEPOSIT PASSIVATION LAYER,MEASURE LINE WIDTH,DEPOSIT POLYSILICON,DEPOSIT BARRIER METAL
valid_igbt_seq_0720_60,SPIN COAT PHOTORESIST,MEASURE POLY THICKNESS,MEASURE METAL THICKNESS,MEASURE FILM THICKNESS,MEASURE SURFACE PARTICLES
valid_igbt_seq_0720_80,MEASURE PASSIVATION QUALITY,MEASURE PASSIVATION THICKNESS,MEASURE FILM THICKNESS,DEPOSIT PASSIVATION LAYER,MEASURE OXIDE THICKNESS
valid_igbt_seq_0721_60,SOFT BAKE,DEPOSIT METAL SEED,ALIGN MASK LEVEL 5,BACKSIDE RINSE,ALIGN MASK LEVEL 4
valid_igbt_seq_0721_80,CURE PASSIVATION,CLEAN PAD OPENING,BACKSIDE RINSE,POLYSILICON ANNEAL,BACKSIDE ANNEAL
valid_igbt_seq_0722_60,SPIN COAT PHOTORESIST,MEASURE METAL THICKNESS,MEASURE POLY THICKNESS,MEASURE FILM THICKNESS,MEASURE SURFACE PARTICLES
valid_igbt_seq_0722_80,MEASURE PASSIVATION QUALITY,MEASURE PASSIVATION THICKNESS,MEASURE FILM THICKNESS,DEPOSIT PASSIVATION LAYER,MEASURE OXIDE THICKNESS
valid_igbt_seq_0723_60,MEASURE PLANARITY,MEASURE SURFACE PLANARITY,MEASURE SURFACE PARTICLES,SPIN COAT PHOTORESIST,CMP DIELECTRIC
valid_igbt_seq_0723_80,CURE PASSIVATION,BACKSIDE ANNEAL,BACKSIDE RINSE,ANNEAL DIELECTRIC,CLEAN PAD OPENING
valid_igbt_seq_0724_60,MEASURE PLANARITY,MEASURE SURFACE PLANARITY,CMP DIELECTRIC,CMP INTERLAYER DIELECTRIC,SPIN COAT PHOTORESIST
valid_igbt_seq_0724_80,DEPOSIT PASSIVATION LAYER,DEPOSIT PASSIVATION,MEASURE LINE WIDTH,DEPOSIT POLYSILICON,DEPOSIT BARRIER METAL
valid_igbt_seq_0725_60,ALIGN MASK LEVEL 5,ALIGN MASK LEVEL 6,ALIGN MASK LEVEL 3,ALIGN MASK LEVEL 1,BREAKDOWN VOLTAGE TEST
valid_igbt_seq_0725_80,MEASURE PASSIVATION QUALITY,MEASURE PASSIVATION THICKNESS,MEASURE FILM THICKNESS,MEASURE OXIDE THICKNESS,DEPOSIT PASSIVATION LAYER
valid_igbt_seq_0726_60,MEASURE PLANARITY,MEASURE SURFACE PLANARITY,MEASURE SURFACE PARTICLES,SPIN COAT PHOTORESIST,CMP DIELECTRIC
valid_igbt_seq_0726_80,CURE PASSIVATION,BACKSIDE ANNEAL,ANNEAL DIELECTRIC,PASSIVATION ETCH PAD OPENING,BACKSIDE RINSE
valid_igbt_seq_0727_60,MEASURE PLANARITY,MEASURE SURFACE PLANARITY,MEASURE SURFACE PARTICLES,SPIN COAT PHOTORESIST,CMP DIELECTRIC
valid_igbt_seq_0727_80,CURE PASSIVATION,ANNEAL DIELECTRIC,BACKSIDE ANNEAL,PASSIVATION ETCH PAD OPENING,PASSIVATION ETCH
valid_igbt_seq_0728_60,CMP INTERLAYER DIELECTRIC,CMP DIELECTRIC,CMP VIA FILL,CMP METAL,DEPOSIT INTERLEVEL DIELECTRIC
valid_igbt_seq_0728_80,MEASURE PASSIVATION THICKNESS,MEASURE PASSIVATION QUALITY,MEASURE FILM THICKNESS,DEPOSIT PASSIVATION LAYER,DEPOSIT PASSIVATION
valid_igbt_seq_0729_60,MEASURE PLANARITY,MEASURE SURFACE PLANARITY,SPIN COAT PHOTORESIST,MEASURE SURFACE PARTICLES,MEASURE METAL THICKNESS
valid_igbt_seq_0729_80,CURE PASSIVATION,BACKSIDE ANNEAL,PASSIVATION ETCH PAD OPENING,ANNEAL DIELECTRIC,PASSIVATION ETCH
valid_igbt_seq_0730_60,MEASURE PLANARITY,MEASURE SURFACE PLANARITY,CMP DIELECTRIC,CMP INTERLAYER DIELECTRIC,SPIN COAT PHOTORESIST
valid_igbt_seq_0730_80,DEPOSIT PASSIVATION,DEPOSIT PASSIVATION LAYER,MEASURE LINE WIDTH,DEPOSIT BARRIER METAL,DEPOSIT POLYSILICON
valid_igbt_seq_0731_60,MEASURE PLANARITY,MEASURE SURFACE PLANARITY,SPIN COAT PHOTORESIST,MEASURE METAL THICKNESS,CMP DIELECTRIC
valid_igbt_seq_0731_80,OPEN PAD WINDOW,OPEN BOND PAD WINDOW,PAD WINDOW LITHO,OPEN PAD WINDOW LITHO,MEASURE WINDOW CD
valid_igbt_seq_0732_60,SPIN COAT PHOTORESIST,MEASURE METAL THICKNESS,MEASURE POLY THICKNESS,MEASURE FILM THICKNESS,MEASURE SURFACE PARTICLES
valid_igbt_seq_0732_80,CURE PASSIVATION,ANNEAL DIELECTRIC,BACKSIDE ANNEAL,BACKSIDE RINSE,POLYSILICON ANNEAL
valid_igbt_seq_0733_60,MEASURE SURFACE PLANARITY,MEASURE PLANARITY,CMP DIELECTRIC,CMP INTERLAYER DIELECTRIC,MEASURE SURFACE PARTICLES
valid_igbt_seq_0733_80,CURE PASSIVATION,BACKSIDE RINSE,BACKSIDE ANNEAL,CLEAN PAD OPENING,ANNEAL DIELECTRIC
valid_igbt_seq_0734_60,CMP INTERLAYER DIELECTRIC,CMP DIELECTRIC,DENSIFY OXIDE,DENSIFY DIELECTRIC,CMP VIA FILL
valid_igbt_seq_0734_80,CURE PASSIVATION,ANNEAL DIELECTRIC,BACKSIDE ANNEAL,BACKSIDE RINSE,CLEAN PAD OPENING
valid_igbt_seq_0735_60,MEASURE PLANARITY,MEASURE SURFACE PLANARITY,CMP DIELECTRIC,CMP INTERLAYER DIELECTRIC,SPIN COAT PHOTORESIST
valid_igbt_seq_0735_80,CURE PASSIVATION,ANNEAL DIELECTRIC,BACKSIDE ANNEAL,BACKSIDE RINSE,CLEAN PAD OPENING
valid_igbt_seq_0736_60,CMP DIELECTRIC,CMP INTERLAYER DIELECTRIC,CMP VIA FILL,DENSIFY OXIDE,CMP METAL
valid_igbt_seq_0736_80,MEASURE LINE WIDTH,DEPOSIT PASSIVATION LAYER,DEPOSIT PASSIVATION,MEASURE VIA CD,PASSIVATION ETCH
valid_igbt_seq_0737_60,CMP INTERLAYER DIELECTRIC,CMP DIELECTRIC,DENSIFY OXIDE,DEPOSIT INTERLEVEL DIELECTRIC,DENSIFY DIELECTRIC
valid_igbt_seq_0737_80,CURE PASSIVATION,ANNEAL DIELECTRIC,BACKSIDE ANNEAL,POLYSILICON ANNEAL,MEASURE PAD OPENING
valid_igbt_seq_0738_60,MEASURE FILM THICKNESS,MEASURE DIELECTRIC THICKNESS,MEASURE OXIDE THICKNESS,SPIN COAT PHOTORESIST,PARAMETRIC TEST
valid_igbt_seq_0738_80,MEASURE LINE WIDTH,DEPOSIT PASSIVATION LAYER,DEPOSIT PASSIVATION,PASSIVATION ETCH,DEPOSIT INTERLAYER DIELECTRIC
valid_igbt_seq_0739_60,CMP INTERLAYER DIELECTRIC,CMP DIELECTRIC,DENSIFY OXIDE,DENSIFY DIELECTRIC,CMP VIA FILL
valid_igbt_seq_0739_80,DEPOSIT PASSIVATION,DEPOSIT PASSIVATION LAYER,MEASURE LINE WIDTH,DEPOSIT POLYSILICON,DEPOSIT BARRIER METAL
valid_igbt_seq_0740_60,SOFT BAKE,BACKSIDE RINSE,ALIGN MASK LEVEL 5,DEPOSIT METAL SEED,BREAKDOWN VOLTAGE TEST
valid_igbt_seq_0740_80,CURE PASSIVATION,BACKSIDE ANNEAL,SHIP LOT,POLYSILICON ANNEAL,ANNEAL DIELECTRIC
valid_igbt_seq_0741_60,CMP DIELECTRIC,CMP INTERLAYER DIELECTRIC,CMP VIA FILL,CMP METAL,DENSIFY OXIDE
valid_igbt_seq_0741_80,MEASURE PASSIVATION QUALITY,MEASURE PASSIVATION THICKNESS,MEASURE FILM THICKNESS,MEASURE OXIDE THICKNESS,DEPOSIT PASSIVATION LAYER
valid_igbt_seq_0742_60,SOFT BAKE,ALIGN MASK LEVEL 5,DEPOSIT METAL SEED,BACKSIDE RINSE,ALIGN MASK LEVEL 4
valid_igbt_seq_0742_80,CURE PASSIVATION,BACKSIDE ANNEAL,BACKSIDE RINSE,POLYSILICON ANNEAL,ANNEAL DIELECTRIC
valid_igbt_seq_0743_60,CMP INTERLAYER DIELECTRIC,CMP DIELECTRIC,DEPOSIT INTERLEVEL DIELECTRIC,DEPOSIT INTERLAYER DIELECTRIC,DENSIFY DIELECTRIC
valid_igbt_seq_0743_80,DEPOSIT PASSIVATION,DEPOSIT PASSIVATION LAYER,MEASURE LINE WIDTH,DEPOSIT BARRIER METAL,DEPOSIT INTERLAYER DIELECTRIC
valid_igbt_seq_0744_60,MEASURE FILM THICKNESS,MEASURE DIELECTRIC THICKNESS,MEASURE OXIDE THICKNESS,SPIN COAT PHOTORESIST,MEASURE POLY THICKNESS
valid_igbt_seq_0744_80,CURE PASSIVATION,BACKSIDE RINSE,BACKSIDE ANNEAL,CLEAN PAD OPENING,ANNEAL DIELECTRIC
valid_igbt_seq_0745_60,MEASURE PLANARITY,MEASURE SURFACE PLANARITY,CMP DIELECTRIC,CMP INTERLAYER DIELECTRIC,SPIN COAT PHOTORESIST
valid_igbt_seq_0745_80,DEPOSIT PASSIVATION,DEPOSIT PASSIVATION LAYER,MEASURE LINE WIDTH,DEPOSIT POLYSILICON,DEPOSIT BARRIER METAL
valid_igbt_seq_0746_60,MEASURE SURFACE PLANARITY,MEASURE PLANARITY,CMP DIELECTRIC,CMP INTERLAYER DIELECTRIC,MEASURE SURFACE PARTICLES
valid_igbt_seq_0746_80,MEASURE LINE WIDTH,DEPOSIT PASSIVATION,DEPOSIT PASSIVATION LAYER,PARAMETRIC TEST,MEASURE VIA CD
valid_igbt_seq_0747_60,MEASURE DIELECTRIC THICKNESS,MEASURE FILM THICKNESS,MEASURE OXIDE THICKNESS,SPIN COAT PHOTORESIST,PARAMETRIC TEST
valid_igbt_seq_0747_80,CURE PASSIVATION,ANNEAL DIELECTRIC,BACKSIDE ANNEAL,BACKSIDE RINSE,FINAL CLEAN
valid_igbt_seq_0748_60,SPIN COAT PHOTORESIST,MEASURE POLY THICKNESS,MEASURE METAL THICKNESS,MEASURE FILM THICKNESS,MEASURE SURFACE PARTICLES
valid_igbt_seq_0748_80,CURE PASSIVATION,BACKSIDE ANNEAL,BACKSIDE RINSE,ANNEAL DIELECTRIC,CLEAN PAD OPENING
valid_igbt_seq_0749_60,SPIN COAT PHOTORESIST,MEASURE POLY THICKNESS,MEASURE METAL THICKNESS,MEASURE FILM THICKNESS,MEASURE SURFACE PARTICLES
valid_igbt_seq_0749_80,CURE PASSIVATION,BACKSIDE RINSE,CLEAN PAD OPENING,BACKSIDE ANNEAL,POLYSILICON ANNEAL
valid_igbt_seq_0750_60,CMP INTERLAYER DIELECTRIC,CMP DIELECTRIC,DEPOSIT INTERLEVEL DIELECTRIC,DEPOSIT INTERLAYER DIELECTRIC,DENSIFY OXIDE
valid_igbt_seq_0750_80,MEASURE LINE WIDTH,DEPOSIT PASSIVATION LAYER,DEPOSIT PASSIVATION,PASSIVATION ETCH,DEPOSIT INTERLAYER DIELECTRIC
valid_igbt_seq_0751_60,SPIN COAT PHOTORESIST,MEASURE POLY THICKNESS,MEASURE METAL THICKNESS,MEASURE FILM THICKNESS,MEASURE SURFACE PARTICLES
valid_igbt_seq_0751_80,MEASURE PASSIVATION QUALITY,MEASURE PASSIVATION THICKNESS,MEASURE FILM THICKNESS,DEPOSIT PASSIVATION LAYER,MEASURE OXIDE THICKNESS
valid_igbt_seq_0752_60,SPIN COAT PHOTORESIST,MEASURE POLY THICKNESS,MEASURE METAL THICKNESS,MEASURE FILM THICKNESS,CMP DIELECTRIC
valid_igbt_seq_0752_80,DEPOSIT PASSIVATION LAYER,DEPOSIT PASSIVATION,MEASURE LINE WIDTH,DEPOSIT POLYSILICON,MEASURE PASSIVATION THICKNESS
valid_igbt_seq_0753_60,SPIN COAT PHOTORESIST,MEASURE METAL THICKNESS,MEASURE POLY THICKNESS,MEASURE FILM THICKNESS,MEASURE SURFACE PARTICLES
valid_igbt_seq_0753_80,MEASURE PASSIVATION THICKNESS,MEASURE PASSIVATION QUALITY,MEASURE FILM THICKNESS,MEASURE OXIDE THICKNESS,MEASURE OXIDE QUALITY
valid_igbt_seq_0754_60,CMP INTERLAYER DIELECTRIC,CMP DIELECTRIC,CMP VIA FILL,DENSIFY OXIDE,DENSIFY DIELECTRIC
valid_igbt_seq_0754_80,CURE PASSIVATION,BACKSIDE ANNEAL,ANNEAL DIELECTRIC,CLEAN PAD OPENING,POLYSILICON ANNEAL
valid_igbt_seq_0755_60,SPIN COAT PHOTORESIST,MEASURE METAL THICKNESS,MEASURE POLY THICKNESS,MEASURE FILM THICKNESS,MEASURE SURFACE PARTICLES
valid_igbt_seq_0755_80,CURE PASSIVATION,BACKSIDE RINSE,BACKSIDE ANNEAL,CLEAN PAD OPENING,POLYSILICON ANNEAL
valid_igbt_seq_0756_60,SPIN COAT PHOTORESIST,MEASURE METAL THICKNESS,MEASURE POLY THICKNESS,MEASURE FILM THICKNESS,MEASURE SURFACE PARTICLES
valid_igbt_seq_0756_80,CURE PASSIVATION,BACKSIDE ANNEAL,ANNEAL DIELECTRIC,POLYSILICON ANNEAL,BACKSIDE RINSE
valid_igbt_seq_0757_60,SPIN COAT PHOTORESIST,MEASURE POLY THICKNESS,MEASURE METAL THICKNESS,MEASURE FILM THICKNESS,MEASURE SURFACE PARTICLES
valid_igbt_seq_0757_80,DEPOSIT PASSIVATION,DEPOSIT PASSIVATION LAYER,MEASURE LINE WIDTH,DEPOSIT BARRIER METAL,DEPOSIT INTERLAYER DIELECTRIC
valid_igbt_seq_0758_60,ALIGN MASK LEVEL 5,ALIGN MASK LEVEL 6,BREAKDOWN VOLTAGE TEST,ALIGN MASK LEVEL 1,ALIGN MASK LEVEL 3
valid_igbt_seq_0758_80,CURE PASSIVATION,ANNEAL DIELECTRIC,BACKSIDE ANNEAL,POLYSILICON ANNEAL,CLEAN PAD OPENING
valid_igbt_seq_0759_60,MEASURE SURFACE PLANARITY,MEASURE PLANARITY,CMP INTERLAYER DIELECTRIC,CMP DIELECTRIC,SPIN COAT PHOTORESIST
valid_igbt_seq_0759_80,DEPOSIT PASSIVATION LAYER,DEPOSIT PASSIVATION,MEASURE LINE WIDTH,DEPOSIT POLYSILICON,MEASURE PASSIVATION THICKNESS
valid_igbt_seq_0760_60,SPIN COAT PHOTORESIST,MEASURE POLY THICKNESS,MEASURE METAL THICKNESS,MEASURE FILM THICKNESS,MEASURE SURFACE PARTICLES
valid_igbt_seq_0760_80,MEASURE PASSIVATION THICKNESS,MEASURE PASSIVATION QUALITY,MEASURE FILM THICKNESS,MEASURE OXIDE THICKNESS,DEPOSIT PASSIVATION LAYER
valid_igbt_seq_0761_60,SOFT BAKE,DEPOSIT METAL SEED,ALIGN MASK LEVEL 5,BACKSIDE RINSE,ALIGN MASK LEVEL 4
valid_igbt_seq_0761_80,CURE PASSIVATION,BACKSIDE RINSE,CLEAN PAD OPENING,BACKSIDE ANNEAL,FINAL CLEAN
valid_igbt_seq_0762_60,MEASURE PLANARITY,MEASURE SURFACE PLANARITY,CMP DIELECTRIC,CMP INTERLAYER DIELECTRIC,MEASURE SURFACE PARTICLES
valid_igbt_seq_0762_80,DEPOSIT PASSIVATION,DEPOSIT PASSIVATION LAYER,MEASURE LINE WIDTH,DEPOSIT BARRIER METAL,DEPOSIT POLYSILICON
valid_igbt_seq_0763_60,SPIN COAT PHOTORESIST,MEASURE METAL THICKNESS,MEASURE POLY THICKNESS,MEASURE FILM THICKNESS,MEASURE SURFACE PARTICLES
valid_igbt_seq_0763_80,OPEN PAD WINDOW,OPEN BOND PAD WINDOW,PAD WINDOW LITHO,OPEN PAD WINDOW LITHO,DEVELOP PAD WINDOW
valid_igbt_seq_0764_60,SPIN COAT PHOTORESIST,MEASURE METAL THICKNESS,MEASURE POLY THICKNESS,MEASURE FILM THICKNESS,MEASURE SURFACE PARTICLES
valid_igbt_seq_0764_80,MEASURE PASSIVATION THICKNESS,MEASURE PASSIVATION QUALITY,MEASURE FILM THICKNESS,DEPOSIT PASSIVATION LAYER,MEASURE OXIDE THICKNESS
valid_igbt_seq_0765_60,CMP INTERLAYER DIELECTRIC,CMP DIELECTRIC,CMP VIA FILL,CMP METAL,DENSIFY OXIDE
valid_igbt_seq_0765_80,MEASURE LINE WIDTH,DEPOSIT PASSIVATION LAYER,DEPOSIT PASSIVATION,PASSIVATION ETCH,PASSIVATION ETCH PAD OPENING
valid_igbt_seq_0766_60,CMP DIELECTRIC,CMP INTERLAYER DIELECTRIC,CMP VIA FILL,CMP METAL,DENSIFY OXIDE
valid_igbt_seq_0766_80,CURE PASSIVATION,POLYSILICON ANNEAL,BACKSIDE ANNEAL,ANNEAL DIELECTRIC,ANNEAL METAL 1
valid_igbt_seq_0767_60,MEASURE PLANARITY,MEASURE SURFACE PLANARITY,CMP DIELECTRIC,CMP INTERLAYER DIELECTRIC,MEASURE SURFACE PARTICLES
valid_igbt_seq_0767_80,CURE PASSIVATION,BACKSIDE RINSE,BACKSIDE ANNEAL,CLEAN PAD OPENING,POLYSILICON ANNEAL
valid_igbt_seq_0768_60,SOFT BAKE,ALIGN MASK LEVEL 5,DEPOSIT METAL SEED,BACKSIDE RINSE,ALIGN MASK LEVEL 4
valid_igbt_seq_0768_80,MEASURE PASSIVATION THICKNESS,MEASURE PASSIVATION QUALITY,MEASURE FILM THICKNESS,DEPOSIT PASSIVATION LAYER,MEASURE OXIDE THICKNESS
valid_igbt_seq_0769_60,CMP DIELECTRIC,CMP INTERLAYER DIELECTRIC,DENSIFY OXIDE,CMP VIA FILL,DENSIFY DIELECTRIC
valid_igbt_seq_0769_80,CURE PASSIVATION,BACKSIDE RINSE,BACKSIDE ANNEAL,ANNEAL DIELECTRIC,CLEAN PAD OPENING
valid_igbt_seq_0770_60,MEASURE PLANARITY,MEASURE SURFACE PLANARITY,CMP DIELECTRIC,SPIN COAT PHOTORESIST,CMP INTERLAYER DIELECTRIC
valid_igbt_seq_0770_80,DEPOSIT PASSIVATION LAYER,DEPOSIT PASSIVATION,MEASURE LINE WIDTH,DEPOSIT POLYSILICON,DEPOSIT INTERLAYER DIELECTRIC
valid_igbt_seq_0771_60,ALIGN MASK LEVEL 5,ALIGN MASK LEVEL 6,ALIGN MASK LEVEL 1,ALIGN MASK LEVEL 3,LEAKAGE TEST
valid_igbt_seq_0771_80,OPEN PAD WINDOW,OPEN BOND PAD WINDOW,PAD WINDOW LITHO,OPEN PAD WINDOW LITHO,DEVELOP PAD WINDOW
valid_igbt_seq_0772_60,MEASURE SURFACE PLANARITY,MEASURE PLANARITY,CMP DIELECTRIC,CMP INTERLAYER DIELECTRIC,MEASURE SURFACE PARTICLES
valid_igbt_seq_0772_80,DEPOSIT PASSIVATION,DEPOSIT PASSIVATION LAYER,MEASURE LINE WIDTH,DEPOSIT BARRIER METAL,DEPOSIT POLYSILICON
valid_igbt_seq_0773_60,MEASURE PLANARITY,MEASURE SURFACE PLANARITY,CMP DIELECTRIC,CMP INTERLAYER DIELECTRIC,SPIN COAT PHOTORESIST
valid_igbt_seq_0773_80,DEPOSIT PASSIVATION LAYER,DEPOSIT PASSIVATION,MEASURE LINE WIDTH,DEPOSIT POLYSILICON,DEPOSIT INTERLAYER DIELECTRIC
valid_igbt_seq_0774_60,MEASURE PLANARITY,MEASURE SURFACE PLANARITY,CMP DIELECTRIC,SPIN COAT PHOTORESIST,CMP INTERLAYER DIELECTRIC
valid_igbt_seq_0774_80,MEASURE PASSIVATION QUALITY,MEASURE PASSIVATION THICKNESS,DEPOSIT PASSIVATION LAYER,MEASURE FILM THICKNESS,MEASURE LINE WIDTH
valid_igbt_seq_0775_60,MEASURE PLANARITY,MEASURE SURFACE PLANARITY,SPIN COAT PHOTORESIST,MEASURE SURFACE PARTICLES,MEASURE METAL THICKNESS
valid_igbt_seq_0775_80,DEPOSIT PASSIVATION LAYER,DEPOSIT PASSIVATION,MEASURE LINE WIDTH,DEPOSIT POLYSILICON,DEPOSIT BARRIER METAL
valid_igbt_seq_0776_60,SPIN COAT PHOTORESIST,MEASURE METAL THICKNESS,MEASURE POLY THICKNESS,MEASURE FILM THICKNESS,MEASURE SURFACE PARTICLES
valid_igbt_seq_0776_80,OPEN PAD WINDOW,OPEN BOND PAD WINDOW,PAD WINDOW LITHO,OPEN PAD WINDOW LITHO,DEVELOP PAD WINDOW
valid_igbt_seq_0777_60,MEASURE PLANARITY,MEASURE SURFACE PLANARITY,SPIN COAT PHOTORESIST,MEASURE SURFACE PARTICLES,CMP DIELECTRIC
valid_igbt_seq_0777_80,CURE PASSIVATION,BACKSIDE ANNEAL,CLEAN PAD OPENING,ANNEAL DIELECTRIC,BACKSIDE RINSE
valid_igbt_seq_0778_60,CMP INTERLAYER DIELECTRIC,CMP DIELECTRIC,CMP VIA FILL,CMP METAL,DENSIFY OXIDE
valid_igbt_seq_0778_80,CURE PASSIVATION,ANNEAL DIELECTRIC,BACKSIDE ANNEAL,MEASURE PAD OPENING,POLYSILICON ANNEAL
valid_igbt_seq_0779_60,SPIN COAT PHOTORESIST,MEASURE POLY THICKNESS,MEASURE METAL THICKNESS,MEASURE FILM THICKNESS,CMP DIELECTRIC
valid_igbt_seq_0779_80,MEASURE PASSIVATION QUALITY,MEASURE PASSIVATION THICKNESS,MEASURE FILM THICKNESS,MEASURE SURFACE PARTICLES,DEPOSIT PASSIVATION LAYER
valid_igbt_seq_0780_60,SPIN COAT PHOTORESIST,MEASURE POLY THICKNESS,MEASURE METAL THICKNESS,MEASURE FILM THICKNESS,CMP DIELECTRIC
valid_igbt_seq_0780_80,DEPOSIT PASSIVATION LAYER,DEPOSIT PASSIVATION,MEASURE LINE WIDTH,DEPOSIT POLYSILICON,MEASURE PASSIVATION THICKNESS
valid_igbt_seq_0781_60,DENSIFY OXIDE,DENSIFY DIELECTRIC,THERMAL OXIDATION,MEASURE JUNCTION DEPTH,ANNEAL METAL 1
valid_igbt_seq_0781_80,DEPOSIT PASSIVATION,DEPOSIT PASSIVATION LAYER,MEASURE LINE WIDTH,DEPOSIT POLYSILICON,DEPOSIT BARRIER METAL
valid_igbt_seq_0782_60,SPIN COAT PHOTORESIST,MEASURE METAL THICKNESS,MEASURE POLY THICKNESS,MEASURE FILM THICKNESS,MEASURE SURFACE PARTICLES
valid_igbt_seq_0782_80,DEPOSIT PASSIVATION,DEPOSIT PASSIVATION LAYER,MEASURE LINE WIDTH,DEPOSIT BARRIER METAL,DEPOSIT POLYSILICON
valid_igbt_seq_0783_60,MEASURE PLANARITY,MEASURE SURFACE PLANARITY,SPIN COAT PHOTORESIST,MEASURE SURFACE PARTICLES,MEASURE POLY THICKNESS
valid_igbt_seq_0783_80,CURE PASSIVATION,BACKSIDE ANNEAL,BACKSIDE RINSE,ANNEAL DIELECTRIC,POLYSILICON ANNEAL
valid_igbt_seq_0784_60,SOFT BAKE,DEPOSIT METAL SEED,BACKSIDE RINSE,ALIGN MASK LEVEL 5,ALIGN MASK LEVEL 4
valid_igbt_seq_0784_80,MEASURE PASSIVATION QUALITY,MEASURE PASSIVATION THICKNESS,MEASURE FILM THICKNESS,DEPOSIT PASSIVATION LAYER,MEASURE OXIDE THICKNESS
valid_igbt_seq_0785_60,SOFT BAKE,BACKSIDE RINSE,ALIGN MASK LEVEL 5,DEPOSIT METAL SEED,ALIGN MASK LEVEL 4
valid_igbt_seq_0785_80,CURE PASSIVATION,BACKSIDE RINSE,CLEAN PAD OPENING,BACKSIDE ANNEAL,ANNEAL DIELECTRIC
valid_igbt_seq_0786_60,CMP INTERLAYER DIELECTRIC,CMP DIELECTRIC,CMP VIA FILL,CMP METAL,DENSIFY OXIDE
valid_igbt_seq_0786_80,MEASURE PASSIVATION QUALITY,MEASURE PASSIVATION THICKNESS,MEASURE FILM THICKNESS,DEPOSIT PASSIVATION LAYER,MEASURE OXIDE THICKNESS
valid_igbt_seq_0787_60,ALIGN MASK LEVEL 5,ALIGN MASK LEVEL 6,ALIGN MASK LEVEL 3,ALIGN MASK LEVEL 1,LEAKAGE TEST
valid_igbt_seq_0787_80,OPEN BOND PAD WINDOW,OPEN PAD WINDOW,PAD WINDOW LITHO,OPEN PAD WINDOW LITHO,MEASURE WINDOW CD
valid_igbt_seq_0788_60,SPIN COAT PHOTORESIST,MEASURE METAL THICKNESS,MEASURE POLY THICKNESS,MEASURE FILM THICKNESS,MEASURE SURFACE PARTICLES
valid_igbt_seq_0788_80,MEASURE PASSIVATION QUALITY,MEASURE PASSIVATION THICKNESS,MEASURE FILM THICKNESS,DEPOSIT PASSIVATION LAYER,MEASURE OXIDE THICKNESS
valid_igbt_seq_0789_60,CMP DIELECTRIC,CMP INTERLAYER DIELECTRIC,DENSIFY OXIDE,CMP VIA FILL,DEPOSIT INTERLEVEL DIELECTRIC
valid_igbt_seq_0789_80,MEASURE LINE WIDTH,DEPOSIT PASSIVATION LAYER,DEPOSIT PASSIVATION,MEASURE VIA CD,PASSIVATION ETCH
valid_igbt_seq_0790_60,MEASURE FILM THICKNESS,MEASURE DIELECTRIC THICKNESS,MEASURE OXIDE THICKNESS,SPIN COAT PHOTORESIST,PARAMETRIC TEST
valid_igbt_seq_0790_80,MEASURE PASSIVATION QUALITY,MEASURE PASSIVATION THICKNESS,DEPOSIT PASSIVATION LAYER,MEASURE FILM THICKNESS,DEPOSIT PASSIVATION
valid_igbt_seq_0791_60,MEASURE PLANARITY,MEASURE SURFACE PLANARITY,CMP DIELECTRIC,CMP INTERLAYER DIELECTRIC,SPIN COAT PHOTORESIST
valid_igbt_seq_0791_80,CURE PASSIVATION,BACKSIDE ANNEAL,ANNEAL DIELECTRIC,POLYSILICON ANNEAL,BACKSIDE RINSE
valid_igbt_seq_0792_60,CMP INTERLAYER DIELECTRIC,CMP DIELECTRIC,DENSIFY OXIDE,DENSIFY DIELECTRIC,CMP VIA FILL
valid_igbt_seq_0792_80,DEPOSIT PASSIVATION LAYER,DEPOSIT PASSIVATION,MEASURE LINE WIDTH,DEPOSIT POLYSILICON,DEPOSIT BARRIER METAL
valid_igbt_seq_0793_60,ALIGN MASK LEVEL 5,ALIGN MASK LEVEL 6,ALIGN MASK LEVEL 1,BREAKDOWN VOLTAGE TEST,ALIGN MASK LEVEL 3
valid_igbt_seq_0793_80,MEASURE PASSIVATION QUALITY,MEASURE PASSIVATION THICKNESS,MEASURE FILM THICKNESS,MEASURE OXIDE THICKNESS,DEPOSIT PASSIVATION LAYER
valid_igbt_seq_0794_60,SPIN COAT PHOTORESIST,MEASURE METAL THICKNESS,MEASURE POLY THICKNESS,MEASURE FILM THICKNESS,MEASURE SURFACE PARTICLES
valid_igbt_seq_0794_80,CURE PASSIVATION,BACKSIDE RINSE,BACKSIDE ANNEAL,CLEAN PAD OPENING,ANNEAL DIELECTRIC
valid_igbt_seq_0795_60,MEASURE PLANARITY,MEASURE SURFACE PLANARITY,CMP DIELECTRIC,CMP INTERLAYER DIELECTRIC,SPIN COAT PHOTORESIST
valid_igbt_seq_0795_80,MEASURE PASSIVATION QUALITY,MEASURE PASSIVATION THICKNESS,MEASURE FILM THICKNESS,DEPOSIT PASSIVATION LAYER,MEASURE OXIDE THICKNESS
valid_igbt_seq_0796_60,MEASURE PLANARITY,MEASURE SURFACE PLANARITY,CMP DIELECTRIC,CMP INTERLAYER DIELECTRIC,SPIN COAT PHOTORESIST
valid_igbt_seq_0796_80,CURE PASSIVATION,BACKSIDE ANNEAL,ANNEAL DIELECTRIC,MEASURE PAD OPENING,BACKSIDE RINSE
valid_igbt_seq_0797_60,EXPOSE LITHO LEVEL 5,EXPOSE LITHO LEVEL 6,EXPOSE LITHO LEVEL 3,EXPOSE LITHO LEVEL 1,MEASURE EPITAXY THICKNESS
valid_igbt_seq_0797_80,MEASURE PASSIVATION QUALITY,MEASURE PASSIVATION THICKNESS,DEPOSIT PASSIVATION LAYER,MEASURE FILM THICKNESS,DEPOSIT PASSIVATION
valid_igbt_seq_0798_60,ALIGN MASK LEVEL 5,ALIGN MASK LEVEL 6,ALIGN MASK LEVEL 3,ALIGN MASK LEVEL 1,BREAKDOWN VOLTAGE TEST
valid_igbt_seq_0798_80,MEASURE PASSIVATION QUALITY,MEASURE PASSIVATION THICKNESS,MEASURE FILM THICKNESS,MEASURE OXIDE THICKNESS,DEPOSIT PASSIVATION LAYER
valid_igbt_seq_0799_60,MEASURE PLANARITY,MEASURE SURFACE PLANARITY,MEASURE SURFACE PARTICLES,CMP DIELECTRIC,SPIN COAT PHOTORESIST
valid_igbt_seq_0799_80,MEASURE LINE WIDTH,DEPOSIT PASSIVATION LAYER,DEPOSIT PASSIVATION,PASSIVATION ETCH,PASSIVATION ETCH PAD OPENING
valid_igbt_seq_0800_60,ALIGN MASK LEVEL 5,ALIGN MASK LEVEL 6,ALIGN MASK LEVEL 1,ALIGN MASK LEVEL 3,EXPOSE LITHO LEVEL 5
valid_igbt_seq_0800_80,MEASURE PASSIVATION QUALITY,MEASURE PASSIVATION THICKNESS,MEASURE FILM THICKNESS,DEPOSIT PASSIVATION LAYER,MEASURE OXIDE THICKNESS
valid_igbt_seq_0801_60,SOFT BAKE,BACKSIDE RINSE,DEPOSIT METAL SEED,ALIGN MASK LEVEL 5,ALIGN MASK LEVEL 4
valid_igbt_seq_0801_80,CURE PASSIVATION,BACKSIDE ANNEAL,ANNEAL DIELECTRIC,BACKSIDE RINSE,POLYSILICON ANNEAL
valid_igbt_seq_0802_60,SPIN COAT PHOTORESIST,MEASURE METAL THICKNESS,MEASURE POLY THICKNESS,MEASURE FILM THICKNESS,MEASURE SURFACE PARTICLES
valid_igbt_seq_0802_80,CURE PASSIVATION,BACKSIDE ANNEAL,BACKSIDE RINSE,CLEAN PAD OPENING,ANNEAL DIELECTRIC
valid_igbt_seq_0803_60,MEASURE PLANARITY,MEASURE SURFACE PLANARITY,CMP DIELECTRIC,CMP INTERLAYER DIELECTRIC,MEASURE SURFACE PARTICLES
valid_igbt_seq_0803_80,MEASURE PASSIVATION QUALITY,MEASURE PASSIVATION THICKNESS,DEPOSIT PASSIVATION LAYER,MEASURE FILM THICKNESS,DEPOSIT PASSIVATION
valid_igbt_seq_0804_60,SPIN COAT PHOTORESIST,MEASURE METAL THICKNESS,MEASURE POLY THICKNESS,MEASURE FILM THICKNESS,MEASURE SURFACE PARTICLES
valid_igbt_seq_0804_80,CURE PASSIVATION,ANNEAL DIELECTRIC,BACKSIDE ANNEAL,BACKSIDE RINSE,CLEAN PAD OPENING
valid_igbt_seq_0805_60,CMP INTERLAYER DIELECTRIC,CMP DIELECTRIC,CMP VIA FILL,CMP METAL,DENSIFY DIELECTRIC
valid_igbt_seq_0805_80,MEASURE PASSIVATION THICKNESS,MEASURE PASSIVATION QUALITY,MEASURE FILM THICKNESS,DEPOSIT PASSIVATION LAYER,DEPOSIT PASSIVATION
valid_igbt_seq_0806_60,MEASURE FILM THICKNESS,MEASURE DIELECTRIC THICKNESS,MEASURE OXIDE THICKNESS,SPIN COAT PHOTORESIST,PARAMETRIC TEST
valid_igbt_seq_0806_80,MEASURE LINE WIDTH,DEPOSIT PASSIVATION LAYER,DEPOSIT PASSIVATION,PASSIVATION ETCH,PASSIVATION ETCH PAD OPENING
valid_igbt_seq_0807_60,ALIGN MASK LEVEL 5,ALIGN MASK LEVEL 6,BREAKDOWN VOLTAGE TEST,ALIGN MASK LEVEL 3,ALIGN MASK LEVEL 1
valid_igbt_seq_0807_80,DEPOSIT PASSIVATION,DEPOSIT PASSIVATION LAYER,MEASURE LINE WIDTH,DEPOSIT BARRIER METAL,DEPOSIT POLYSILICON
valid_igbt_seq_0808_60,MEASURE SURFACE PLANARITY,MEASURE PLANARITY,CMP DIELECTRIC,CMP INTERLAYER DIELECTRIC,SPIN COAT PHOTORESIST
valid_igbt_seq_0808_80,CURE PASSIVATION,BACKSIDE RINSE,POLYSILICON ANNEAL,BACKSIDE ANNEAL,CLEAN PAD OPENING
valid_igbt_seq_0809_60,MEASURE PLANARITY,MEASURE SURFACE PLANARITY,CMP DIELECTRIC,CMP INTERLAYER DIELECTRIC,SPIN COAT PHOTORESIST
valid_igbt_seq_0809_80,CURE PASSIVATION,PASSIVATION ETCH PAD OPENING,BACKSIDE ANNEAL,ANNEAL DIELECTRIC,PASSIVATION ETCH
valid_igbt_seq_0810_60,SPIN COAT PHOTORESIST,MEASURE METAL THICKNESS,MEASURE POLY THICKNESS,MEASURE FILM THICKNESS,MEASURE SURFACE PARTICLES
valid_igbt_seq_0810_80,MEASURE PASSIVATION QUALITY,MEASURE PASSIVATION THICKNESS,MEASURE FILM THICKNESS,MEASURE OXIDE THICKNESS,DEPOSIT PASSIVATION LAYER
valid_igbt_seq_0811_60,DENSIFY DIELECTRIC,DENSIFY OXIDE,ANNEAL METAL 1,THERMAL OXIDATION,ANNEAL METAL
valid_igbt_seq_0811_80,DEPOSIT PASSIVATION,DEPOSIT PASSIVATION LAYER,MEASURE LINE WIDTH,DEPOSIT BARRIER METAL,DEPOSIT POLYSILICON
valid_igbt_seq_0812_60,MEASURE PLANARITY,MEASURE SURFACE PLANARITY,MEASURE POLY THICKNESS,MEASURE FILM THICKNESS,SPIN COAT PHOTORESIST
valid_igbt_seq_0812_80,CURE PASSIVATION,BACKSIDE RINSE,BACKSIDE ANNEAL,POLYSILICON ANNEAL,CLEAN AFTER METAL ETCH
valid_igbt_seq_0813_60,CMP INTERLAYER DIELECTRIC,CMP DIELECTRIC,DENSIFY OXIDE,DENSIFY DIELECTRIC,CMP VIA FILL
valid_igbt_seq_0813_80,DEPOSIT PASSIVATION LAYER,DEPOSIT PASSIVATION,MEASURE LINE WIDTH,DEPOSIT POLYSILICON,DEPOSIT BARRIER METAL
valid_igbt_seq_0814_60,CMP DIELECTRIC,CMP INTERLAYER DIELECTRIC,CMP VIA FILL,CMP METAL,DENSIFY OXIDE
valid_igbt_seq_0814_80,DEPOSIT PASSIVATION,DEPOSIT PASSIVATION LAYER,MEASURE LINE WIDTH,DEPOSIT BARRIER METAL,DEPOSIT INTERLAYER DIELECTRIC
valid_igbt_seq_0815_60,MEASURE FILM THICKNESS,MEASURE DIELECTRIC THICKNESS,MEASURE OXIDE THICKNESS,SPIN COAT PHOTORESIST,PARAMETRIC TEST
valid_igbt_seq_0815_80,CURE PASSIVATION,BACKSIDE RINSE,CLEAN PAD OPENING,ANNEAL DIELECTRIC,PASSIVATION ETCH PAD OPENING
valid_igbt_seq_0816_60,EXPOSE LITHO LEVEL 5,EXPOSE LITHO LEVEL 6,EXPOSE LITHO LEVEL 4,EXPOSE LITHO LEVEL 1,EXPOSE LITHO LEVEL 3
valid_igbt_seq_0816_80,OPEN PAD WINDOW,OPEN BOND PAD WINDOW,PAD WINDOW LITHO,OPEN PAD WINDOW LITHO,DEVELOP PAD WINDOW
valid_igbt_seq_0817_60,MEASURE PLANARITY,MEASURE SURFACE PLANARITY,CMP DIELECTRIC,CMP INTERLAYER DIELECTRIC,SPIN COAT PHOTORESIST
valid_igbt_seq_0817_80,CURE PASSIVATION,CLEAN PAD OPENING,BACKSIDE RINSE,BACKSIDE ANNEAL,ANNEAL DIELECTRIC
valid_igbt_seq_0818_60,SPIN COAT PHOTORESIST,MEASURE METAL THICKNESS,MEASURE POLY THICKNESS,MEASURE FILM THICKNESS,MEASURE SURFACE PARTICLES
valid_igbt_seq_0818_80,CURE PASSIVATION,BACKSIDE ANNEAL,BACKSIDE RINSE,POLYSILICON ANNEAL,ANNEAL DIELECTRIC
valid_igbt_seq_0819_60,SPIN COAT PHOTORESIST,MEASURE METAL THICKNESS,MEASURE POLY THICKNESS,MEASURE FILM THICKNESS,MEASURE SURFACE PARTICLES
valid_igbt_seq_0819_80,CURE PASSIVATION,BACKSIDE RINSE,BACKSIDE ANNEAL,POLYSILICON ANNEAL,ANNEAL DIELECTRIC
valid_igbt_seq_0820_60,CMP INTERLAYER DIELECTRIC,CMP DIELECTRIC,CMP VIA FILL,DENSIFY DIELECTRIC,CMP METAL
valid_igbt_seq_0820_80,DEPOSIT PASSIVATION,DEPOSIT PASSIVATION LAYER,MEASURE LINE WIDTH,DEPOSIT BARRIER METAL,DEPOSIT POLYSILICON
valid_igbt_seq_0821_60,MEASURE FILM THICKNESS,MEASURE DIELECTRIC THICKNESS,MEASURE OXIDE THICKNESS,SPIN COAT PHOTORESIST,MEASURE POLY THICKNESS
valid_igbt_seq_0821_80,MEASURE LINE WIDTH,DEPOSIT PASSIVATION,DEPOSIT PASSIVATION LAYER,PARAMETRIC TEST,PASSIVATION ETCH
valid_igbt_seq_0822_60,SPIN COAT PHOTORESIST,MEASURE METAL THICKNESS,MEASURE POLY THICKNESS,MEASURE FILM THICKNESS,MEASURE SURFACE PARTICLES
valid_igbt_seq_0822_80,DEPOSIT PASSIVATION,DEPOSIT PASSIVATION LAYER,MEASURE LINE WIDTH,DEPOSIT BARRIER METAL,DEPOSIT POLYSILICON
valid_igbt_seq_0823_60,CMP INTERLAYER DIELECTRIC,CMP DIELECTRIC,DENSIFY OXIDE,DENSIFY DIELECTRIC,DEPOSIT INTERLEVEL DIELECTRIC
valid_igbt_seq_0823_80,DEPOSIT PASSIVATION LAYER,DEPOSIT PASSIVATION,MEASURE LINE WIDTH,DEPOSIT POLYSILICON,DEPOSIT BARRIER METAL
valid_igbt_seq_0824_60,CMP DIELECTRIC,CMP INTERLAYER DIELECTRIC,DEPOSIT INTERLEVEL DIELECTRIC,CMP VIA FILL,CMP METAL
valid_igbt_seq_0824_80,CURE PASSIVATION,ANNEAL DIELECTRIC,BACKSIDE ANNEAL,MEASURE PAD OPENING,POLYSILICON ANNEAL
valid_igbt_seq_0825_60,CMP INTERLAYER DIELECTRIC,CMP DIELECTRIC,DEPOSIT INTERLEVEL DIELECTRIC,DENSIFY OXIDE,DENSIFY DIELECTRIC
valid_igbt_seq_0825_80,DEPOSIT PASSIVATION LAYER,DEPOSIT PASSIVATION,MEASURE LINE WIDTH,DEPOSIT BARRIER METAL,DEPOSIT POLYSILICON
valid_igbt_seq_0826_60,MEASURE PLANARITY,MEASURE SURFACE PLANARITY,CMP INTERLAYER DIELECTRIC,CMP DIELECTRIC,MEASURE SURFACE PARTICLES
valid_igbt_seq_0826_80,CURE PASSIVATION,CLEAN PAD OPENING,ANNEAL DIELECTRIC,POLYSILICON ANNEAL,PASSIVATION ETCH PAD OPENING
valid_igbt_seq_0827_60,SOFT BAKE,ALIGN MASK LEVEL 5,BACKSIDE RINSE,DEPOSIT METAL SEED,ALIGN MASK LEVEL 4
valid_igbt_seq_0827_80,CURE PASSIVATION,BACKSIDE ANNEAL,CLEAN PAD OPENING,BACKSIDE RINSE,POLYSILICON ANNEAL
valid_igbt_seq_0828_60,SPIN COAT PHOTORESIST,MEASURE POLY THICKNESS,MEASURE METAL THICKNESS,MEASURE FILM THICKNESS,CMP DIELECTRIC
valid_igbt_seq_0828_80,CURE PASSIVATION,BACKSIDE RINSE,BACKSIDE ANNEAL,ANNEAL DIELECTRIC,FINAL CLEAN
valid_igbt_seq_0829_60,SPIN COAT PHOTORESIST,MEASURE METAL THICKNESS,MEASURE POLY THICKNESS,MEASURE FILM THICKNESS,MEASURE SURFACE PARTICLES
valid_igbt_seq_0829_80,CURE PASSIVATION,BACKSIDE RINSE,BACKSIDE ANNEAL,CLEAN PAD OPENING,POLYSILICON ANNEAL
valid_igbt_seq_0830_60,MEASURE SURFACE PLANARITY,MEASURE PLANARITY,CMP DIELECTRIC,CMP INTERLAYER DIELECTRIC,SPIN COAT PHOTORESIST
valid_igbt_seq_0830_80,CURE PASSIVATION,BACKSIDE ANNEAL,BACKSIDE RINSE,CLEAN PAD OPENING,ANNEAL DIELECTRIC
valid_igbt_seq_0831_60,MEASURE PLANARITY,MEASURE SURFACE PLANARITY,CMP DIELECTRIC,CMP INTERLAYER DIELECTRIC,SPIN COAT PHOTORESIST
valid_igbt_seq_0831_80,DEPOSIT PASSIVATION,DEPOSIT PASSIVATION LAYER,MEASURE LINE WIDTH,DEPOSIT BARRIER METAL,DEPOSIT POLYSILICON
valid_igbt_seq_0832_60,SOFT BAKE,DEPOSIT METAL SEED,BACKSIDE RINSE,ALIGN MASK LEVEL 5,ALIGN MASK LEVEL 4
valid_igbt_seq_0832_80,CURE PASSIVATION,ANNEAL DIELECTRIC,BACKSIDE ANNEAL,PASSIVATION ETCH PAD OPENING,PASSIVATION ETCH
valid_igbt_seq_0833_60,SPIN COAT PHOTORESIST,MEASURE METAL THICKNESS,MEASURE POLY THICKNESS,MEASURE FILM THICKNESS,MEASURE SURFACE PARTICLES
valid_igbt_seq_0833_80,MEASURE PASSIVATION QUALITY,MEASURE PASSIVATION THICKNESS,MEASURE FILM THICKNESS,MEASURE OXIDE THICKNESS,DEPOSIT PASSIVATION LAYER
valid_igbt_seq_0834_60,CMP DIELECTRIC,CMP INTERLAYER DIELECTRIC,CMP VIA FILL,DEPOSIT INTERLEVEL DIELECTRIC,DENSIFY OXIDE
valid_igbt_seq_0834_80,CURE PASSIVATION,BACKSIDE ANNEAL,PASSIVATION ETCH PAD OPENING,PASSIVATION ETCH,ANNEAL DIELECTRIC
valid_igbt_seq_0835_60,MEASURE PLANARITY,MEASURE SURFACE PLANARITY,CMP DIELECTRIC,CMP INTERLAYER DIELECTRIC,SPIN COAT PHOTORESIST
valid_igbt_seq_0835_80,CURE PASSIVATION,ANNEAL DIELECTRIC,BACKSIDE ANNEAL,CLEAN PAD OPENING,BACKSIDE RINSE
valid_igbt_seq_0836_60,SPIN COAT PHOTORESIST,MEASURE METAL THICKNESS,MEASURE POLY THICKNESS,MEASURE FILM THICKNESS,MEASURE SURFACE PARTICLES
valid_igbt_seq_0836_80,CURE PASSIVATION,BACKSIDE RINSE,BACKSIDE ANNEAL,CLEAN PAD OPENING,POLYSILICON ANNEAL
valid_igbt_seq_0837_60,MEASURE SURFACE PLANARITY,MEASURE PLANARITY,CMP DIELECTRIC,CMP INTERLAYER DIELECTRIC,SPIN COAT PHOTORESIST
valid_igbt_seq_0837_80,MEASURE PASSIVATION QUALITY,MEASURE PASSIVATION THICKNESS,MEASURE FILM THICKNESS,DEPOSIT PASSIVATION LAYER,MEASURE OXIDE THICKNESS
valid_igbt_seq_0838_60,MEASURE SURFACE PLANARITY,MEASURE PLANARITY,CMP DIELECTRIC,CMP INTERLAYER DIELECTRIC,SPIN COAT PHOTORESIST
valid_igbt_seq_0838_80,DEPOSIT PASSIVATION LAYER,DEPOSIT PASSIVATION,MEASURE LINE WIDTH,DEPOSIT POLYSILICON,DEPOSIT BARRIER METAL
valid_igbt_seq_0839_60,MEASURE PLANARITY,MEASURE SURFACE PLANARITY,CMP DIELECTRIC,CMP INTERLAYER DIELECTRIC,SPIN COAT PHOTORESIST
valid_igbt_seq_0839_80,MEASURE PASSIVATION QUALITY,MEASURE PASSIVATION THICKNESS,DEPOSIT PASSIVATION LAYER,MEASURE FILM THICKNESS,DEPOSIT PASSIVATION
valid_igbt_seq_0840_60,SPIN COAT PHOTORESIST,MEASURE POLY THICKNESS,MEASURE METAL THICKNESS,MEASURE FILM THICKNESS,MEASURE SURFACE PARTICLES
valid_igbt_seq_0840_80,DEPOSIT PASSIVATION LAYER,DEPOSIT PASSIVATION,MEASURE LINE WIDTH,DEPOSIT BARRIER METAL,DEPOSIT POLYSILICON
valid_igbt_seq_0841_60,MEASURE PLANARITY,MEASURE SURFACE PLANARITY,CMP DIELECTRIC,CMP INTERLAYER DIELECTRIC,MEASURE SURFACE PARTICLES
valid_igbt_seq_0841_80,CURE PASSIVATION,BACKSIDE RINSE,BACKSIDE ANNEAL,CLEAN PAD OPENING,POLYSILICON ANNEAL
valid_igbt_seq_0842_60,MEASURE PLANARITY,MEASURE SURFACE PLANARITY,MEASURE SURFACE PARTICLES,SPIN COAT PHOTORESIST,CMP DIELECTRIC
valid_igbt_seq_0842_80,MEASURE LINE WIDTH,DEPOSIT PASSIVATION LAYER,DEPOSIT PASSIVATION,PARAMETRIC TEST,PASSIVATION ETCH
valid_igbt_seq_0843_60,MEASURE PLANARITY,MEASURE SURFACE PLANARITY,CMP DIELECTRIC,CMP INTERLAYER DIELECTRIC,MEASURE SURFACE PARTICLES
valid_igbt_seq_0843_80,DEPOSIT PASSIVATION,DEPOSIT PASSIVATION LAYER,MEASURE LINE WIDTH,DEPOSIT BARRIER METAL,IMPLANT SOURCE REGION
valid_igbt_seq_0844_60,EXPOSE LITHO LEVEL 5,MEASURE EPITAXY THICKNESS,EXPOSE LITHO LEVEL 1,EXPOSE LITHO LEVEL 6,EXPOSE LITHO LEVEL 3
valid_igbt_seq_0844_80,MEASURE PASSIVATION THICKNESS,MEASURE PASSIVATION QUALITY,MEASURE FILM THICKNESS,DEPOSIT PASSIVATION LAYER,MEASURE OXIDE THICKNESS
valid_igbt_seq_0845_60,MEASURE PLANARITY,MEASURE SURFACE PLANARITY,MEASURE SURFACE PARTICLES,CMP DIELECTRIC,CMP INTERLAYER DIELECTRIC
valid_igbt_seq_0845_80,DEPOSIT PASSIVATION LAYER,DEPOSIT PASSIVATION,MEASURE LINE WIDTH,DEPOSIT POLYSILICON,DEPOSIT BARRIER METAL
valid_igbt_seq_0846_60,MEASURE SURFACE PLANARITY,MEASURE PLANARITY,CMP INTERLAYER DIELECTRIC,CMP DIELECTRIC,SPIN COAT PHOTORESIST
valid_igbt_seq_0846_80,CURE PASSIVATION,POLYSILICON ANNEAL,BACKSIDE ANNEAL,ANNEAL METAL 1,ANNEAL DIELECTRIC
valid_igbt_seq_0847_60,ALIGN MASK LEVEL 5,ALIGN MASK LEVEL 6,BREAKDOWN VOLTAGE TEST,ALIGN MASK LEVEL 3,ALIGN MASK LEVEL 1
valid_igbt_seq_0847_80,MEASURE PASSIVATION QUALITY,MEASURE PASSIVATION THICKNESS,MEASURE FILM THICKNESS,MEASURE OXIDE THICKNESS,DEPOSIT PASSIVATION LAYER
valid_igbt_seq_0848_60,SPIN COAT PHOTORESIST,MEASURE METAL THICKNESS,MEASURE POLY THICKNESS,MEASURE FILM THICKNESS,MEASURE SURFACE PARTICLES
valid_igbt_seq_0848_80,OPEN BOND PAD WINDOW,OPEN PAD WINDOW,PAD WINDOW LITHO,OPEN PAD WINDOW LITHO,IMPLANT N BUFFER
valid_igbt_seq_0849_60,MEASURE FILM THICKNESS,MEASURE DIELECTRIC THICKNESS,MEASURE OXIDE THICKNESS,SPIN COAT PHOTORESIST,PARAMETRIC TEST
valid_igbt_seq_0849_80,CURE PASSIVATION,POLYSILICON ANNEAL,BACKSIDE ANNEAL,ANNEAL DIELECTRIC,ANNEAL METAL 1
valid_igbt_seq_0850_60,SOFT BAKE,DEPOSIT METAL SEED,BACKSIDE RINSE,ALIGN MASK LEVEL 5,ALIGN MASK LEVEL 4
valid_igbt_seq_0850_80,CURE PASSIVATION,ANNEAL DIELECTRIC,BACKSIDE ANNEAL,PASSIVATION ETCH PAD OPENING,CLEAN PAD OPENING
valid_igbt_seq_0851_60,MEASURE SURFACE PLANARITY,MEASURE PLANARITY,CMP DIELECTRIC,CMP INTERLAYER DIELECTRIC,SPIN COAT PHOTORESIST
valid_igbt_seq_0851_80,CURE PASSIVATION,ANNEAL DIELECTRIC,BACKSIDE RINSE,BACKSIDE ANNEAL,POLYSILICON ANNEAL
valid_igbt_seq_0852_60,MEASURE SURFACE PLANARITY,MEASURE PLANARITY,CMP DIELECTRIC,CMP INTERLAYER DIELECTRIC,MEASURE SURFACE PARTICLES
valid_igbt_seq_0852_80,CURE PASSIVATION,BACKSIDE RINSE,CLEAN PAD OPENING,BACKSIDE ANNEAL,FINAL CLEAN
valid_igbt_seq_0853_60,MEASURE FILM THICKNESS,MEASURE DIELECTRIC THICKNESS,MEASURE OXIDE THICKNESS,SPIN COAT PHOTORESIST,MEASURE POLY THICKNESS
valid_igbt_seq_0853_80,MEASURE LINE WIDTH,DEPOSIT PASSIVATION LAYER,DEPOSIT PASSIVATION,PASSIVATION ETCH,DEPOSIT POLYSILICON
valid_igbt_seq_0854_60,MEASURE PLANARITY,MEASURE SURFACE PLANARITY,CMP DIELECTRIC,CMP INTERLAYER DIELECTRIC,SPIN COAT PHOTORESIST
valid_igbt_seq_0854_80,CURE PASSIVATION,BACKSIDE ANNEAL,BACKSIDE RINSE,POLYSILICON ANNEAL,CLEAN PAD OPENING
valid_igbt_seq_0855_60,SOFT BAKE,ALIGN MASK LEVEL 5,BACKSIDE RINSE,BREAKDOWN VOLTAGE TEST,DEPOSIT METAL SEED
valid_igbt_seq_0855_80,CURE PASSIVATION,BACKSIDE ANNEAL,ANNEAL DIELECTRIC,PASSIVATION ETCH PAD OPENING,BACKSIDE RINSE
valid_igbt_seq_0856_60,SPIN COAT PHOTORESIST,MEASURE POLY THICKNESS,MEASURE METAL THICKNESS,MEASURE FILM THICKNESS,MEASURE SURFACE PARTICLES
valid_igbt_seq_0856_80,CURE PASSIVATION,BACKSIDE ANNEAL,BACKSIDE RINSE,ANNEAL DIELECTRIC,POLYSILICON ANNEAL
valid_igbt_seq_0857_60,SPIN COAT PHOTORESIST,MEASURE POLY THICKNESS,MEASURE METAL THICKNESS,MEASURE FILM THICKNESS,MEASURE SURFACE PARTICLES
valid_igbt_seq_0857_80,DEPOSIT PASSIVATION,DEPOSIT PASSIVATION LAYER,MEASURE LINE WIDTH,DEPOSIT POLYSILICON,DEPOSIT BARRIER METAL
valid_igbt_seq_0858_60,SOFT BAKE,ALIGN MASK LEVEL 5,BACKSIDE RINSE,BREAKDOWN VOLTAGE TEST,DEPOSIT METAL SEED
valid_igbt_seq_0858_80,MEASURE PASSIVATION QUALITY,MEASURE PASSIVATION THICKNESS,MEASURE FILM THICKNESS,MEASURE OXIDE THICKNESS,DEPOSIT PASSIVATION LAYER
valid_igbt_seq_0859_60,MEASURE PLANARITY,MEASURE SURFACE PLANARITY,CMP DIELECTRIC,CMP INTERLAYER DIELECTRIC,MEASURE SURFACE PARTICLES
valid_igbt_seq_0859_80,DEPOSIT PASSIVATION LAYER,DEPOSIT PASSIVATION,MEASURE LINE WIDTH,DEPOSIT POLYSILICON,DEPOSIT BARRIER METAL
valid_igbt_seq_0860_60,MEASURE SURFACE PLANARITY,MEASURE PLANARITY,CMP DIELECTRIC,CMP INTERLAYER DIELECTRIC,SPIN COAT PHOTORESIST
valid_igbt_seq_0860_80,MEASURE PASSIVATION QUALITY,MEASURE PASSIVATION THICKNESS,DEPOSIT PASSIVATION LAYER,MEASURE FILM THICKNESS,DEPOSIT PASSIVATION
valid_igbt_seq_0861_60,CMP INTERLAYER DIELECTRIC,CMP DIELECTRIC,CMP VIA FILL,CMP METAL,DENSIFY OXIDE
valid_igbt_seq_0861_80,CURE PASSIVATION,ANNEAL DIELECTRIC,BACKSIDE RINSE,BACKSIDE ANNEAL,POLYSILICON ANNEAL
valid_igbt_seq_0862_60,MEASURE PLANARITY,MEASURE SURFACE PLANARITY,CMP DIELECTRIC,CMP INTERLAYER DIELECTRIC,SPIN COAT PHOTORESIST
valid_igbt_seq_0862_80,CURE PASSIVATION,ANNEAL DIELECTRIC,BACKSIDE ANNEAL,CLEAN PAD OPENING,POLYSILICON ANNEAL
valid_igbt_seq_0863_60,CMP DIELECTRIC,CMP INTERLAYER DIELECTRIC,MEASURE SURFACE PLANARITY,DENSIFY OXIDE,CMP VIA FILL
valid_igbt_seq_0863_80,MEASURE PASSIVATION QUALITY,MEASURE PASSIVATION THICKNESS,DEPOSIT PASSIVATION LAYER,MEASURE FILM THICKNESS,DEPOSIT PASSIVATION
valid_igbt_seq_0864_60,SPIN COAT PHOTORESIST,MEASURE POLY THICKNESS,MEASURE METAL THICKNESS,MEASURE FILM THICKNESS,CMP DIELECTRIC
valid_igbt_seq_0864_80,CURE PASSIVATION,BACKSIDE RINSE,CLEAN PAD OPENING,BACKSIDE ANNEAL,POLYSILICON ANNEAL
valid_igbt_seq_0865_60,MEASURE SURFACE PLANARITY,MEASURE PLANARITY,CMP DIELECTRIC,CMP INTERLAYER DIELECTRIC,SPIN COAT PHOTORESIST
valid_igbt_seq_0865_80,CURE PASSIVATION,BACKSIDE RINSE,CLEAN PAD OPENING,BACKSIDE ANNEAL,FINAL CLEAN
valid_igbt_seq_0866_60,MEASURE PLANARITY,MEASURE SURFACE PLANARITY,CMP DIELECTRIC,CMP INTERLAYER DIELECTRIC,SPIN COAT PHOTORESIST
valid_igbt_seq_0866_80,CURE PASSIVATION,CLEAN PAD OPENING,BACKSIDE ANNEAL,BACKSIDE RINSE,POLYSILICON ANNEAL
valid_igbt_seq_0867_60,MEASURE PLANARITY,MEASURE SURFACE PLANARITY,SPIN COAT PHOTORESIST,CMP DIELECTRIC,MEASURE SURFACE PARTICLES
valid_igbt_seq_0867_80,CURE PASSIVATION,BACKSIDE ANNEAL,ANNEAL DIELECTRIC,CLEAN PAD OPENING,BACKSIDE RINSE
valid_igbt_seq_0868_60,MEASURE PLANARITY,MEASURE SURFACE PLANARITY,MEASURE SURFACE PARTICLES,SPIN COAT PHOTORESIST,MEASURE POLY THICKNESS
valid_igbt_seq_0868_80,CURE PASSIVATION,BACKSIDE ANNEAL,POLYSILICON ANNEAL,BACKSIDE RINSE,ANNEAL DIELECTRIC
valid_igbt_seq_0869_60,CMP DIELECTRIC,CMP INTERLAYER DIELECTRIC,MEASURE SURFACE PLANARITY,MEASURE PLANARITY,CMP VIA FILL
valid_igbt_seq_0869_80,CURE PASSIVATION,BACKSIDE RINSE,BACKSIDE ANNEAL,CLEAN PAD OPENING,ANNEAL DIELECTRIC
valid_igbt_seq_0870_60,MEASURE SURFACE PLANARITY,MEASURE PLANARITY,CMP DIELECTRIC,CMP INTERLAYER DIELECTRIC,SPIN COAT PHOTORESIST
valid_igbt_seq_0870_80,CURE PASSIVATION,ANNEAL DIELECTRIC,BACKSIDE ANNEAL,BACKSIDE RINSE,CLEAN PAD OPENING
valid_igbt_seq_0871_60,MEASURE SURFACE PLANARITY,MEASURE PLANARITY,CMP DIELECTRIC,CMP INTERLAYER DIELECTRIC,SPIN COAT PHOTORESIST
valid_igbt_seq_0871_80,CURE PASSIVATION,ANNEAL DIELECTRIC,BACKSIDE ANNEAL,POLYSILICON ANNEAL,BACKSIDE RINSE
valid_igbt_seq_0872_60,MEASURE PLANARITY,MEASURE SURFACE PLANARITY,MEASURE SURFACE PARTICLES,SPIN COAT PHOTORESIST,CMP DIELECTRIC
valid_igbt_seq_0872_80,DEPOSIT PASSIVATION LAYER,DEPOSIT PASSIVATION,MEASURE LINE WIDTH,DEPOSIT POLYSILICON,DEPOSIT BARRIER METAL
valid_igbt_seq_0873_60,DENSIFY OXIDE,DENSIFY DIELECTRIC,THERMAL OXIDATION,MEASURE JUNCTION DEPTH,ANNEAL METAL 1
valid_igbt_seq_0873_80,DEPOSIT PASSIVATION,DEPOSIT PASSIVATION LAYER,MEASURE LINE WIDTH,DEPOSIT BARRIER METAL,DEPOSIT POLYSILICON
valid_igbt_seq_0874_60,SPIN COAT PHOTORESIST,MEASURE METAL THICKNESS,MEASURE POLY THICKNESS,MEASURE FILM THICKNESS,MEASURE SURFACE PARTICLES
valid_igbt_seq_0874_80,CURE PASSIVATION,BACKSIDE ANNEAL,ANNEAL DIELECTRIC,ANNEAL METAL 1,ANNEAL METAL
valid_igbt_seq_0875_60,CMP INTERLAYER DIELECTRIC,CMP DIELECTRIC,CMP VIA FILL,DEPOSIT INTERLEVEL DIELECTRIC,CMP METAL
valid_igbt_seq_0875_80,MEASURE LINE WIDTH,DEPOSIT PASSIVATION,DEPOSIT PASSIVATION LAYER,PARAMETRIC TEST,PASSIVATION ETCH
valid_igbt_seq_0876_60,MEASURE PLANARITY,MEASURE SURFACE PLANARITY,CMP DIELECTRIC,CMP INTERLAYER DIELECTRIC,SPIN COAT PHOTORESIST
valid_igbt_seq_0876_80,DEPOSIT PASSIVATION,DEPOSIT PASSIVATION LAYER,MEASURE LINE WIDTH,DEPOSIT BARRIER METAL,DEPOSIT POLYSILICON
valid_igbt_seq_0877_60,MEASURE PLANARITY,MEASURE SURFACE PLANARITY,CMP DIELECTRIC,CMP INTERLAYER DIELECTRIC,SPIN COAT PHOTORESIST
valid_igbt_seq_0877_80,CURE PASSIVATION,BACKSIDE ANNEAL,CLEAN PAD OPENING,BACKSIDE RINSE,PASSIVATION ETCH PAD OPENING
valid_igbt_seq_0878_60,MEASURE PLANARITY,MEASURE SURFACE PLANARITY,MEASURE SURFACE PARTICLES,SPIN COAT PHOTORESIST,MEASURE POLY THICKNESS
valid_igbt_seq_0878_80,MEASURE PASSIVATION QUALITY,MEASURE PASSIVATION THICKNESS,MEASURE FILM THICKNESS,DEPOSIT PASSIVATION LAYER,MEASURE OXIDE THICKNESS
valid_igbt_seq_0879_60,MEASURE SURFACE PLANARITY,MEASURE PLANARITY,CMP DIELECTRIC,CMP INTERLAYER DIELECTRIC,SPIN COAT PHOTORESIST
valid_igbt_seq_0879_80,DEPOSIT PASSIVATION LAYER,DEPOSIT PASSIVATION,MEASURE LINE WIDTH,DEPOSIT POLYSILICON,DEPOSIT BARRIER METAL
valid_igbt_seq_0880_60,SPIN COAT PHOTORESIST,MEASURE POLY THICKNESS,MEASURE METAL THICKNESS,MEASURE FILM THICKNESS,MEASURE SURFACE PARTICLES
valid_igbt_seq_0880_80,CURE PASSIVATION,ANNEAL DIELECTRIC,POLYSILICON ANNEAL,BACKSIDE ANNEAL,MEASURE PAD OPENING
valid_igbt_seq_0881_60,MEASURE FILM THICKNESS,MEASURE DIELECTRIC THICKNESS,MEASURE OXIDE THICKNESS,SPIN COAT PHOTORESIST,PARAMETRIC TEST
valid_igbt_seq_0881_80,MEASURE LINE WIDTH,DEPOSIT PASSIVATION LAYER,DEPOSIT PASSIVATION,PARAMETRIC TEST,PASSIVATION ETCH
valid_igbt_seq_0882_60,SPIN COAT PHOTORESIST,MEASURE POLY THICKNESS,MEASURE METAL THICKNESS,MEASURE FILM THICKNESS,CMP DIELECTRIC
valid_igbt_seq_0882_80,DEPOSIT PASSIVATION LAYER,DEPOSIT PASSIVATION,MEASURE LINE WIDTH,DEPOSIT POLYSILICON,DEPOSIT INTERLAYER DIELECTRIC
valid_igbt_seq_0883_60,SPIN COAT PHOTORESIST,MEASURE METAL THICKNESS,MEASURE POLY THICKNESS,MEASURE FILM THICKNESS,MEASURE SURFACE PARTICLES
valid_igbt_seq_0883_80,OPEN PAD WINDOW,OPEN BOND PAD WINDOW,PAD WINDOW LITHO,OPEN PAD WINDOW LITHO,DEVELOP PAD WINDOW
valid_igbt_seq_0884_60,SOFT BAKE,BACKSIDE RINSE,ALIGN MASK LEVEL 5,DEPOSIT METAL SEED,ALIGN MASK LEVEL 4
valid_igbt_seq_0884_80,CURE PASSIVATION,ANNEAL DIELECTRIC,MEASURE PAD OPENING,PASSIVATION ETCH PAD OPENING,CLEAN PAD OPENING
valid_igbt_seq_0885_60,SPIN COAT PHOTORESIST,MEASURE METAL THICKNESS,MEASURE POLY THICKNESS,MEASURE FILM THICKNESS,MEASURE SURFACE PARTICLES
valid_igbt_seq_0885_80,CURE PASSIVATION,BACKSIDE ANNEAL,ANNEAL DIELECTRIC,BACKSIDE RINSE,POLYSILICON ANNEAL
valid_igbt_seq_0886_60,DENSIFY OXIDE,DENSIFY DIELECTRIC,MEASURE JUNCTION DEPTH,THERMAL OXIDATION,ANNEAL METAL
valid_igbt_seq_0886_80,MEASURE LINE WIDTH,DEPOSIT PASSIVATION LAYER,DEPOSIT PASSIVATION,MEASURE PASSIVATION THICKNESS,MEASURE PASSIVATION QUALITY
valid_igbt_seq_0887_60,CMP INTERLAYER DIELECTRIC,CMP DIELECTRIC,DENSIFY DIELECTRIC,DENSIFY OXIDE,DEPOSIT INTERLEVEL DIELECTRIC
valid_igbt_seq_0887_80,CURE PASSIVATION,BACKSIDE ANNEAL,PASSIVATION ETCH PAD OPENING,PASSIVATION ETCH,ANNEAL DIELECTRIC
valid_igbt_seq_0888_60,CMP INTERLAYER DIELECTRIC,CMP DIELECTRIC,DEPOSIT INTERLEVEL DIELECTRIC,DEPOSIT INTERLAYER DIELECTRIC,DENSIFY OXIDE
valid_igbt_seq_0888_80,DEPOSIT PASSIVATION,DEPOSIT PASSIVATION LAYER,MEASURE LINE WIDTH,DEPOSIT BARRIER METAL,DEPOSIT POLYSILICON
valid_igbt_seq_0889_60,SPIN COAT PHOTORESIST,MEASURE METAL THICKNESS,MEASURE POLY THICKNESS,MEASURE FILM THICKNESS,MEASURE SURFACE PARTICLES
valid_igbt_seq_0889_80,MEASURE PASSIVATION THICKNESS,MEASURE PASSIVATION QUALITY,MEASURE FILM THICKNESS,MEASURE OXIDE THICKNESS,DEPOSIT PASSIVATION LAYER
valid_igbt_seq_0890_60,SPIN COAT PHOTORESIST,MEASURE METAL THICKNESS,MEASURE POLY THICKNESS,MEASURE FILM THICKNESS,MEASURE SURFACE PARTICLES
valid_igbt_seq_0890_80,CURE PASSIVATION,BACKSIDE ANNEAL,BACKSIDE RINSE,POLYSILICON ANNEAL,ANNEAL DIELECTRIC
valid_igbt_seq_0891_60,SOFT BAKE,BACKSIDE RINSE,DEPOSIT METAL SEED,ALIGN MASK LEVEL 5,ALIGN MASK LEVEL 4
valid_igbt_seq_0891_80,CURE PASSIVATION,ANNEAL DIELECTRIC,BACKSIDE ANNEAL,PASSIVATION ETCH PAD OPENING,PASSIVATION ETCH
valid_igbt_seq_0892_60,SPIN COAT PHOTORESIST,MEASURE METAL THICKNESS,MEASURE POLY THICKNESS,MEASURE FILM THICKNESS,MEASURE SURFACE PARTICLES
valid_igbt_seq_0892_80,CURE PASSIVATION,ANNEAL DIELECTRIC,BACKSIDE ANNEAL,BACKSIDE RINSE,PASSIVATION ETCH PAD OPENING
valid_igbt_seq_0893_60,SPIN COAT PHOTORESIST,MEASURE METAL THICKNESS,MEASURE POLY THICKNESS,MEASURE FILM THICKNESS,MEASURE SURFACE PARTICLES
valid_igbt_seq_0893_80,CURE PASSIVATION,ANNEAL DIELECTRIC,BACKSIDE ANNEAL,PASSIVATION ETCH PAD OPENING,BACKSIDE RINSE
valid_igbt_seq_0894_60,SPIN COAT PHOTORESIST,MEASURE METAL THICKNESS,MEASURE POLY THICKNESS,MEASURE FILM THICKNESS,MEASURE SURFACE PARTICLES
valid_igbt_seq_0894_80,CURE PASSIVATION,BACKSIDE ANNEAL,BACKSIDE RINSE,ANNEAL DIELECTRIC,POLYSILICON ANNEAL
valid_igbt_seq_0895_60,SPIN COAT PHOTORESIST,MEASURE METAL THICKNESS,MEASURE POLY THICKNESS,MEASURE FILM THICKNESS,MEASURE SURFACE PARTICLES
valid_igbt_seq_0895_80,MEASURE PASSIVATION QUALITY,MEASURE PASSIVATION THICKNESS,MEASURE FILM THICKNESS,MEASURE OXIDE THICKNESS,DEPOSIT PASSIVATION LAYER
valid_igbt_seq_0896_60,CMP INTERLAYER DIELECTRIC,CMP DIELECTRIC,DEPOSIT INTERLEVEL DIELECTRIC,DEPOSIT INTERLAYER DIELECTRIC,CMP VIA FILL
valid_igbt_seq_0896_80,DEPOSIT PASSIVATION LAYER,DEPOSIT PASSIVATION,MEASURE LINE WIDTH,DEPOSIT POLYSILICON,DEPOSIT BARRIER METAL
valid_igbt_seq_0897_60,SPIN COAT PHOTORESIST,MEASURE METAL THICKNESS,MEASURE POLY THICKNESS,MEASURE FILM THICKNESS,CMP DIELECTRIC
valid_igbt_seq_0897_80,MEASURE PASSIVATION QUALITY,MEASURE PASSIVATION THICKNESS,MEASURE FILM THICKNESS,DEPOSIT PASSIVATION LAYER,MEASURE OXIDE QUALITY
valid_igbt_seq_0898_60,MEASURE PLANARITY,MEASURE SURFACE PLANARITY,MEASURE SURFACE PARTICLES,CMP DIELECTRIC,SPIN COAT PHOTORESIST
valid_igbt_seq_0898_80,CURE PASSIVATION,BACKSIDE RINSE,BACKSIDE ANNEAL,POLYSILICON ANNEAL,CLEAN PAD OPENING
valid_igbt_seq_0899_60,CMP INTERLAYER DIELECTRIC,CMP DIELECTRIC,CMP VIA FILL,CMP METAL,DENSIFY OXIDE
valid_igbt_seq_0899_80,DEPOSIT PASSIVATION LAYER,DEPOSIT PASSIVATION,MEASURE LINE WIDTH,DEPOSIT BARRIER METAL,DEPOSIT POLYSILICON
valid_igbt_seq_0900_60,MEASURE PLANARITY,MEASURE SURFACE PLANARITY,SPIN COAT PHOTORESIST,MEASURE SURFACE PARTICLES,CMP DIELECTRIC
valid_igbt_seq_0900_80,MEASURE PASSIVATION THICKNESS,MEASURE PASSIVATION QUALITY,MEASURE FILM THICKNESS,MEASURE OXIDE THICKNESS,DEPOSIT PASSIVATION LAYER
valid_igbt_seq_0901_60,MEASURE DIELECTRIC THICKNESS,MEASURE FILM THICKNESS,MEASURE OXIDE THICKNESS,SPIN COAT PHOTORESIST,PARAMETRIC TEST
valid_igbt_seq_0901_80,MEASURE LINE WIDTH,DEPOSIT PASSIVATION LAYER,DEPOSIT PASSIVATION,PARAMETRIC TEST,DEPOSIT INTERLAYER DIELECTRIC
valid_igbt_seq_0902_60,DEVELOP PHOTORESIST,POST EXPOSE BAKE,DEVELOP PAD WINDOW,HARD BAKE,PARAMETRIC TEST
valid_igbt_seq_0902_80,OPEN PAD WINDOW,OPEN BOND PAD WINDOW,PAD WINDOW LITHO,OPEN PAD WINDOW LITHO,MEASURE WINDOW CD
valid_igbt_seq_0903_60,MEASURE PLANARITY,MEASURE SURFACE PLANARITY,CMP DIELECTRIC,CMP INTERLAYER DIELECTRIC,SPIN COAT PHOTORESIST
valid_igbt_seq_0903_80,MEASURE LINE WIDTH,DEPOSIT PASSIVATION LAYER,DEPOSIT PASSIVATION,PASSIVATION ETCH,MEASURE PASSIVATION THICKNESS
valid_igbt_seq_0904_60,CMP INTERLAYER DIELECTRIC,CMP DIELECTRIC,DENSIFY DIELECTRIC,DENSIFY OXIDE,CMP VIA FILL
valid_igbt_seq_0904_80,CURE PASSIVATION,BACKSIDE RINSE,ANNEAL DIELECTRIC,CLEAN PAD OPENING,BACKSIDE ANNEAL
valid_igbt_seq_0905_60,SPIN COAT PHOTORESIST,MEASURE METAL THICKNESS,MEASURE POLY THICKNESS,MEASURE FILM THICKNESS,MEASURE SURFACE PARTICLES
valid_igbt_seq_0905_80,CURE PASSIVATION,BACKSIDE ANNEAL,ANNEAL DIELECTRIC,BACKSIDE RINSE,PASSIVATION ETCH PAD OPENING
valid_igbt_seq_0906_60,MEASURE FILM THICKNESS,MEASURE DIELECTRIC THICKNESS,MEASURE OXIDE THICKNESS,SPIN COAT PHOTORESIST,PARAMETRIC TEST
valid_igbt_seq_0906_80,DEPOSIT PASSIVATION,DEPOSIT PASSIVATION LAYER,MEASURE LINE WIDTH,DEPOSIT BARRIER METAL,DEPOSIT POLYSILICON
valid_igbt_seq_0907_60,SPIN COAT PHOTORESIST,MEASURE METAL THICKNESS,MEASURE POLY THICKNESS,MEASURE FILM THICKNESS,MEASURE SURFACE PARTICLES
valid_igbt_seq_0907_80,CURE PASSIVATION,BACKSIDE ANNEAL,BACKSIDE RINSE,PASSIVATION ETCH PAD OPENING,ANNEAL DIELECTRIC
valid_igbt_seq_0908_60,DENSIFY OXIDE,DENSIFY DIELECTRIC,ANNEAL METAL,ANNEAL METAL 1,THERMAL OXIDATION
valid_igbt_seq_0908_80,DEPOSIT PASSIVATION LAYER,DEPOSIT PASSIVATION,MEASURE LINE WIDTH,DEPOSIT POLYSILICON,CMP DIELECTRIC
valid_igbt_seq_0909_60,MEASURE PLANARITY,MEASURE SURFACE PLANARITY,SPIN COAT PHOTORESIST,CMP DIELECTRIC,CMP INTERLAYER DIELECTRIC
valid_igbt_seq_0909_80,MEASURE LINE WIDTH,DEPOSIT PASSIVATION,DEPOSIT PASSIVATION LAYER,PARAMETRIC TEST,MEASURE VIA CD
valid_igbt_seq_0910_60,MEASURE DIELECTRIC THICKNESS,MEASURE FILM THICKNESS,MEASURE OXIDE THICKNESS,SPIN COAT PHOTORESIST,PARAMETRIC TEST
valid_igbt_seq_0910_80,DEPOSIT PASSIVATION LAYER,DEPOSIT PASSIVATION,MEASURE LINE WIDTH,DEPOSIT POLYSILICON,DEPOSIT BARRIER METAL
valid_igbt_seq_0911_60,SPIN COAT PHOTORESIST,MEASURE POLY THICKNESS,MEASURE METAL THICKNESS,MEASURE FILM THICKNESS,MEASURE SURFACE PARTICLES
valid_igbt_seq_0911_80,CURE PASSIVATION,BACKSIDE RINSE,BACKSIDE ANNEAL,CLEAN PAD OPENING,POLYSILICON ANNEAL
valid_igbt_seq_0912_60,SPIN COAT PHOTORESIST,MEASURE METAL THICKNESS,MEASURE POLY THICKNESS,MEASURE FILM THICKNESS,MEASURE SURFACE PARTICLES
valid_igbt_seq_0912_80,MEASURE PASSIVATION QUALITY,MEASURE PASSIVATION THICKNESS,MEASURE FILM THICKNESS,MEASURE OXIDE THICKNESS,DEPOSIT PASSIVATION LAYER
valid_igbt_seq_0913_60,SPIN COAT PHOTORESIST,MEASURE POLY THICKNESS,MEASURE METAL THICKNESS,MEASURE FILM THICKNESS,MEASURE SURFACE PARTICLES
valid_igbt_seq_0913_80,CURE PASSIVATION,BACKSIDE RINSE,BACKSIDE ANNEAL,CLEAN PAD OPENING,ANNEAL DIELECTRIC
valid_igbt_seq_0914_60,MEASURE SURFACE PLANARITY,MEASURE PLANARITY,CMP DIELECTRIC,CMP INTERLAYER DIELECTRIC,MEASURE SURFACE PARTICLES
valid_igbt_seq_0914_80,MEASURE LINE WIDTH,DEPOSIT PASSIVATION,DEPOSIT PASSIVATION LAYER,PASSIVATION ETCH,MEASURE DEVICE PARAMETER
valid_igbt_seq_0915_60,CMP DIELECTRIC,CMP INTERLAYER DIELECTRIC,DENSIFY OXIDE,DENSIFY DIELECTRIC,CMP VIA FILL
valid_igbt_seq_0915_80,CURE PASSIVATION,ANNEAL DIELECTRIC,BACKSIDE ANNEAL,CLEAN PAD OPENING,BACKSIDE RINSE
valid_igbt_seq_0916_60,MEASURE PLANARITY,MEASURE SURFACE PLANARITY,CMP DIELECTRIC,CMP INTERLAYER DIELECTRIC,MEASURE SURFACE PARTICLES
valid_igbt_seq_0916_80,MEASURE LINE WIDTH,DEPOSIT PASSIVATION,DEPOSIT PASSIVATION LAYER,PARAMETRIC TEST,PASSIVATION ETCH
valid_igbt_seq_0917_60,MEASURE PLANARITY,MEASURE SURFACE PLANARITY,SPIN COAT PHOTORESIST,MEASURE SURFACE PARTICLES,CMP DIELECTRIC
valid_igbt_seq_0917_80,CURE PASSIVATION,BACKSIDE ANNEAL,PASSIVATION ETCH PAD OPENING,PASSIVATION ETCH,ANNEAL DIELECTRIC
valid_igbt_seq_0918_60,ALIGN MASK LEVEL 5,ALIGN MASK LEVEL 6,ALIGN MASK LEVEL 1,BREAKDOWN VOLTAGE TEST,ALIGN MASK LEVEL 3
valid_igbt_seq_0918_80,CURE PASSIVATION,BACKSIDE ANNEAL,BACKSIDE RINSE,CLEAN PAD OPENING,ANNEAL METAL 1
valid_igbt_seq_0919_60,SOFT BAKE,DEPOSIT METAL SEED,BACKSIDE RINSE,ALIGN MASK LEVEL 5,ALIGN MASK LEVEL 4
valid_igbt_seq_0919_80,CURE PASSIVATION,ANNEAL DIELECTRIC,PASSIVATION ETCH PAD OPENING,BACKSIDE ANNEAL,PASSIVATION ETCH
valid_igbt_seq_0920_60,DENSIFY DIELECTRIC,DENSIFY OXIDE,ANNEAL METAL,ANNEAL METAL 1,THERMAL OXIDATION
valid_igbt_seq_0920_80,MEASURE LINE WIDTH,DEPOSIT PASSIVATION LAYER,DEPOSIT PASSIVATION,PASSIVATION ETCH,PASSIVATION ETCH PAD OPENING
valid_igbt_seq_0921_60,MEASURE PLANARITY,MEASURE SURFACE PLANARITY,MEASURE SURFACE PARTICLES,CMP DIELECTRIC,SPIN COAT PHOTORESIST
valid_igbt_seq_0921_80,MEASURE PASSIVATION THICKNESS,MEASURE PASSIVATION QUALITY,MEASURE FILM THICKNESS,MEASURE OXIDE THICKNESS,DEPOSIT PASSIVATION LAYER
valid_igbt_seq_0922_60,CMP DIELECTRIC,CMP INTERLAYER DIELECTRIC,CMP VIA FILL,CMP METAL,DENSIFY OXIDE
valid_igbt_seq_0922_80,DEPOSIT PASSIVATION LAYER,DEPOSIT PASSIVATION,MEASURE LINE WIDTH,DEPOSIT POLYSILICON,CMP DIELECTRIC
valid_igbt_seq_0923_60,MEASURE FILM THICKNESS,MEASURE DIELECTRIC THICKNESS,MEASURE OXIDE THICKNESS,SPIN COAT PHOTORESIST,PARAMETRIC TEST
valid_igbt_seq_0923_80,CURE PASSIVATION,ANNEAL DIELECTRIC,BACKSIDE ANNEAL,BACKSIDE RINSE,FINAL CLEAN
valid_igbt_seq_0924_60,SOFT BAKE,DEPOSIT METAL SEED,ALIGN MASK LEVEL 5,BACKSIDE RINSE,BREAKDOWN VOLTAGE TEST
valid_igbt_seq_0924_80,MEASURE PASSIVATION QUALITY,MEASURE PASSIVATION THICKNESS,MEASURE FILM THICKNESS,MEASURE OXIDE THICKNESS,DEPOSIT PASSIVATION LAYER
valid_igbt_seq_0925_60,MEASURE FILM THICKNESS,MEASURE DIELECTRIC THICKNESS,MEASURE OXIDE THICKNESS,SPIN COAT PHOTORESIST,PARAMETRIC TEST
valid_igbt_seq_0925_80,DEPOSIT PASSIVATION LAYER,DEPOSIT PASSIVATION,MEASURE LINE WIDTH,DEPOSIT POLYSILICON,DEPOSIT BARRIER METAL
valid_igbt_seq_0926_60,MEASURE PLANARITY,MEASURE SURFACE PLANARITY,CMP DIELECTRIC,SPIN COAT PHOTORESIST,CMP INTERLAYER DIELECTRIC
valid_igbt_seq_0926_80,MEASURE PASSIVATION QUALITY,MEASURE PASSIVATION THICKNESS,MEASURE FILM THICKNESS,DEPOSIT PASSIVATION LAYER,MEASURE OXIDE THICKNESS
valid_igbt_seq_0927_60,CMP INTERLAYER DIELECTRIC,CMP DIELECTRIC,CMP VIA FILL,CMP METAL,DENSIFY DIELECTRIC
valid_igbt_seq_0927_80,MEASURE PASSIVATION QUALITY,MEASURE PASSIVATION THICKNESS,MEASURE FILM THICKNESS,DEPOSIT PASSIVATION LAYER,MEASURE OXIDE THICKNESS
valid_igbt_seq_0928_60,SPIN COAT PHOTORESIST,MEASURE METAL THICKNESS,MEASURE POLY THICKNESS,MEASURE FILM THICKNESS,CMP DIELECTRIC
valid_igbt_seq_0928_80,DEPOSIT PASSIVATION,DEPOSIT PASSIVATION LAYER,MEASURE LINE WIDTH,DEPOSIT BARRIER METAL,DEPOSIT POLYSILICON
valid_igbt_seq_0929_60,MEASURE PLANARITY,MEASURE SURFACE PLANARITY,CMP DIELECTRIC,CMP INTERLAYER DIELECTRIC,SPIN COAT PHOTORESIST
valid_igbt_seq_0929_80,DEPOSIT PASSIVATION,DEPOSIT PASSIVATION LAYER,MEASURE LINE WIDTH,DEPOSIT BARRIER METAL,DEPOSIT POLYSILICON
valid_igbt_seq_0930_60,SPIN COAT PHOTORESIST,MEASURE METAL THICKNESS,MEASURE POLY THICKNESS,MEASURE FILM THICKNESS,MEASURE SURFACE PARTICLES
valid_igbt_seq_0930_80,CURE PASSIVATION,BACKSIDE RINSE,BACKSIDE ANNEAL,POLYSILICON ANNEAL,ANNEAL DIELECTRIC
valid_igbt_seq_0931_60,MEASURE PLANARITY,MEASURE SURFACE PLANARITY,CMP DIELECTRIC,CMP INTERLAYER DIELECTRIC,SPIN COAT PHOTORESIST
valid_igbt_seq_0931_80,CURE PASSIVATION,BACKSIDE ANNEAL,ANNEAL DIELECTRIC,ANNEAL METAL 1,POLYSILICON ANNEAL
valid_igbt_seq_0932_60,SPIN COAT PHOTORESIST,MEASURE POLY THICKNESS,MEASURE METAL THICKNESS,MEASURE FILM THICKNESS,CMP DIELECTRIC
valid_igbt_seq_0932_80,CURE PASSIVATION,BACKSIDE ANNEAL,BACKSIDE RINSE,POLYSILICON ANNEAL,CLEAN PAD OPENING
valid_igbt_seq_0933_60,DENSIFY OXIDE,DENSIFY DIELECTRIC,THERMAL OXIDATION,MEASURE JUNCTION DEPTH,ANNEAL METAL 1
valid_igbt_seq_0933_80,DEPOSIT PASSIVATION LAYER,DEPOSIT PASSIVATION,MEASURE LINE WIDTH,DEPOSIT POLYSILICON,DEPOSIT BARRIER METAL
valid_igbt_seq_0934_60,MEASURE PLANARITY,MEASURE SURFACE PLANARITY,SPIN COAT PHOTORESIST,MEASURE SURFACE PARTICLES,CMP DIELECTRIC
valid_igbt_seq_0934_80,DEPOSIT PASSIVATION LAYER,DEPOSIT PASSIVATION,MEASURE LINE WIDTH,DEPOSIT POLYSILICON,DEPOSIT INTERLAYER DIELECTRIC
valid_igbt_seq_0935_60,SPIN COAT PHOTORESIST,MEASURE POLY THICKNESS,MEASURE METAL THICKNESS,MEASURE FILM THICKNESS,CMP DIELECTRIC
valid_igbt_seq_0935_80,MEASURE PASSIVATION QUALITY,MEASURE PASSIVATION THICKNESS,MEASURE FILM THICKNESS,MEASURE OXIDE THICKNESS,DEPOSIT PASSIVATION LAYER
valid_igbt_seq_0936_60,SPIN COAT PHOTORESIST,MEASURE METAL THICKNESS,MEASURE POLY THICKNESS,MEASURE FILM THICKNESS,CMP DIELECTRIC
valid_igbt_seq_0936_80,CURE PASSIVATION,ANNEAL DIELECTRIC,BACKSIDE ANNEAL,MEASURE PAD OPENING,POLYSILICON ANNEAL
valid_igbt_seq_0937_60,MEASURE PLANARITY,MEASURE SURFACE PLANARITY,CMP DIELECTRIC,CMP INTERLAYER DIELECTRIC,MEASURE SURFACE PARTICLES
valid_igbt_seq_0937_80,CURE PASSIVATION,BACKSIDE RINSE,BACKSIDE ANNEAL,CLEAN PAD OPENING,POLYSILICON ANNEAL
valid_igbt_seq_0938_60,MEASURE PLANARITY,MEASURE SURFACE PLANARITY,CMP DIELECTRIC,CMP INTERLAYER DIELECTRIC,SPIN COAT PHOTORESIST
valid_igbt_seq_0938_80,MEASURE PASSIVATION QUALITY,MEASURE PASSIVATION THICKNESS,MEASURE FILM THICKNESS,DEPOSIT PASSIVATION LAYER,MEASURE OXIDE QUALITY
valid_igbt_seq_0939_60,CMP DIELECTRIC,CMP INTERLAYER DIELECTRIC,CMP VIA FILL,DENSIFY OXIDE,CMP METAL
valid_igbt_seq_0939_80,CURE PASSIVATION,ANNEAL DIELECTRIC,BACKSIDE RINSE,BACKSIDE ANNEAL,CLEAN PAD OPENING
valid_igbt_seq_0940_60,SPIN COAT PHOTORESIST,MEASURE POLY THICKNESS,MEASURE METAL THICKNESS,MEASURE FILM THICKNESS,MEASURE SURFACE PARTICLES
valid_igbt_seq_0940_80,MEASURE PASSIVATION QUALITY,MEASURE PASSIVATION THICKNESS,MEASURE FILM THICKNESS,MEASURE OXIDE THICKNESS,DEPOSIT PASSIVATION LAYER
valid_igbt_seq_0941_60,CMP DIELECTRIC,CMP INTERLAYER DIELECTRIC,CMP VIA FILL,DENSIFY OXIDE,CMP METAL
valid_igbt_seq_0941_80,CURE PASSIVATION,ANNEAL DIELECTRIC,BACKSIDE ANNEAL,BACKSIDE RINSE,CLEAN PAD OPENING
valid_igbt_seq_0942_60,DENSIFY OXIDE,DENSIFY DIELECTRIC,THERMAL OXIDATION,MEASURE JUNCTION DEPTH,ANNEAL METAL
valid_igbt_seq_0942_80,MEASURE LINE WIDTH,DEPOSIT PASSIVATION,DEPOSIT PASSIVATION LAYER,PASSIVATION ETCH,PASSIVATION ETCH PAD OPENING
valid_igbt_seq_0943_60,CMP INTERLAYER DIELECTRIC,CMP DIELECTRIC,DENSIFY OXIDE,DENSIFY DIELECTRIC,CMP VIA FILL
valid_igbt_seq_0943_80,CURE PASSIVATION,ANNEAL DIELECTRIC,BACKSIDE ANNEAL,BACKSIDE RINSE,FINAL CLEAN
valid_igbt_seq_0944_60,MEASURE PLANARITY,MEASURE SURFACE PLANARITY,CMP DIELECTRIC,CMP INTERLAYER DIELECTRIC,SPIN COAT PHOTORESIST
valid_igbt_seq_0944_80,CURE PASSIVATION,BACKSIDE ANNEAL,BACKSIDE RINSE,ANNEAL DIELECTRIC,CLEAN PAD OPENING
valid_igbt_seq_0945_60,ALIGN MASK LEVEL 5,ALIGN MASK LEVEL 6,ALIGN MASK LEVEL 1,ALIGN MASK LEVEL 3,LEAKAGE TEST
valid_igbt_seq_0945_80,CURE PASSIVATION,BACKSIDE RINSE,BACKSIDE ANNEAL,CLEAN PAD OPENING,MEASURE BACKSIDE CONTACT
valid_igbt_seq_0946_60,SPIN COAT PHOTORESIST,MEASURE METAL THICKNESS,MEASURE POLY THICKNESS,MEASURE FILM THICKNESS,MEASURE SURFACE PARTICLES
valid_igbt_seq_0946_80,MEASURE PASSIVATION THICKNESS,MEASURE PASSIVATION QUALITY,MEASURE FILM THICKNESS,DEPOSIT PASSIVATION LAYER,DEPOSIT PASSIVATION
valid_igbt_seq_0947_60,ALIGN MASK LEVEL 5,ALIGN MASK LEVEL 6,ALIGN MASK LEVEL 1,BREAKDOWN VOLTAGE TEST,ALIGN MASK LEVEL 3
valid_igbt_seq_0947_80,CURE PASSIVATION,BACKSIDE ANNEAL,ANNEAL DIELECTRIC,BACKSIDE RINSE,CLEAN PAD OPENING
valid_igbt_seq_0948_60,CMP DIELECTRIC,CMP INTERLAYER DIELECTRIC,DEPOSIT INTERLEVEL DIELECTRIC,CMP VIA FILL,DEPOSIT INTERLAYER DIELECTRIC
valid_igbt_seq_0948_80,CURE PASSIVATION,BACKSIDE RINSE,CLEAN PAD OPENING,ANNEAL DIELECTRIC,BACKSIDE ANNEAL
valid_igbt_seq_0949_60,SPIN COAT PHOTORESIST,MEASURE METAL THICKNESS,MEASURE POLY THICKNESS,MEASURE FILM THICKNESS,MEASURE SURFACE PARTICLES
valid_igbt_seq_0949_80,MEASURE PASSIVATION QUALITY,MEASURE PASSIVATION THICKNESS,MEASURE FILM THICKNESS,DEPOSIT PASSIVATION LAYER,MEASURE OXIDE THICKNESS
valid_igbt_seq_0950_60,MEASURE DIELECTRIC THICKNESS,MEASURE FILM THICKNESS,MEASURE OXIDE THICKNESS,SPIN COAT PHOTORESIST,PARAMETRIC TEST
valid_igbt_seq_0950_80,MEASURE LINE WIDTH,DEPOSIT PASSIVATION LAYER,DEPOSIT PASSIVATION,PASSIVATION ETCH,PASSIVATION ETCH PAD OPENING
valid_igbt_seq_0951_60,SOFT BAKE,BACKSIDE RINSE,ALIGN MASK LEVEL 5,DEPOSIT METAL SEED,BREAKDOWN VOLTAGE TEST
valid_igbt_seq_0951_80,CURE PASSIVATION,BACKSIDE ANNEAL,PASSIVATION ETCH PAD OPENING,POLYSILICON ANNEAL,BACKSIDE RINSE
valid_igbt_seq_0952_60,SPIN COAT PHOTORESIST,MEASURE METAL THICKNESS,MEASURE POLY THICKNESS,MEASURE FILM THICKNESS,MEASURE SURFACE PARTICLES
valid_igbt_seq_0952_80,DEPOSIT PASSIVATION LAYER,DEPOSIT PASSIVATION,MEASURE LINE WIDTH,DEPOSIT POLYSILICON,DEPOSIT BARRIER METAL
valid_igbt_seq_0953_60,SOFT BAKE,ALIGN MASK LEVEL 5,DEPOSIT METAL SEED,BACKSIDE RINSE,ALIGN MASK LEVEL 4
valid_igbt_seq_0953_80,CURE PASSIVATION,BACKSIDE RINSE,BACKSIDE ANNEAL,CLEAN PAD OPENING,POLYSILICON ANNEAL
valid_igbt_seq_0954_60,SPIN COAT PHOTORESIST,MEASURE METAL THICKNESS,MEASURE POLY THICKNESS,MEASURE FILM THICKNESS,MEASURE SURFACE PARTICLES
valid_igbt_seq_0954_80,MEASURE PASSIVATION QUALITY,MEASURE PASSIVATION THICKNESS,MEASURE FILM THICKNESS,DEPOSIT PASSIVATION LAYER,MEASURE OXIDE THICKNESS
valid_igbt_seq_0955_60,MEASURE SURFACE PLANARITY,MEASURE PLANARITY,CMP DIELECTRIC,CMP INTERLAYER DIELECTRIC,MEASURE SURFACE PARTICLES
valid_igbt_seq_0955_80,MEASURE PASSIVATION QUALITY,MEASURE PASSIVATION THICKNESS,MEASURE FILM THICKNESS,DEPOSIT PASSIVATION LAYER,MEASURE OXIDE THICKNESS
valid_igbt_seq_0956_60,SOFT BAKE,ALIGN MASK LEVEL 5,BACKSIDE RINSE,DEPOSIT METAL SEED,BREAKDOWN VOLTAGE TEST
valid_igbt_seq_0956_80,CURE PASSIVATION,BACKSIDE RINSE,BACKSIDE ANNEAL,ANNEAL DIELECTRIC,POLYSILICON ANNEAL
valid_igbt_seq_0957_60,CMP DIELECTRIC,CMP INTERLAYER DIELECTRIC,DEPOSIT INTERLEVEL DIELECTRIC,DEPOSIT INTERLAYER DIELECTRIC,CMP VIA FILL
valid_igbt_seq_0957_80,DEPOSIT PASSIVATION LAYER,DEPOSIT PASSIVATION,MEASURE LINE WIDTH,DEPOSIT POLYSILICON,DEPOSIT BARRIER METAL
valid_igbt_seq_0958_60,DENSIFY OXIDE,DENSIFY DIELECTRIC,MEASURE JUNCTION DEPTH,THERMAL OXIDATION,ANNEAL METAL 1
valid_igbt_seq_0958_80,DEPOSIT PASSIVATION LAYER,DEPOSIT PASSIVATION,MEASURE LINE WIDTH,DEPOSIT POLYSILICON,DEPOSIT INTERLAYER DIELECTRIC
valid_igbt_seq_0959_60,MEASURE PLANARITY,MEASURE SURFACE PLANARITY,CMP DIELECTRIC,CMP INTERLAYER DIELECTRIC,SPIN COAT PHOTORESIST
valid_igbt_seq_0959_80,MEASURE PASSIVATION THICKNESS,MEASURE PASSIVATION QUALITY,MEASURE FILM THICKNESS,DEPOSIT PASSIVATION LAYER,MEASURE OXIDE THICKNESS
valid_igbt_seq_0960_60,SPIN COAT PHOTORESIST,MEASURE POLY THICKNESS,MEASURE METAL THICKNESS,MEASURE FILM THICKNESS,MEASURE SURFACE PARTICLES
valid_igbt_seq_0960_80,CURE PASSIVATION,BACKSIDE RINSE,CLEAN PAD OPENING,ANNEAL DIELECTRIC,POLYSILICON ANNEAL
valid_igbt_seq_0961_60,SOFT BAKE,ALIGN MASK LEVEL 5,BACKSIDE RINSE,DEPOSIT METAL SEED,BREAKDOWN VOLTAGE TEST
valid_igbt_seq_0961_80,MEASURE PASSIVATION QUALITY,MEASURE PASSIVATION THICKNESS,MEASURE FILM THICKNESS,MEASURE OXIDE THICKNESS,DEPOSIT PASSIVATION LAYER
valid_igbt_seq_0962_60,MEASURE SURFACE PLANARITY,MEASURE PLANARITY,MEASURE SURFACE PARTICLES,SPIN COAT PHOTORESIST,CMP DIELECTRIC
valid_igbt_seq_0962_80,DEPOSIT PASSIVATION LAYER,DEPOSIT PASSIVATION,MEASURE LINE WIDTH,DEPOSIT POLYSILICON,DEPOSIT BARRIER METAL
valid_igbt_seq_0963_60,SPIN COAT PHOTORESIST,MEASURE METAL THICKNESS,MEASURE POLY THICKNESS,MEASURE FILM THICKNESS,MEASURE SURFACE PARTICLES
valid_igbt_seq_0963_80,MEASURE PASSIVATION QUALITY,MEASURE PASSIVATION THICKNESS,MEASURE FILM THICKNESS,MEASURE OXIDE THICKNESS,DEPOSIT PASSIVATION LAYER
valid_igbt_seq_0964_60,MEASURE PLANARITY,MEASURE SURFACE PLANARITY,SPIN COAT PHOTORESIST,MEASURE POLY THICKNESS,MEASURE FILM THICKNESS
valid_igbt_seq_0964_80,CURE PASSIVATION,ANNEAL DIELECTRIC,BACKSIDE ANNEAL,MEASURE PAD OPENING,POLYSILICON ANNEAL
valid_igbt_seq_0965_60,SPIN COAT PHOTORESIST,MEASURE METAL THICKNESS,MEASURE POLY THICKNESS,MEASURE FILM THICKNESS,MEASURE SURFACE PARTICLES
valid_igbt_seq_0965_80,CURE PASSIVATION,BACKSIDE RINSE,BACKSIDE ANNEAL,POLYSILICON ANNEAL,CLEAN PAD OPENING
valid_igbt_seq_0966_60,SOFT BAKE,ALIGN MASK LEVEL 5,BACKSIDE RINSE,DEPOSIT METAL SEED,BREAKDOWN VOLTAGE TEST
valid_igbt_seq_0966_80,MEASURE PASSIVATION QUALITY,MEASURE PASSIVATION THICKNESS,MEASURE FILM THICKNESS,MEASURE OXIDE THICKNESS,DEPOSIT PASSIVATION LAYER
valid_igbt_seq_0967_60,MEASURE FILM THICKNESS,MEASURE DIELECTRIC THICKNESS,MEASURE OXIDE THICKNESS,SPIN COAT PHOTORESIST,PARAMETRIC TEST
valid_igbt_seq_0967_80,CURE PASSIVATION,ANNEAL DIELECTRIC,BACKSIDE ANNEAL,MEASURE PAD OPENING,POLYSILICON ANNEAL
valid_igbt_seq_0968_60,CMP DIELECTRIC,CMP INTERLAYER DIELECTRIC,DENSIFY OXIDE,DENSIFY DIELECTRIC,CMP VIA FILL
valid_igbt_seq_0968_80,DEPOSIT PASSIVATION,DEPOSIT PASSIVATION LAYER,MEASURE LINE WIDTH,DEPOSIT BARRIER METAL,DEPOSIT POLYSILICON
valid_igbt_seq_0969_60,MEASURE PLANARITY,MEASURE SURFACE PLANARITY,CMP DIELECTRIC,CMP INTERLAYER DIELECTRIC,SPIN COAT PHOTORESIST
valid_igbt_seq_0969_80,MEASURE PASSIVATION QUALITY,MEASURE PASSIVATION THICKNESS,MEASURE FILM THICKNESS,MEASURE OXIDE THICKNESS,DEPOSIT PASSIVATION LAYER
valid_igbt_seq_0970_60,MEASURE PLANARITY,MEASURE SURFACE PLANARITY,SPIN COAT PHOTORESIST,CMP DIELECTRIC,CMP INTERLAYER DIELECTRIC
valid_igbt_seq_0970_80,CURE PASSIVATION,CLEAN PAD OPENING,PASSIVATION ETCH PAD OPENING,POLYSILICON ANNEAL,BACKSIDE RINSE
valid_igbt_seq_0971_60,SPIN COAT PHOTORESIST,MEASURE POLY THICKNESS,MEASURE METAL THICKNESS,MEASURE FILM THICKNESS,MEASURE SURFACE PARTICLES
valid_igbt_seq_0971_80,CURE PASSIVATION,BACKSIDE RINSE,BACKSIDE ANNEAL,CLEAN PAD OPENING,ANNEAL DIELECTRIC
valid_igbt_seq_0972_60,SPIN COAT PHOTORESIST,MEASURE POLY THICKNESS,MEASURE METAL THICKNESS,MEASURE FILM THICKNESS,MEASURE SURFACE PARTICLES
valid_igbt_seq_0972_80,MEASURE PASSIVATION QUALITY,MEASURE PASSIVATION THICKNESS,MEASURE FILM THICKNESS,DEPOSIT PASSIVATION LAYER,MEASURE OXIDE THICKNESS
valid_igbt_seq_0973_60,MEASURE SURFACE PLANARITY,MEASURE PLANARITY,CMP DIELECTRIC,CMP INTERLAYER DIELECTRIC,MEASURE SURFACE PARTICLES
valid_igbt_seq_0973_80,MEASURE PASSIVATION QUALITY,MEASURE PASSIVATION THICKNESS,MEASURE FILM THICKNESS,DEPOSIT PASSIVATION LAYER,DEPOSIT PASSIVATION
valid_igbt_seq_0974_60,CMP INTERLAYER DIELECTRIC,CMP DIELECTRIC,DENSIFY OXIDE,CMP VIA FILL,DENSIFY DIELECTRIC
valid_igbt_seq_0974_80,MEASURE PASSIVATION THICKNESS,MEASURE PASSIVATION QUALITY,MEASURE FILM THICKNESS,DEPOSIT PASSIVATION LAYER,MEASURE OXIDE THICKNESS
valid_igbt_seq_0975_60,CMP INTERLAYER DIELECTRIC,CMP DIELECTRIC,CMP VIA FILL,CMP METAL,DENSIFY OXIDE
valid_igbt_seq_0975_80,MEASURE LINE WIDTH,DEPOSIT PASSIVATION,DEPOSIT PASSIVATION LAYER,PARAMETRIC TEST,MEASURE VIA CD
valid_igbt_seq_0976_60,MEASURE PLANARITY,MEASURE SURFACE PLANARITY,SPIN COAT PHOTORESIST,CMP INTERLAYER DIELECTRIC,CMP DIELECTRIC
valid_igbt_seq_0976_80,CURE PASSIVATION,BACKSIDE RINSE,BACKSIDE ANNEAL,CLEAN PAD OPENING,POLYSILICON ANNEAL
valid_igbt_seq_0977_60,CMP INTERLAYER DIELECTRIC,CMP DIELECTRIC,CMP VIA FILL,CMP METAL,DENSIFY OXIDE
valid_igbt_seq_0977_80,CURE PASSIVATION,BACKSIDE RINSE,CLEAN PAD OPENING,ANNEAL DIELECTRIC,BACKSIDE ANNEAL
valid_igbt_seq_0978_60,MEASURE SURFACE PLANARITY,MEASURE PLANARITY,CMP DIELECTRIC,CMP INTERLAYER DIELECTRIC,MEASURE SURFACE PARTICLES
valid_igbt_seq_0978_80,MEASURE LINE WIDTH,DEPOSIT PASSIVATION LAYER,DEPOSIT PASSIVATION,PARAMETRIC TEST,MEASURE VIA CD
valid_igbt_seq_0979_60,SOFT BAKE,ALIGN MASK LEVEL 5,DEPOSIT METAL SEED,BACKSIDE RINSE,BREAKDOWN VOLTAGE TEST
valid_igbt_seq_0979_80,CURE PASSIVATION,BACKSIDE RINSE,BACKSIDE ANNEAL,CLEAN PAD OPENING,POLYSILICON ANNEAL
valid_igbt_seq_0980_60,CMP INTERLAYER DIELECTRIC,CMP DIELECTRIC,CMP VIA FILL,CMP METAL,DENSIFY OXIDE
valid_igbt_seq_0980_80,DEPOSIT PASSIVATION LAYER,DEPOSIT PASSIVATION,MEASURE LINE WIDTH,DEPOSIT BARRIER METAL,DEPOSIT POLYSILICON
valid_igbt_seq_0981_60,SOFT BAKE,ALIGN MASK LEVEL 5,DEPOSIT METAL SEED,BACKSIDE RINSE,BREAKDOWN VOLTAGE TEST
valid_igbt_seq_0981_80,OPEN BOND PAD WINDOW,OPEN PAD WINDOW,PAD WINDOW LITHO,OPEN PAD WINDOW LITHO,IMPLANT N BUFFER
valid_igbt_seq_0982_60,MEASURE PLANARITY,MEASURE SURFACE PLANARITY,CMP DIELECTRIC,CMP INTERLAYER DIELECTRIC,SPIN COAT PHOTORESIST
valid_igbt_seq_0982_80,CURE PASSIVATION,PASSIVATION ETCH PAD OPENING,CLEAN PAD OPENING,BACKSIDE ANNEAL,POLYSILICON ANNEAL
valid_igbt_seq_0983_60,MEASURE DIELECTRIC THICKNESS,MEASURE FILM THICKNESS,MEASURE OXIDE THICKNESS,SPIN COAT PHOTORESIST,PARAMETRIC TEST
valid_igbt_seq_0983_80,CLEAN AFTER METAL ETCH,CLEAN PAD OPENING,CLEAN AFTER OXIDE ETCH,CLEAN AFTER FIELD ETCH,CLEAN AFTER WINDOW ETCH
valid_igbt_seq_0984_60,CMP INTERLAYER DIELECTRIC,CMP DIELECTRIC,CMP VIA FILL,CMP METAL,DENSIFY OXIDE
valid_igbt_seq_0984_80,DEPOSIT PASSIVATION LAYER,DEPOSIT PASSIVATION,MEASURE LINE WIDTH,DEPOSIT POLYSILICON,DEPOSIT BARRIER METAL
valid_igbt_seq_0985_60,CMP INTERLAYER DIELECTRIC,CMP DIELECTRIC,CMP VIA FILL,DENSIFY OXIDE,CMP METAL
valid_igbt_seq_0985_80,DEPOSIT PASSIVATION LAYER,DEPOSIT PASSIVATION,MEASURE LINE WIDTH,DEPOSIT POLYSILICON,DEPOSIT BARRIER METAL
valid_igbt_seq_0986_60,SPIN COAT PHOTORESIST,MEASURE METAL THICKNESS,MEASURE POLY THICKNESS,MEASURE FILM THICKNESS,MEASURE SURFACE PARTICLES
valid_igbt_seq_0986_80,OPEN PAD WINDOW,OPEN BOND PAD WINDOW,PAD WINDOW LITHO,OPEN PAD WINDOW LITHO,MEASURE WINDOW CD
valid_igbt_seq_0987_60,SPIN COAT PHOTORESIST,MEASURE METAL THICKNESS,MEASURE POLY THICKNESS,MEASURE FILM THICKNESS,MEASURE SURFACE PARTICLES
valid_igbt_seq_0987_80,CURE PASSIVATION,BACKSIDE ANNEAL,BACKSIDE RINSE,CLEAN PAD OPENING,POLYSILICON ANNEAL
valid_igbt_seq_0988_60,MEASURE FILM THICKNESS,MEASURE DIELECTRIC THICKNESS,MEASURE OXIDE THICKNESS,SPIN COAT PHOTORESIST,PARAMETRIC TEST
valid_igbt_seq_0988_80,MEASURE LINE WIDTH,DEPOSIT PASSIVATION,DEPOSIT PASSIVATION LAYER,PASSIVATION ETCH,PASSIVATION ETCH PAD OPENING
valid_igbt_seq_0989_60,SPIN COAT PHOTORESIST,MEASURE METAL THICKNESS,MEASURE POLY THICKNESS,MEASURE FILM THICKNESS,MEASURE SURFACE PARTICLES
valid_igbt_seq_0989_80,MEASURE PASSIVATION QUALITY,MEASURE PASSIVATION THICKNESS,MEASURE FILM THICKNESS,MEASURE OXIDE THICKNESS,DEPOSIT PASSIVATION LAYER
valid_igbt_seq_0990_60,CMP INTERLAYER DIELECTRIC,CMP DIELECTRIC,DENSIFY OXIDE,DENSIFY DIELECTRIC,CMP VIA FILL
valid_igbt_seq_0990_80,CURE PASSIVATION,BACKSIDE ANNEAL,BACKSIDE RINSE,CLEAN PAD OPENING,ANNEAL DIELECTRIC
valid_igbt_seq_0991_60,CMP INTERLAYER DIELECTRIC,CMP DIELECTRIC,CMP VIA FILL,CMP METAL,DEPOSIT INTERLEVEL DIELECTRIC
valid_igbt_seq_0991_80,DEPOSIT PASSIVATION LAYER,DEPOSIT PASSIVATION,MEASURE LINE WIDTH,CMP DIELECTRIC,DEPOSIT POLYSILICON
valid_igbt_seq_0992_60,SPIN COAT PHOTORESIST,MEASURE METAL THICKNESS,MEASURE POLY THICKNESS,MEASURE FILM THICKNESS,MEASURE SURFACE PARTICLES
valid_igbt_seq_0992_80,MEASURE PASSIVATION QUALITY,MEASURE PASSIVATION THICKNESS,MEASURE FILM THICKNESS,DEPOSIT PASSIVATION LAYER,MEASURE OXIDE THICKNESS
valid_igbt_seq_0993_60,SOFT BAKE,ALIGN MASK LEVEL 5,DEPOSIT METAL SEED,BACKSIDE RINSE,ALIGN MASK LEVEL 4
valid_igbt_seq_0993_80,DEPOSIT PASSIVATION LAYER,DEPOSIT PASSIVATION,MEASURE LINE WIDTH,DEPOSIT BARRIER METAL,DEPOSIT POLYSILICON
valid_igbt_seq_0994_60,CMP INTERLAYER DIELECTRIC,CMP DIELECTRIC,DENSIFY OXIDE,DENSIFY DIELECTRIC,DEPOSIT INTERLEVEL DIELECTRIC
valid_igbt_seq_0994_80,CURE PASSIVATION,ANNEAL DIELECTRIC,CLEAN PAD OPENING,BACKSIDE RINSE,BACKSIDE ANNEAL
valid_igbt_seq_0995_60,DENSIFY OXIDE,DENSIFY DIELECTRIC,ANNEAL METAL 1,ANNEAL METAL,THERMAL OXIDATION
valid_igbt_seq_0995_80,CLEAN AFTER METAL ETCH,CLEAN AFTER OXIDE ETCH,CLEAN PAD OPENING,CLEAN AFTER WINDOW ETCH,CLEAN AFTER FIELD ETCH
valid_igbt_seq_0996_60,SPIN COAT PHOTORESIST,MEASURE METAL THICKNESS,MEASURE POLY THICKNESS,MEASURE FILM THICKNESS,MEASURE SURFACE PARTICLES
valid_igbt_seq_0996_80,MEASURE PASSIVATION QUALITY,MEASURE PASSIVATION THICKNESS,MEASURE FILM THICKNESS,DEPOSIT PASSIVATION LAYER,MEASURE OXIDE THICKNESS
valid_igbt_seq_0997_60,SOFT BAKE,BACKSIDE RINSE,ALIGN MASK LEVEL 5,DEPOSIT METAL SEED,ALIGN MASK LEVEL 4
valid_igbt_seq_0997_80,MEASURE PASSIVATION THICKNESS,MEASURE PASSIVATION QUALITY,DEPOSIT PASSIVATION LAYER,MEASURE FILM THICKNESS,DEPOSIT PASSIVATION
valid_igbt_seq_0998_60,SPIN COAT PHOTORESIST,MEASURE POLY THICKNESS,MEASURE METAL THICKNESS,MEASURE FILM THICKNESS,MEASURE SURFACE PARTICLES
valid_igbt_seq_0998_80,DEPOSIT PASSIVATION LAYER,DEPOSIT PASSIVATION,MEASURE LINE WIDTH,DEPOSIT POLYSILICON,DEPOSIT INTERLAYER DIELECTRIC
valid_igbt_seq_0999_60,MEASURE PLANARITY,MEASURE SURFACE PLANARITY,SPIN COAT PHOTORESIST,CMP DIELECTRIC,MEASURE FILM THICKNESS
valid_igbt_seq_0999_80,DEPOSIT PASSIVATION LAYER,DEPOSIT PASSIVATION,MEASURE LINE WIDTH,DEPOSIT BARRIER METAL,DEPOSIT POLYSILICON
valid_igbt_seq_1000_60,SPIN COAT PHOTORESIST,MEASURE METAL THICKNESS,MEASURE POLY THICKNESS,MEASURE FILM THICKNESS,MEASURE SURFACE PARTICLES
valid_igbt_seq_1000_80,MEASURE PASSIVATION QUALITY,MEASURE PASSIVATION THICKNESS,MEASURE FILM THICKNESS,MEASURE OXIDE THICKNESS,DEPOSIT PASSIVATION LAYER
valid_mosfet_seq_0001_60,DEPOSIT BARRIER METAL,MEASURE VIA CD,BACKSIDE ETCH CLEAN,DEPOSIT METAL 1,IMPLANT WELL
valid_mosfet_seq_0001_80,STRIP PHOTORESIST,STRIP RESIST,HARD BAKE,DEVELOP PHOTORESIST,PARAMETRIC TEST
valid_mosfet_seq_0002_60,CLEAN AFTER VIA ETCH,CLEAN AFTER ETCH,CLEAN PAD OPENING,WET CLEAN RCA2,RCA CLEAN 2
valid_mosfet_seq_0002_80,PASSIVATION ETCH,PASSIVATION ETCH PAD OPENING,SWITCHING TEST,MEASURE PASSIVATION QUALITY,SHIP LOT
valid_mosfet_seq_0003_60,MEASURE VIA CD,DEPOSIT BARRIER METAL,MEASURE VIA RESISTANCE,DEPOSIT METAL 1,MEASURE GATE CD
valid_mosfet_seq_0003_80,PASSIVATION ETCH,PASSIVATION ETCH PAD OPENING,VIA ETCH,VIA ETCH THROUGH DIELECTRIC,DIELECTRIC ETCH VIA
valid_mosfet_seq_0004_60,MEASURE VIA CD,DEPOSIT BARRIER METAL,MEASURE GATE CD,DEPOSIT METAL 1,SPIN COAT PHOTORESIST
valid_mosfet_seq_0004_80,PASSIVATION ETCH,PASSIVATION ETCH PAD OPENING,OXIDE ETCH,VIA ETCH THROUGH DIELECTRIC,VIA ETCH
valid_mosfet_seq_0005_60,MEASURE VIA CD,DEPOSIT BARRIER METAL,SPIN COAT PHOTORESIST,DEPOSIT METAL 1,MEASURE GATE CD
valid_mosfet_seq_0005_80,PASSIVATION ETCH,PASSIVATION ETCH PAD OPENING,MEASURE PASSIVATION THICKNESS,MEASURE PASSIVATION QUALITY,VIA ETCH THROUGH DIELECTRIC
valid_mosfet_seq_0006_60,DEPOSIT BARRIER METAL,MEASURE VIA CD,BACKSIDE ETCH CLEAN,IMPLANT WELL,DEPOSIT POLYSILICON
valid_mosfet_seq_0006_80,STRIP PHOTORESIST,STRIP RESIST,HARD BAKE,DEVELOP PHOTORESIST,PARAMETRIC TEST
valid_mosfet_seq_0007_60,MEASURE VIA CD,DEPOSIT BARRIER METAL,SPIN COAT PHOTORESIST,MEASURE GATE CD,MEASURE SHEET RESISTANCE
valid_mosfet_seq_0007_80,DEVELOP PHOTORESIST,DEVELOP PAD WINDOW,POST EXPOSE BAKE,OPEN PAD WINDOW LITHO,PAD WINDOW LITHO
valid_mosfet_seq_0008_60,MEASURE VIA CD,DEPOSIT BARRIER METAL,SPIN COAT PHOTORESIST,MEASURE GATE CD,MEASURE METAL THICKNESS
valid_mosfet_seq_0008_80,PASSIVATION ETCH PAD OPENING,PASSIVATION ETCH,SWITCHING TEST,DEVELOP PAD WINDOW,THRESHOLD VOLTAGE TEST
valid_mosfet_seq_0009_60,CLEAN AFTER VIA ETCH,CLEAN AFTER ETCH,CLEAN PAD OPENING,ALIGN MASK LEVEL 3,RCA CLEAN 2
valid_mosfet_seq_0009_80,DEVELOP PAD WINDOW,DEVELOP PHOTORESIST,POST EXPOSE BAKE,OPEN PAD WINDOW LITHO,PAD WINDOW LITHO
valid_mosfet_seq_0010_60,MEASURE VIA CD,DEPOSIT BARRIER METAL,MEASURE GATE CD,MEASURE SHEET RESISTANCE,MEASURE VIA RESISTANCE
valid_mosfet_seq_0010_80,STRIP RESIST,STRIP PHOTORESIST,DEVELOP PHOTORESIST,HARD BAKE,PARAMETRIC TEST
valid_mosfet_seq_0011_60,MEASURE VIA CD,DEPOSIT BARRIER METAL,DEPOSIT METAL 1,MEASURE VIA RESISTANCE,MEASURE OPENING CD
valid_mosfet_seq_0011_80,PASSIVATION ETCH PAD OPENING,PASSIVATION ETCH,SWITCHING TEST,VIA ETCH THROUGH DIELECTRIC,MEASURE PASSIVATION QUALITY
valid_mosfet_seq_0012_60,MEASURE VIA CD,DEPOSIT BARRIER METAL,MEASURE GATE CD,MEASURE VIA RESISTANCE,MEASURE OPENING CD
valid_mosfet_seq_0012_80,STRIP RESIST,STRIP PHOTORESIST,DEVELOP PHOTORESIST,HARD BAKE,PARAMETRIC TEST
valid_mosfet_seq_0013_60,CLEAN AFTER VIA ETCH,CLEAN AFTER ETCH,RCA CLEAN 2,WET CLEAN RCA2,ALIGN MASK LEVEL 3
valid_mosfet_seq_0013_80,STRIP PHOTORESIST,STRIP RESIST,HARD BAKE,DEVELOP PHOTORESIST,PARAMETRIC TEST
valid_mosfet_seq_0014_60,MEASURE VIA CD,DEPOSIT BARRIER METAL,SPIN COAT PHOTORESIST,MEASURE GATE CD,MEASURE SHEET RESISTANCE
valid_mosfet_seq_0014_80,STRIP RESIST,STRIP PHOTORESIST,DEVELOP PHOTORESIST,HARD BAKE,PARAMETRIC TEST
valid_mosfet_seq_0015_60,STRIP PHOTORESIST,STRIP RESIST,HARD BAKE,DEVELOP PHOTORESIST,PARAMETRIC TEST
valid_mosfet_seq_0015_80,PASSIVATION ETCH,PASSIVATION ETCH PAD OPENING,VIA ETCH THROUGH DIELECTRIC,VIA ETCH,DIELECTRIC ETCH VIA
valid_mosfet_seq_0016_60,DEPOSIT METAL SEED,BACKSIDE DRY,BACKSIDE GRIND,POLYSILICON ANNEAL,BACKSIDE RINSE
valid_mosfet_seq_0016_80,CLEAN PAD OPENING,BACKSIDE ETCH CLEAN,BACKSIDE GRIND,CLEAN AFTER POLY ETCH,CLEAN AFTER ETCH
valid_mosfet_seq_0017_60,CLEAN AFTER VIA ETCH,CLEAN AFTER ETCH,CLEAN PAD OPENING,CLEAN AFTER METAL ETCH,RCA CLEAN 2
valid_mosfet_seq_0017_80,STRIP RESIST,STRIP PHOTORESIST,HARD BAKE,DEVELOP PHOTORESIST,PARAMETRIC TEST
valid_mosfet_seq_0018_60,MEASURE VIA CD,DEPOSIT BARRIER METAL,MEASURE OPENING CD,MEASURE GATE CD,SPIN COAT PHOTORESIST
valid_mosfet_seq_0018_80,PASSIVATION ETCH PAD OPENING,PASSIVATION ETCH,SWITCHING TEST,VIA ETCH THROUGH DIELECTRIC,MEASURE PASSIVATION THICKNESS
valid_mosfet_seq_0019_60,MEASURE VIA CD,DEPOSIT BARRIER METAL,DEPOSIT METAL 1,MEASURE VIA RESISTANCE,DEPOSIT TOP METAL
valid_mosfet_seq_0019_80,STRIP PHOTORESIST,STRIP RESIST,HARD BAKE,DEVELOP PHOTORESIST,PARAMETRIC TEST
valid_mosfet_seq_0020_60,MEASURE VIA CD,DEPOSIT BARRIER METAL,MEASURE VIA RESISTANCE,DEPOSIT METAL 1,MEASURE GATE CD
valid_mosfet_seq_0020_80,STRIP PHOTORESIST,STRIP RESIST,DEVELOP PHOTORESIST,HARD BAKE,PARAMETRIC TEST
valid_mosfet_seq_0021_60,CLEAN AFTER VIA ETCH,CLEAN AFTER ETCH,CLEAN PAD OPENING,CLEAN AFTER METAL ETCH,ALIGN MASK LEVEL 3
valid_mosfet_seq_0021_80,PASSIVATION ETCH,PASSIVATION ETCH PAD OPENING,SWITCHING TEST,MEASURE PASSIVATION THICKNESS,MEASURE PASSIVATION QUALITY
valid_mosfet_seq_0022_60,DEPOSIT BARRIER METAL,MEASURE VIA CD,IMPLANT WELL,DEPOSIT PASSIVATION,DEPOSIT METAL 1
valid_mosfet_seq_0022_80,CLEAN PAD OPENING,BACKSIDE GRIND,BACKSIDE ETCH CLEAN,BACKSIDE RINSE,CLEAN AFTER ETCH
valid_mosfet_seq_0023_60,CLEAN AFTER VIA ETCH,CLEAN AFTER ETCH,RCA CLEAN 2,WET CLEAN RCA2,CLEAN PAD OPENING
valid_mosfet_seq_0023_80,PASSIVATION ETCH,PASSIVATION ETCH PAD OPENING,MEASURE PASSIVATION THICKNESS,VIA ETCH THROUGH DIELECTRIC,MEASURE PASSIVATION QUALITY
valid_mosfet_seq_0024_60,CLEAN AFTER VIA ETCH,CLEAN AFTER ETCH,ALIGN MASK LEVEL 3,WET CLEAN RCA2,RCA CLEAN 2
valid_mosfet_seq_0024_80,STRIP PHOTORESIST,STRIP RESIST,HARD BAKE,DEVELOP PHOTORESIST,PARAMETRIC TEST
valid_mosfet_seq_0025_60,MEASURE VIA CD,DEPOSIT BARRIER METAL,MEASURE GATE CD,SPIN COAT PHOTORESIST,MEASURE METAL THICKNESS
valid_mosfet_seq_0025_80,DEVELOP PHOTORESIST,DEVELOP PAD WINDOW,POST EXPOSE BAKE,OPEN PAD WINDOW LITHO,PAD WINDOW LITHO
valid_mosfet_seq_0026_60,DEPOSIT METAL SEED,BACKSIDE DRY,BACKSIDE GRIND,POLYSILICON ANNEAL,DEPOSIT BARRIER METAL
valid_mosfet_seq_0026_80,CLEAN PAD OPENING,BACKSIDE GRIND,BACKSIDE ETCH CLEAN,CLEAN AFTER VIA ETCH,CLEAN AFTER ETCH
valid_mosfet_seq_0027_60,CLEAN AFTER VIA ETCH,CLEAN AFTER ETCH,CLEAN AFTER METAL ETCH,CLEAN PAD OPENING,DEPOSIT METAL SEED
valid_mosfet_seq_0027_80,STRIP PHOTORESIST,STRIP RESIST,HARD BAKE,DEVELOP PHOTORESIST,PARAMETRIC TEST
valid_mosfet_seq_0028_60,CLEAN AFTER VIA ETCH,CLEAN AFTER ETCH,CLEAN AFTER METAL ETCH,CLEAN PAD OPENING,DEPOSIT METAL SEED
valid_mosfet_seq_0028_80,STRIP RESIST,STRIP PHOTORESIST,HARD BAKE,DEVELOP PHOTORESIST,RCA CLEAN 1
valid_mosfet_seq_0029_60,MEASURE VIA CD,DEPOSIT BARRIER METAL,MEASURE LINE WIDTH,DEPOSIT PASSIVATION,DEPOSIT METAL 1
valid_mosfet_seq_0029_80,STRIP PHOTORESIST,STRIP RESIST,HARD BAKE,DEVELOP PHOTORESIST,PARAMETRIC TEST
valid_mosfet_seq_0030_60,HARD BAKE,DIELECTRIC ETCH VIA,VIA ETCH,VIA ETCH THROUGH DIELECTRIC,METAL ETCH
valid_mosfet_seq_0030_80,OPEN PAD WINDOW,OPEN BOND PAD WINDOW,PAD WINDOW LITHO,OPEN PAD WINDOW LITHO,DEVELOP PAD WINDOW
valid_mosfet_seq_0031_60,MEASURE VIA CD,DEPOSIT BARRIER METAL,MEASURE GATE CD,DEPOSIT METAL 1,MEASURE OPENING CD
valid_mosfet_seq_0031_80,STRIP PHOTORESIST,STRIP RESIST,HARD BAKE,DEVELOP PHOTORESIST,PARAMETRIC TEST
valid_mosfet_seq_0032_60,CLEAN AFTER VIA ETCH,CLEAN AFTER ETCH,ALIGN MASK LEVEL 3,CLEAN PAD OPENING,RCA CLEAN 2
valid_mosfet_seq_0032_80,STRIP PHOTORESIST,STRIP RESIST,HARD BAKE,DEVELOP PHOTORESIST,PARAMETRIC TEST
valid_mosfet_seq_0033_60,CLEAN AFTER VIA ETCH,CLEAN AFTER ETCH,CLEAN AFTER METAL ETCH,CLEAN PAD OPENING,CLEAN AFTER POLY ETCH
valid_mosfet_seq_0033_80,PASSIVATION ETCH PAD OPENING,PASSIVATION ETCH,SWITCHING TEST,VIA ETCH THROUGH DIELECTRIC,VIA ETCH
valid_mosfet_seq_0034_60,MEASURE VIA CD,DEPOSIT BARRIER METAL,MEASURE GATE CD,DEPOSIT METAL 1,SPIN COAT PHOTORESIST
valid_mosfet_seq_0034_80,STRIP RESIST,STRIP PHOTORESIST,DEVELOP PHOTORESIST,HARD BAKE,PARAMETRIC TEST
valid_mosfet_seq_0035_60,DEPOSIT BARRIER METAL,MEASURE VIA CD,IMPLANT WELL,BACKSIDE ETCH CLEAN,DEPOSIT POLYSILICON
valid_mosfet_seq_0035_80,STRIP PHOTORESIST,STRIP RESIST,HARD BAKE,DEVELOP PHOTORESIST,PARAMETRIC TEST
valid_mosfet_seq_0036_60,DEPOSIT METAL SEED,BACKSIDE GRIND,POLYSILICON ANNEAL,BACKSIDE DRY,CLEAN AFTER VIA ETCH
valid_mosfet_seq_0036_80,STRIP RESIST,STRIP PHOTORESIST,DEVELOP PHOTORESIST,HARD BAKE,PARAMETRIC TEST
valid_mosfet_seq_0037_60,DEPOSIT BARRIER METAL,MEASURE VIA CD,IMPLANT SOURCE DRAIN,IMPLANT WELL,BACKSIDE ETCH CLEAN
valid_mosfet_seq_0037_80,PASSIVATION ETCH,PASSIVATION ETCH PAD OPENING,OXIDE ETCH,SWITCHING TEST,VIA ETCH
valid_mosfet_seq_0038_60,STRIP RESIST,STRIP PHOTORESIST,HARD BAKE,DEVELOP PHOTORESIST,PRE ANNEAL CHECK
valid_mosfet_seq_0038_80,PASSIVATION ETCH,PASSIVATION ETCH PAD OPENING,VIA ETCH THROUGH DIELECTRIC,VIA ETCH,DIELECTRIC ETCH VIA
valid_mosfet_seq_0039_60,CLEAN AFTER VIA ETCH,CLEAN AFTER ETCH,RCA CLEAN 2,WET CLEAN RCA2,CLEAN PAD OPENING
valid_mosfet_seq_0039_80,PASSIVATION ETCH PAD OPENING,PASSIVATION ETCH,SWITCHING TEST,VIA ETCH THROUGH DIELECTRIC,MEASURE PASSIVATION THICKNESS
valid_mosfet_seq_0040_60,MEASURE VIA CD,DEPOSIT BARRIER METAL,MEASURE GATE CD,DEPOSIT METAL 1,MEASURE VIA RESISTANCE
valid_mosfet_seq_0040_80,PASSIVATION ETCH PAD OPENING,PASSIVATION ETCH,FINAL LOT RELEASE,LOT RELEASE,SWITCHING TEST
valid_mosfet_seq_0041_60,MEASURE VIA CD,DEPOSIT BARRIER METAL,MEASURE GATE CD,SPIN COAT PHOTORESIST,IMPLANT SOURCE DRAIN
valid_mosfet_seq_0041_80,STRIP PHOTORESIST,STRIP RESIST,HARD BAKE,DEVELOP PHOTORESIST,PARAMETRIC TEST
valid_mosfet_seq_0042_60,CLEAN AFTER VIA ETCH,CLEAN AFTER ETCH,CLEAN AFTER METAL ETCH,CLEAN PAD OPENING,DEPOSIT METAL SEED
valid_mosfet_seq_0042_80,PASSIVATION ETCH PAD OPENING,PASSIVATION ETCH,SWITCHING TEST,VIA ETCH THROUGH DIELECTRIC,VIA ETCH
valid_mosfet_seq_0043_60,STRIP PHOTORESIST,STRIP RESIST,HARD BAKE,DEVELOP PHOTORESIST,RCA CLEAN 1
valid_mosfet_seq_0043_80,STRIP PHOTORESIST,STRIP RESIST,HARD BAKE,DEVELOP PHOTORESIST,PARAMETRIC TEST
valid_mosfet_seq_0044_60,DIELECTRIC ETCH VIA,VIA ETCH THROUGH DIELECTRIC,VIA ETCH,HARD BAKE,DEPOSIT INTERLEVEL DIELECTRIC
valid_mosfet_seq_0044_80,PASSIVATION ETCH,PASSIVATION ETCH PAD OPENING,SWITCHING TEST,VIA ETCH THROUGH DIELECTRIC,VIA ETCH
valid_mosfet_seq_0045_60,STRIP PHOTORESIST,STRIP RESIST,HARD BAKE,DEVELOP PHOTORESIST,POST EXPOSE BAKE
valid_mosfet_seq_0045_80,PASSIVATION ETCH PAD OPENING,PASSIVATION ETCH,VIA ETCH THROUGH DIELECTRIC,VIA ETCH,DIELECTRIC ETCH VIA
valid_mosfet_seq_0046_60,CLEAN AFTER VIA ETCH,CLEAN AFTER ETCH,CLEAN AFTER METAL ETCH,CLEAN PAD OPENING,BACKSIDE ETCH CLEAN
valid_mosfet_seq_0046_80,STRIP PHOTORESIST,STRIP RESIST,HARD BAKE,DEVELOP PHOTORESIST,PARAMETRIC TEST
valid_mosfet_seq_0047_60,CLEAN AFTER VIA ETCH,CLEAN AFTER ETCH,CLEAN PAD OPENING,ALIGN MASK LEVEL 3,RCA CLEAN 2
valid_mosfet_seq_0047_80,PASSIVATION ETCH,PASSIVATION ETCH PAD OPENING,SWITCHING TEST,VIA ETCH THROUGH DIELECTRIC,MEASURE PASSIVATION QUALITY
valid_mosfet_seq_0048_60,STRIP PHOTORESIST,STRIP RESIST,HARD BAKE,DEVELOP PHOTORESIST,PARAMETRIC TEST
valid_mosfet_seq_0048_80,STRIP PHOTORESIST,STRIP RESIST,HARD BAKE,DEVELOP PHOTORESIST,PARAMETRIC TEST
valid_mosfet_seq_0049_60,STRIP PHOTORESIST,STRIP RESIST,HARD BAKE,DEVELOP PHOTORESIST,PRE ANNEAL CHECK
valid_mosfet_seq_0049_80,STRIP PHOTORESIST,STRIP RESIST,HARD BAKE,DEVELOP PHOTORESIST,PRE ANNEAL CHECK
valid_mosfet_seq_0050_60,STRIP PHOTORESIST,STRIP RESIST,HARD BAKE,DEVELOP PHOTORESIST,PRE ANNEAL CHECK
valid_mosfet_seq_0050_80,PASSIVATION ETCH PAD OPENING,PASSIVATION ETCH,SWITCHING TEST,OXIDE ETCH,VIA ETCH THROUGH DIELECTRIC
valid_mosfet_seq_0051_60,CLEAN AFTER VIA ETCH,CLEAN AFTER ETCH,CLEAN AFTER METAL ETCH,CLEAN PAD OPENING,BACKSIDE ETCH CLEAN
valid_mosfet_seq_0051_80,CLEAN PAD OPENING,BACKSIDE GRIND,BACKSIDE ETCH CLEAN,CLEAN AFTER ETCH,BACKSIDE RINSE
valid_mosfet_seq_0052_60,DEPOSIT BARRIER METAL,MEASURE VIA CD,IMPLANT WELL,BACKSIDE ETCH CLEAN,DEPOSIT METAL 1
valid_mosfet_seq_0052_80,STRIP PHOTORESIST,STRIP RESIST,HARD BAKE,DEVELOP PHOTORESIST,BACKSIDE CLEAN
valid_mosfet_seq_0053_60,DEPOSIT BARRIER METAL,MEASURE VIA CD,BACKSIDE ETCH CLEAN,IMPLANT WELL,DEPOSIT METAL 1
valid_mosfet_seq_0053_80,STRIP RESIST,STRIP PHOTORESIST,HARD BAKE,DEVELOP PHOTORESIST,PARAMETRIC TEST
valid_mosfet_seq_0054_60,STRIP PHOTORESIST,STRIP RESIST,HARD BAKE,DEVELOP PHOTORESIST,PRE ANNEAL CHECK
valid_mosfet_seq_0054_80,PASSIVATION ETCH,PASSIVATION ETCH PAD OPENING,VIA ETCH THROUGH DIELECTRIC,VIA ETCH,DIELECTRIC ETCH VIA
valid_mosfet_seq_0055_60,CLEAN AFTER VIA ETCH,CLEAN AFTER ETCH,CLEAN AFTER METAL ETCH,CLEAN PAD OPENING,CLEAN AFTER POLY ETCH
valid_mosfet_seq_0055_80,PASSIVATION ETCH PAD OPENING,PASSIVATION ETCH,VIA ETCH THROUGH DIELECTRIC,VIA ETCH,OXIDE ETCH
valid_mosfet_seq_0056_60,CLEAN AFTER VIA ETCH,CLEAN AFTER ETCH,ALIGN MASK LEVEL 3,CLEAN PAD OPENING,CLEAN AFTER METAL ETCH
valid_mosfet_seq_0056_80,PASSIVATION ETCH PAD OPENING,PASSIVATION ETCH,SWITCHING TEST,OXIDE ETCH,VIA ETCH THROUGH DIELECTRIC
valid_mosfet_seq_0057_60,MEASURE VIA CD,DEPOSIT BARRIER METAL,MEASURE OPENING CD,MEASURE GATE CD,DEPOSIT METAL 1
valid_mosfet_seq_0057_80,PASSIVATION ETCH,PASSIVATION ETCH PAD OPENING,SWITCHING TEST,MEASURE PASSIVATION THICKNESS,MEASURE PASSIVATION QUALITY
valid_mosfet_seq_0058_60,DEPOSIT BARRIER METAL,MEASURE VIA CD,DEPOSIT POLYSILICON,DEPOSIT METAL 1,IMPLANT WELL
valid_mosfet_seq_0058_80,PASSIVATION ETCH,PASSIVATION ETCH PAD OPENING,SWITCHING TEST,MEASURE PASSIVATION THICKNESS,MEASURE PASSIVATION QUALITY
valid_mosfet_seq_0059_60,MEASURE VIA CD,DEPOSIT BARRIER METAL,MEASURE VIA RESISTANCE,MEASURE SHEET RESISTANCE,DEPOSIT METAL 1
valid_mosfet_seq_0059_80,PASSIVATION ETCH,PASSIVATION ETCH PAD OPENING,VIA ETCH,VIA ETCH THROUGH DIELECTRIC,DIELECTRIC ETCH VIA
valid_mosfet_seq_0060_60,CLEAN AFTER VIA ETCH,CLEAN AFTER ETCH,CLEAN AFTER METAL ETCH,CLEAN PAD OPENING,CLEAN AFTER POLY ETCH
valid_mosfet_seq_0060_80,PASSIVATION ETCH,PASSIVATION ETCH PAD OPENING,MEASURE PASSIVATION THICKNESS,VIA ETCH THROUGH DIELECTRIC,MEASURE PASSIVATION QUALITY
valid_mosfet_seq_0061_60,DEPOSIT METAL SEED,BACKSIDE GRIND,POLYSILICON ANNEAL,BACKSIDE DRY,DEPOSIT BARRIER METAL
valid_mosfet_seq_0061_80,STRIP PHOTORESIST,STRIP RESIST,HARD BAKE,DEVELOP PHOTORESIST,PARAMETRIC TEST
valid_mosfet_seq_0062_60,DEPOSIT BARRIER METAL,MEASURE VIA CD,DEPOSIT POLYSILICON,DEPOSIT PASSIVATION,DEPOSIT METAL 1
valid_mosfet_seq_0062_80,CLEAN PAD OPENING,BACKSIDE ETCH CLEAN,BACKSIDE GRIND,CLEAN AFTER ETCH,CLEAN AFTER VIA ETCH
valid_mosfet_seq_0063_60,MEASURE VIA CD,DEPOSIT BARRIER METAL,MEASURE OPENING CD,MEASURE GATE CD,DEPOSIT METAL 1
valid_mosfet_seq_0063_80,PASSIVATION ETCH,PASSIVATION ETCH PAD OPENING,MEASURE PASSIVATION THICKNESS,MEASURE PASSIVATION QUALITY,VIA ETCH THROUGH DIELECTRIC
valid_mosfet_seq_0064_60,DEPOSIT METAL SEED,BACKSIDE GRIND,POLYSILICON ANNEAL,BACKSIDE DRY,DEPOSIT BARRIER METAL
valid_mosfet_seq_0064_80,STRIP PHOTORESIST,STRIP RESIST,HARD BAKE,DEVELOP PHOTORESIST,PARAMETRIC TEST
valid_mosfet_seq_0065_60,STRIP PHOTORESIST,STRIP RESIST,HARD BAKE,DEVELOP PHOTORESIST,PRE ANNEAL CHECK
valid_mosfet_seq_0065_80,DEVELOP PHOTORESIST,DEVELOP PAD WINDOW,POST EXPOSE BAKE,PAD WINDOW LITHO,OPEN PAD WINDOW LITHO
valid_mosfet_seq_0066_60,MEASURE VIA CD,DEPOSIT BARRIER METAL,MEASURE OPENING CD,SPIN COAT PHOTORESIST,DEPOSIT METAL 1
valid_mosfet_seq_0066_80,STRIP RESIST,STRIP PHOTORESIST,HARD BAKE,DEVELOP PHOTORESIST,PRE ANNEAL CHECK
valid_mosfet_seq_0067_60,CLEAN AFTER VIA ETCH,CLEAN AFTER ETCH,CLEAN PAD OPENING,ALIGN MASK LEVEL 3,CLEAN AFTER METAL ETCH
valid_mosfet_seq_0067_80,DEVELOP PAD WINDOW,DEVELOP PHOTORESIST,POST EXPOSE BAKE,OPEN PAD WINDOW LITHO,PAD WINDOW LITHO
valid_mosfet_seq_0068_60,MEASURE VIA CD,DEPOSIT BARRIER METAL,SPIN COAT PHOTORESIST,DEPOSIT METAL 1,MEASURE METAL THICKNESS
valid_mosfet_seq_0068_80,STRIP PHOTORESIST,STRIP RESIST,HARD BAKE,DEVELOP PHOTORESIST,PARAMETRIC TEST
valid_mosfet_seq_0069_60,CLEAN AFTER VIA ETCH,CLEAN AFTER ETCH,CLEAN PAD OPENING,CLEAN AFTER METAL ETCH,RCA CLEAN 2
valid_mosfet_seq_0069_80,PASSIVATION ETCH PAD OPENING,PASSIVATION ETCH,SWITCHING TEST,VIA ETCH THROUGH DIELECTRIC,MEASURE PASSIVATION THICKNESS
valid_mosfet_seq_0070_60,DEPOSIT BARRIER METAL,MEASURE VIA CD,DEPOSIT POLYSILICON,IMPLANT WELL,DEPOSIT PASSIVATION
valid_mosfet_seq_0070_80,STRIP PHOTORESIST,STRIP RESIST,HARD BAKE,DEVELOP PHOTORESIST,PARAMETRIC TEST
valid_mosfet_seq_0071_60,MEASURE VIA CD,DEPOSIT BARRIER METAL,MEASURE GATE CD,MEASURE VIA RESISTANCE,MEASURE SHEET RESISTANCE
valid_mosfet_seq_0071_80,PASSIVATION ETCH PAD OPENING,PASSIVATION ETCH,VIA ETCH THROUGH DIELECTRIC,VIA ETCH,OXIDE ETCH
valid_mosfet_seq_0072_60,MEASURE VIA CD,DEPOSIT BARRIER METAL,SPIN COAT PHOTORESIST,DEPOSIT METAL 1,MEASURE GATE CD
valid_mosfet_seq_0072_80,STRIP PHOTORESIST,STRIP RESIST,HARD BAKE,DEVELOP PHOTORESIST,PARAMETRIC TEST
valid_mosfet_seq_0073_60,CLEAN AFTER VIA ETCH,CLEAN AFTER ETCH,CLEAN PAD OPENING,CLEAN AFTER METAL ETCH,CLEAN AFTER POLY ETCH
valid_mosfet_seq_0073_80,STRIP PHOTORESIST,STRIP RESIST,HARD BAKE,DEVELOP PHOTORESIST,PRE ANNEAL CHECK
valid_mosfet_seq_0074_60,STRIP PHOTORESIST,STRIP RESIST,HARD BAKE,DEVELOP PHOTORESIST,PRE ANNEAL CHECK
valid_mosfet_seq_0074_80,CLEAN PAD OPENING,CLEAN AFTER POLY ETCH,BACKSIDE GRIND,BACKSIDE ETCH CLEAN,CLEAN AFTER ETCH
valid_mosfet_seq_0075_60,DEPOSIT BARRIER METAL,MEASURE VIA CD,BACKSIDE ETCH CLEAN,IMPLANT WELL,DEPOSIT METAL 1
valid_mosfet_seq_0075_80,STRIP PHOTORESIST,STRIP RESIST,HARD BAKE,DEVELOP PHOTORESIST,PARAMETRIC TEST
valid_mosfet_seq_0076_60,MEASURE VIA CD,DEPOSIT BARRIER METAL,DEPOSIT METAL 1,SPIN COAT PHOTORESIST,MEASURE SHEET RESISTANCE
valid_mosfet_seq_0076_80,PASSIVATION ETCH,PASSIVATION ETCH PAD OPENING,SWITCHING TEST,VIA ETCH THROUGH DIELECTRIC,VIA ETCH
valid_mosfet_seq_0077_60,DEPOSIT BARRIER METAL,MEASURE VIA CD,BACKSIDE ETCH CLEAN,DEPOSIT POLYSILICON,DEPOSIT PASSIVATION
valid_mosfet_seq_0077_80,STRIP PHOTORESIST,STRIP RESIST,HARD BAKE,DEVELOP PHOTORESIST,PARAMETRIC TEST
valid_mosfet_seq_0078_60,MEASURE VIA CD,DEPOSIT BARRIER METAL,MEASURE GATE CD,DEPOSIT METAL 1,MEASURE OPENING CD
valid_mosfet_seq_0078_80,STRIP RESIST,STRIP PHOTORESIST,HARD BAKE,DEVELOP PHOTORESIST,PARAMETRIC TEST
valid_mosfet_seq_0079_60,VIA ETCH,HARD BAKE,DIELECTRIC ETCH VIA,VIA ETCH THROUGH DIELECTRIC,METAL ETCH
valid_mosfet_seq_0079_80,DEVELOP PAD WINDOW,DEVELOP PHOTORESIST,POST EXPOSE BAKE,OPEN PAD WINDOW LITHO,PAD WINDOW LITHO
valid_mosfet_seq_0080_60,CLEAN AFTER VIA ETCH,CLEAN AFTER ETCH,CLEAN AFTER METAL ETCH,CLEAN PAD OPENING,ALIGN MASK LEVEL 3
valid_mosfet_seq_0080_80,STRIP PHOTORESIST,STRIP RESIST,HARD BAKE,DEVELOP PHOTORESIST,PARAMETRIC TEST
valid_mosfet_seq_0081_60,MEASURE VIA CD,DEPOSIT BARRIER METAL,DEPOSIT METAL 1,MEASURE GATE CD,MEASURE OPENING CD
valid_mosfet_seq_0081_80,STRIP RESIST,STRIP PHOTORESIST,HARD BAKE,DEVELOP PHOTORESIST,PARAMETRIC TEST
valid_mosfet_seq_0082_60,STRIP PHOTORESIST,STRIP RESIST,HARD BAKE,DEVELOP PHOTORESIST,RCA CLEAN 1
valid_mosfet_seq_0082_80,DEVELOP PHOTORESIST,DEVELOP PAD WINDOW,POST EXPOSE BAKE,OPEN PAD WINDOW LITHO,PAD WINDOW LITHO
valid_mosfet_seq_0083_60,DEPOSIT BARRIER METAL,MEASURE VIA CD,BACKSIDE ETCH CLEAN,IMPLANT WELL,DEPOSIT METAL 1
valid_mosfet_seq_0083_80,STRIP PHOTORESIST,STRIP RESIST,HARD BAKE,DEVELOP PHOTORESIST,PARAMETRIC TEST
valid_mosfet_seq_0084_60,MEASURE VIA CD,DEPOSIT BARRIER METAL,MEASURE VIA RESISTANCE,DEPOSIT METAL 1,MEASURE GATE CD
valid_mosfet_seq_0084_80,STRIP PHOTORESIST,STRIP RESIST,HARD BAKE,DEVELOP PHOTORESIST,PARAMETRIC TEST
valid_mosfet_seq_0085_60,CLEAN AFTER VIA ETCH,CLEAN AFTER ETCH,CLEAN AFTER METAL ETCH,CLEAN PAD OPENING,CLEAN AFTER POLY ETCH
valid_mosfet_seq_0085_80,DEVELOP PHOTORESIST,DEVELOP PAD WINDOW,POST EXPOSE BAKE,OPEN PAD WINDOW LITHO,PAD WINDOW LITHO
valid_mosfet_seq_0086_60,MEASURE VIA CD,DEPOSIT BARRIER METAL,MEASURE GATE CD,SPIN COAT PHOTORESIST,MEASURE OPENING CD
valid_mosfet_seq_0086_80,STRIP RESIST,STRIP PHOTORESIST,DEVELOP PHOTORESIST,HARD BAKE,PARAMETRIC TEST
valid_mosfet_seq_0087_60,CLEAN AFTER VIA ETCH,CLEAN AFTER ETCH,CLEAN PAD OPENING,ALIGN MASK LEVEL 3,CLEAN AFTER METAL ETCH
valid_mosfet_seq_0087_80,PASSIVATION ETCH PAD OPENING,PASSIVATION ETCH,SWITCHING TEST,VIA ETCH THROUGH DIELECTRIC,VIA ETCH
valid_mosfet_seq_0088_60,DEPOSIT METAL SEED,BACKSIDE GRIND,POLYSILICON ANNEAL,CLEAN AFTER VIA ETCH,BACKSIDE DRY
valid_mosfet_seq_0088_80,CLEAN PAD OPENING,BACKSIDE GRIND,MEASURE PAD OPENING,BACKSIDE ETCH CLEAN,CLEAN AFTER VIA ETCH
valid_mosfet_seq_0089_60,MEASURE VIA CD,DEPOSIT BARRIER METAL,MEASURE GATE CD,DEPOSIT METAL 1,MEASURE VIA RESISTANCE
valid_mosfet_seq_0089_80,PASSIVATION ETCH,PASSIVATION ETCH PAD OPENING,MEASURE PASSIVATION THICKNESS,MEASURE PASSIVATION QUALITY,VIA ETCH
valid_mosfet_seq_0090_60,DEPOSIT BARRIER METAL,MEASURE VIA CD,IMPLANT WELL,DEPOSIT POLYSILICON,BACKSIDE ETCH CLEAN
valid_mosfet_seq_0090_80,STRIP PHOTORESIST,STRIP RESIST,HARD BAKE,DEVELOP PHOTORESIST,PARAMETRIC TEST
valid_mosfet_seq_0091_60,DEPOSIT BARRIER METAL,MEASURE VIA CD,BACKSIDE ETCH CLEAN,IMPLANT WELL,DEPOSIT POLYSILICON
valid_mosfet_seq_0091_80,PASSIVATION ETCH,PASSIVATION ETCH PAD OPENING,SWITCHING TEST,VIA ETCH THROUGH DIELECTRIC,VIA ETCH
valid_mosfet_seq_0092_60,MEASURE VIA CD,DEPOSIT BARRIER METAL,MEASURE GATE CD,MEASURE VIA RESISTANCE,DEPOSIT METAL 1
valid_mosfet_seq_0092_80,STRIP PHOTORESIST,STRIP RESIST,HARD BAKE,DEVELOP PHOTORESIST,PARAMETRIC TEST
valid_mosfet_seq_0093_60,MEASURE VIA CD,DEPOSIT BARRIER METAL,SPIN COAT PHOTORESIST,MEASURE VIA RESISTANCE,DEPOSIT METAL 1
valid_mosfet_seq_0093_80,PASSIVATION ETCH PAD OPENING,PASSIVATION ETCH,VIA ETCH THROUGH DIELECTRIC,VIA ETCH,DIELECTRIC ETCH VIA
valid_mosfet_seq_0094_60,CLEAN AFTER VIA ETCH,CLEAN AFTER ETCH,CLEAN AFTER METAL ETCH,RCA CLEAN 2,CLEAN PAD OPENING
valid_mosfet_seq_0094_80,PASSIVATION ETCH,PASSIVATION ETCH PAD OPENING,MEASURE PASSIVATION THICKNESS,OXIDE ETCH,MEASURE PASSIVATION QUALITY
valid_mosfet_seq_0095_60,MEASURE VIA CD,DEPOSIT BARRIER METAL,MEASURE VIA RESISTANCE,MEASURE GATE CD,DEPOSIT METAL 1
valid_mosfet_seq_0095_80,PASSIVATION ETCH PAD OPENING,PASSIVATION ETCH,VIA ETCH,VIA ETCH THROUGH DIELECTRIC,DIELECTRIC ETCH VIA
valid_mosfet_seq_0096_60,MEASURE VIA CD,DEPOSIT BARRIER METAL,MEASURE LINE WIDTH,DEPOSIT PASSIVATION,DEPOSIT METAL 1
valid_mosfet_seq_0096_80,PASSIVATION ETCH,PASSIVATION ETCH PAD OPENING,MEASURE PASSIVATION THICKNESS,MEASURE PASSIVATION QUALITY,SWITCHING TEST
valid_mosfet_seq_0097_60,DEPOSIT METAL SEED,BACKSIDE GRIND,POLYSILICON ANNEAL,BACKSIDE DRY,DEPOSIT BARRIER METAL
valid_mosfet_seq_0097_80,CLEAN PAD OPENING,BACKSIDE GRIND,BACKSIDE ETCH CLEAN,MEASURE PAD OPENING,BACKSIDE DRY
valid_mosfet_seq_0098_60,DEPOSIT BARRIER METAL,MEASURE VIA CD,DEPOSIT POLYSILICON,BACKSIDE ETCH CLEAN,DEPOSIT PASSIVATION
valid_mosfet_seq_0098_80,PASSIVATION ETCH,PASSIVATION ETCH PAD OPENING,MEASURE PASSIVATION THICKNESS,SWITCHING TEST,MEASURE PASSIVATION QUALITY
valid_mosfet_seq_0099_60,DEPOSIT BARRIER METAL,MEASURE VIA CD,DEPOSIT POLYSILICON,IMPLANT WELL,BACKSIDE ETCH CLEAN
valid_mosfet_seq_0099_80,PASSIVATION ETCH PAD OPENING,PASSIVATION ETCH,SWITCHING TEST,VIA ETCH THROUGH DIELECTRIC,OXIDE ETCH
valid_mosfet_seq_0100_60,MEASURE VIA CD,DEPOSIT BARRIER METAL,MEASURE GATE CD,SPIN COAT PHOTORESIST,MEASURE OPENING CD
valid_mosfet_seq_0100_80,STRIP PHOTORESIST,STRIP RESIST,HARD BAKE,DEVELOP PHOTORESIST,PARAMETRIC TEST
valid_mosfet_seq_0101_60,CLEAN AFTER VIA ETCH,CLEAN AFTER ETCH,RCA CLEAN 2,WET CLEAN RCA2,CLEAN PAD OPENING
valid_mosfet_seq_0101_80,CLEAN PAD OPENING,BACKSIDE GRIND,BACKSIDE ETCH CLEAN,CLEAN AFTER VIA ETCH,MEASURE PAD OPENING
valid_mosfet_seq_0102_60,DIELECTRIC ETCH VIA,VIA ETCH,HARD BAKE,VIA ETCH THROUGH DIELECTRIC,OXIDE ETCH
valid_mosfet_seq_0102_80,DEVELOP PHOTORESIST,DEVELOP PAD WINDOW,POST EXPOSE BAKE,OPEN PAD WINDOW LITHO,PAD WINDOW LITHO
valid_mosfet_seq_0103_60,CLEAN AFTER VIA ETCH,CLEAN AFTER ETCH,CLEAN PAD OPENING,CLEAN AFTER METAL ETCH,CLEAN AFTER POLY ETCH
valid_mosfet_seq_0103_80,STRIP PHOTORESIST,STRIP RESIST,HARD BAKE,DEVELOP PHOTORESIST,PARAMETRIC TEST
valid_mosfet_seq_0104_60,MEASURE VIA CD,DEPOSIT BARRIER METAL,MEASURE GATE CD,MEASURE VIA RESISTANCE,DEPOSIT METAL 1
valid_mosfet_seq_0104_80,PASSIVATION ETCH,PASSIVATION ETCH PAD OPENING,VIA ETCH,VIA ETCH THROUGH DIELECTRIC,DIELECTRIC ETCH VIA
valid_mosfet_seq_0105_60,DEPOSIT BARRIER METAL,MEASURE VIA CD,BACKSIDE ETCH CLEAN,DEPOSIT PASSIVATION,DEPOSIT PASSIVATION LAYER
valid_mosfet_seq_0105_80,STRIP PHOTORESIST,STRIP RESIST,HARD BAKE,DEVELOP PHOTORESIST,PARAMETRIC TEST
valid_mosfet_seq_0106_60,MEASURE VIA CD,DEPOSIT BARRIER METAL,SPIN COAT PHOTORESIST,MEASURE GATE CD,MEASURE METAL THICKNESS
valid_mosfet_seq_0106_80,STRIP PHOTORESIST,STRIP RESIST,HARD BAKE,DEVELOP PHOTORESIST,PARAMETRIC TEST
valid_mosfet_seq_0107_60,MEASURE VIA CD,DEPOSIT BARRIER METAL,SPIN COAT PHOTORESIST,DEPOSIT METAL 1,DEPOSIT TOP METAL
valid_mosfet_seq_0107_80,STRIP PHOTORESIST,STRIP RESIST,HARD BAKE,DEVELOP PHOTORESIST,PARAMETRIC TEST
valid_mosfet_seq_0108_60,CLEAN AFTER VIA ETCH,CLEAN AFTER ETCH,CLEAN AFTER METAL ETCH,CLEAN PAD OPENING,CLEAN AFTER POLY ETCH
valid_mosfet_seq_0108_80,PASSIVATION ETCH PAD OPENING,PASSIVATION ETCH,SHIP LOT,MEASURE PAD OPENING,SWITCHING TEST
valid_mosfet_seq_0109_60,MEASURE VIA CD,DEPOSIT BARRIER METAL,SPIN COAT PHOTORESIST,DEPOSIT METAL 1,MEASURE GATE CD
valid_mosfet_seq_0109_80,CLEAN PAD OPENING,BACKSIDE GRIND,BACKSIDE ETCH CLEAN,MEASURE PAD OPENING,CLEAN AFTER POLY ETCH
valid_mosfet_seq_0110_60,MEASURE VIA CD,DEPOSIT BARRIER METAL,SPIN COAT PHOTORESIST,DEPOSIT METAL 1,MEASURE GATE CD
valid_mosfet_seq_0110_80,STRIP PHOTORESIST,STRIP RESIST,DEVELOP PHOTORESIST,HARD BAKE,PARAMETRIC TEST
valid_mosfet_seq_0111_60,DEPOSIT BARRIER METAL,MEASURE VIA CD,IMPLANT WELL,DEPOSIT POLYSILICON,BACKSIDE ETCH CLEAN
valid_mosfet_seq_0111_80,STRIP PHOTORESIST,STRIP RESIST,HARD BAKE,DEVELOP PHOTORESIST,PARAMETRIC TEST
valid_mosfet_seq_0112_60,CLEAN AFTER VIA ETCH,CLEAN AFTER ETCH,CLEAN PAD OPENING,CLEAN AFTER METAL ETCH,RCA CLEAN 2
valid_mosfet_seq_0112_80,STRIP PHOTORESIST,STRIP RESIST,HARD BAKE,DEVELOP PHOTORESIST,PRE ANNEAL CHECK
valid_mosfet_seq_0113_60,CLEAN AFTER VIA ETCH,CLEAN AFTER ETCH,CLEAN AFTER METAL ETCH,CLEAN PAD OPENING,BACKSIDE ETCH CLEAN
valid_mosfet_seq_0113_80,CLEAN PAD OPENING,BACKSIDE ETCH CLEAN,BACKSIDE GRIND,CLEAN AFTER POLY ETCH,CLEAN AFTER ETCH
valid_mosfet_seq_0114_60,CLEAN AFTER VIA ETCH,CLEAN AFTER ETCH,CLEAN PAD OPENING,CLEAN AFTER METAL ETCH,BACKSIDE ETCH CLEAN
valid_mosfet_seq_0114_80,PASSIVATION ETCH,PASSIVATION ETCH PAD OPENING,VIA ETCH THROUGH DIELECTRIC,VIA ETCH,MEASURE PASSIVATION THICKNESS
valid_mosfet_seq_0115_60,STRIP PHOTORESIST,STRIP RESIST,HARD BAKE,DEVELOP PHOTORESIST,PRE ANNEAL CHECK
valid_mosfet_seq_0115_80,DEVELOP PAD WINDOW,DEVELOP PHOTORESIST,POST EXPOSE BAKE,OPEN PAD WINDOW LITHO,HARD BAKE
valid_mosfet_seq_0116_60,MEASURE VIA CD,DEPOSIT BARRIER METAL,SPIN COAT PHOTORESIST,MEASURE METAL THICKNESS,MEASURE OPENING CD
valid_mosfet_seq_0116_80,STRIP PHOTORESIST,STRIP RESIST,HARD BAKE,DEVELOP PHOTORESIST,PARAMETRIC TEST
valid_mosfet_seq_0117_60,STRIP PHOTORESIST,STRIP RESIST,HARD BAKE,DEVELOP PHOTORESIST,RCA CLEAN 1
valid_mosfet_seq_0117_80,PASSIVATION ETCH PAD OPENING,PASSIVATION ETCH,VIA ETCH THROUGH DIELECTRIC,SWITCHING TEST,OXIDE ETCH
valid_mosfet_seq_0118_60,MEASURE VIA CD,DEPOSIT BARRIER METAL,MEASURE GATE CD,SPIN COAT PHOTORESIST,MEASURE METAL THICKNESS
valid_mosfet_seq_0118_80,PASSIVATION ETCH PAD OPENING,PASSIVATION ETCH,VIA ETCH,VIA ETCH THROUGH DIELECTRIC,DIELECTRIC ETCH VIA
valid_mosfet_seq_0119_60,CLEAN AFTER VIA ETCH,CLEAN AFTER ETCH,ALIGN MASK LEVEL 3,CLEAN PAD OPENING,BACKSIDE ETCH CLEAN
valid_mosfet_seq_0119_80,PASSIVATION ETCH PAD OPENING,PASSIVATION ETCH,VIA ETCH THROUGH DIELECTRIC,VIA ETCH,DIELECTRIC ETCH VIA
valid_mosfet_seq_0120_60,CLEAN AFTER VIA ETCH,CLEAN AFTER ETCH,CLEAN AFTER METAL ETCH,CLEAN PAD OPENING,BACKSIDE ETCH CLEAN
valid_mosfet_seq_0120_80,PASSIVATION ETCH,PASSIVATION ETCH PAD OPENING,SWITCHING TEST,VIA ETCH THROUGH DIELECTRIC,VIA ETCH
valid_mosfet_seq_0121_60,STRIP PHOTORESIST,STRIP RESIST,HARD BAKE,DEVELOP PHOTORESIST,PRE ANNEAL CHECK
valid_mosfet_seq_0121_80,OPEN PAD WINDOW LITHO,PAD WINDOW LITHO,OPEN BOND PAD WINDOW,OPEN PAD WINDOW,DEVELOP PAD WINDOW
valid_mosfet_seq_0122_60,MEASURE VIA CD,DEPOSIT BARRIER METAL,SPIN COAT PHOTORESIST,MEASURE METAL THICKNESS,MEASURE GATE CD
valid_mosfet_seq_0122_80,DEVELOP PAD WINDOW,DEVELOP PHOTORESIST,POST EXPOSE BAKE,PARAMETRIC TEST,HARD BAKE
valid_mosfet_seq_0123_60,CLEAN AFTER VIA ETCH,CLEAN AFTER ETCH,CLEAN PAD OPENING,WET CLEAN RCA2,RCA CLEAN 2
valid_mosfet_seq_0123_80,STRIP RESIST,STRIP PHOTORESIST,HARD BAKE,DEVELOP PHOTORESIST,PARAMETRIC TEST
valid_mosfet_seq_0124_60,DEPOSIT BARRIER METAL,MEASURE VIA CD,DEPOSIT POLYSILICON,DEPOSIT PASSIVATION,DEPOSIT METAL 1
valid_mosfet_seq_0124_80,STRIP PHOTORESIST,STRIP RESIST,HARD BAKE,DEVELOP PHOTORESIST,PARAMETRIC TEST
valid_mosfet_seq_0125_60,MEASURE VIA CD,DEPOSIT BARRIER METAL,MEASURE GATE CD,MEASURE SHEET RESISTANCE,DEPOSIT PASSIVATION
valid_mosfet_seq_0125_80,STRIP PHOTORESIST,STRIP RESIST,HARD BAKE,DEVELOP PHOTORESIST,PARAMETRIC TEST
valid_mosfet_seq_0126_60,MEASURE VIA CD,DEPOSIT BARRIER METAL,MEASURE OPENING CD,SPIN COAT PHOTORESIST,DEPOSIT METAL 1
valid_mosfet_seq_0126_80,PASSIVATION ETCH,PASSIVATION ETCH PAD OPENING,MEASURE PASSIVATION THICKNESS,MEASURE PASSIVATION QUALITY,SWITCHING TEST
valid_mosfet_seq_0127_60,CLEAN AFTER VIA ETCH,CLEAN AFTER ETCH,BACKSIDE ETCH CLEAN,CLEAN AFTER METAL ETCH,CLEAN PAD OPENING
valid_mosfet_seq_0127_80,STRIP PHOTORESIST,STRIP RESIST,HARD BAKE,DEVELOP PHOTORESIST,PARAMETRIC TEST
valid_mosfet_seq_0128_60,MEASURE VIA CD,DEPOSIT BARRIER METAL,SPIN COAT PHOTORESIST,MEASURE LINE WIDTH,MEASURE GATE CD
valid_mosfet_seq_0128_80,CLEAN PAD OPENING,BACKSIDE ETCH CLEAN,BACKSIDE GRIND,CLEAN AFTER VIA ETCH,CLEAN AFTER ETCH
valid_mosfet_seq_0129_60,CLEAN AFTER VIA ETCH,CLEAN AFTER ETCH,CLEAN AFTER METAL ETCH,RCA CLEAN 2,CLEAN PAD OPENING
valid_mosfet_seq_0129_80,CLEAN PAD OPENING,BACKSIDE GRIND,BACKSIDE ETCH CLEAN,CLEAN AFTER POLY ETCH,BACKSIDE RINSE
valid_mosfet_seq_0130_60,MEASURE VIA CD,DEPOSIT BARRIER METAL,DEPOSIT METAL 1,MEASURE VIA RESISTANCE,DEPOSIT TOP METAL
valid_mosfet_seq_0130_80,STRIP RESIST,STRIP PHOTORESIST,HARD BAKE,DEVELOP PHOTORESIST,PARAMETRIC TEST
valid_mosfet_seq_0131_60,CLEAN AFTER VIA ETCH,CLEAN AFTER ETCH,CLEAN AFTER METAL ETCH,CLEAN PAD OPENING,ALIGN MASK LEVEL 3
valid_mosfet_seq_0131_80,STRIP PHOTORESIST,STRIP RESIST,HARD BAKE,DEVELOP PHOTORESIST,PARAMETRIC TEST
valid_mosfet_seq_0132_60,CLEAN AFTER VIA ETCH,CLEAN AFTER ETCH,CLEAN AFTER METAL ETCH,BACKSIDE ETCH CLEAN,CLEAN PAD OPENING
valid_mosfet_seq_0132_80,PASSIVATION ETCH,PASSIVATION ETCH PAD OPENING,VIA ETCH THROUGH DIELECTRIC,VIA ETCH,DIELECTRIC ETCH VIA
valid_mosfet_seq_0133_60,DEPOSIT BARRIER METAL,MEASURE VIA CD,DEPOSIT POLYSILICON,IMPLANT WELL,DEPOSIT METAL 1
valid_mosfet_seq_0133_80,PASSIVATION ETCH,PASSIVATION ETCH PAD OPENING,SWITCHING TEST,MEASURE PASSIVATION THICKNESS,MEASURE PASSIVATION QUALITY
valid_mosfet_seq_0134_60,MEASURE VIA CD,DEPOSIT BARRIER METAL,MEASURE GATE CD,MEASURE SHEET RESISTANCE,MEASURE VIA RESISTANCE
valid_mosfet_seq_0134_80,STRIP PHOTORESIST,STRIP RESIST,HARD BAKE,DEVELOP PHOTORESIST,PARAMETRIC TEST
valid_mosfet_seq_0135_60,MEASURE VIA CD,DEPOSIT BARRIER METAL,DEPOSIT METAL 1,MEASURE SHEET RESISTANCE,MEASURE VIA RESISTANCE
valid_mosfet_seq_0135_80,PASSIVATION ETCH,PASSIVATION ETCH PAD OPENING,VIA ETCH THROUGH DIELECTRIC,VIA ETCH,DIELECTRIC ETCH VIA
valid_mosfet_seq_0136_60,CLEAN AFTER VIA ETCH,CLEAN AFTER ETCH,CLEAN AFTER METAL ETCH,CLEAN PAD OPENING,CLEAN AFTER POLY ETCH
valid_mosfet_seq_0136_80,PASSIVATION ETCH,PASSIVATION ETCH PAD OPENING,SHIP LOT,OXIDE ETCH,VIA ETCH THROUGH DIELECTRIC
valid_mosfet_seq_0137_60,CLEAN AFTER VIA ETCH,CLEAN AFTER ETCH,CLEAN AFTER METAL ETCH,CLEAN PAD OPENING,DEPOSIT METAL SEED
valid_mosfet_seq_0137_80,PASSIVATION ETCH PAD OPENING,PASSIVATION ETCH,MEASURE PASSIVATION THICKNESS,MEASURE PASSIVATION QUALITY,VIA ETCH THROUGH DIELECTRIC
valid_mosfet_seq_0138_60,STRIP RESIST,STRIP PHOTORESIST,HARD BAKE,DEVELOP PHOTORESIST,PARAMETRIC TEST
valid_mosfet_seq_0138_80,PASSIVATION ETCH,PASSIVATION ETCH PAD OPENING,SWITCHING TEST,OXIDE ETCH,VIA ETCH THROUGH DIELECTRIC
valid_mosfet_seq_0139_60,MEASURE VIA CD,DEPOSIT BARRIER METAL,SPIN COAT PHOTORESIST,DEPOSIT METAL 1,MEASURE VIA RESISTANCE
valid_mosfet_seq_0139_80,PASSIVATION ETCH,PASSIVATION ETCH PAD OPENING,SWITCHING TEST,VIA ETCH THROUGH DIELECTRIC,VIA ETCH
valid_mosfet_seq_0140_60,MEASURE VIA CD,DEPOSIT BARRIER METAL,DEPOSIT METAL 1,SPIN COAT PHOTORESIST,MEASURE GATE CD
valid_mosfet_seq_0140_80,STRIP RESIST,STRIP PHOTORESIST,HARD BAKE,DEVELOP PHOTORESIST,PARAMETRIC TEST
valid_mosfet_seq_0141_60,CLEAN AFTER VIA ETCH,CLEAN AFTER ETCH,BACKSIDE ETCH CLEAN,CLEAN PAD OPENING,CLEAN AFTER METAL ETCH
valid_mosfet_seq_0141_80,PASSIVATION ETCH PAD OPENING,PASSIVATION ETCH,SWITCHING TEST,MEASURE PASSIVATION THICKNESS,MEASURE PASSIVATION QUALITY
valid_mosfet_seq_0142_60,MEASURE VIA CD,DEPOSIT BARRIER METAL,DEPOSIT METAL 1,MEASURE VIA RESISTANCE,DEPOSIT TOP METAL
valid_mosfet_seq_0142_80,CLEAN PAD OPENING,BACKSIDE ETCH CLEAN,CLEAN AFTER ETCH,BACKSIDE GRIND,CLEAN AFTER POLY ETCH
valid_mosfet_seq_0143_60,MEASURE VIA CD,DEPOSIT BARRIER METAL,MEASURE GATE CD,MEASURE OPENING CD,DEPOSIT METAL 1
valid_mosfet_seq_0143_80,STRIP PHOTORESIST,STRIP RESIST,HARD BAKE,DEVELOP PHOTORESIST,PARAMETRIC TEST
valid_mosfet_seq_0144_60,CLEAN AFTER VIA ETCH,CLEAN AFTER ETCH,ALIGN MASK LEVEL 3,CLEAN PAD OPENING,RCA CLEAN 2
valid_mosfet_seq_0144_80,STRIP RESIST,STRIP PHOTORESIST,HARD BAKE,DEVELOP PHOTORESIST,PRE ANNEAL CHECK
valid_mosfet_seq_0145_60,MEASURE VIA CD,DEPOSIT BARRIER METAL,MEASURE LINE WIDTH,DEPOSIT PASSIVATION,MEASURE GATE CD
valid_mosfet_seq_0145_80,STRIP PHOTORESIST,STRIP RESIST,HARD BAKE,DEVELOP PHOTORESIST,PRE ANNEAL CHECK
valid_mosfet_seq_0146_60,DEPOSIT BARRIER METAL,MEASURE VIA CD,BACKSIDE ETCH CLEAN,IMPLANT WELL,DEPOSIT POLYSILICON
valid_mosfet_seq_0146_80,STRIP RESIST,STRIP PHOTORESIST,HARD BAKE,DEVELOP PHOTORESIST,PARAMETRIC TEST
valid_mosfet_seq_0147_60,MEASURE VIA CD,DEPOSIT BARRIER METAL,MEASURE LINE WIDTH,DEPOSIT PASSIVATION,DEPOSIT PASSIVATION LAYER
valid_mosfet_seq_0147_80,CLEAN PAD OPENING,BACKSIDE GRIND,BACKSIDE ETCH CLEAN,MEASURE PAD OPENING,CLEAN AFTER VIA ETCH
valid_mosfet_seq_0148_60,MEASURE VIA CD,DEPOSIT BARRIER METAL,SPIN COAT PHOTORESIST,DEPOSIT METAL 1,MEASURE GATE CD
valid_mosfet_seq_0148_80,PASSIVATION ETCH PAD OPENING,PASSIVATION ETCH,VIA ETCH THROUGH DIELECTRIC,VIA ETCH,DIELECTRIC ETCH VIA
valid_mosfet_seq_0149_60,STRIP PHOTORESIST,STRIP RESIST,HARD BAKE,DEVELOP PHOTORESIST,PRE ANNEAL CHECK
valid_mosfet_seq_0149_80,STRIP PHOTORESIST,STRIP RESIST,HARD BAKE,DEVELOP PHOTORESIST,PARAMETRIC TEST
valid_mosfet_seq_0150_60,STRIP RESIST,STRIP PHOTORESIST,HARD BAKE,DEVELOP PHOTORESIST,PRE ANNEAL CHECK
valid_mosfet_seq_0150_80,DEVELOP PAD WINDOW,DEVELOP PHOTORESIST,POST EXPOSE BAKE,OPEN PAD WINDOW LITHO,PAD WINDOW LITHO
valid_mosfet_seq_0151_60,MEASURE VIA CD,DEPOSIT BARRIER METAL,SPIN COAT PHOTORESIST,DEPOSIT METAL 1,MEASURE GATE CD
valid_mosfet_seq_0151_80,PASSIVATION ETCH,PASSIVATION ETCH PAD OPENING,SWITCHING TEST,VIA ETCH THROUGH DIELECTRIC,VIA ETCH
valid_mosfet_seq_0152_60,CLEAN AFTER VIA ETCH,CLEAN AFTER ETCH,CLEAN AFTER METAL ETCH,CLEAN PAD OPENING,CLEAN AFTER POLY ETCH
valid_mosfet_seq_0152_80,DEVELOP PAD WINDOW,DEVELOP PHOTORESIST,POST EXPOSE BAKE,OPEN PAD WINDOW LITHO,PAD WINDOW LITHO
valid_mosfet_seq_0153_60,MEASURE VIA CD,DEPOSIT BARRIER METAL,SPIN COAT PHOTORESIST,DEPOSIT METAL 1,MEASURE VIA RESISTANCE
valid_mosfet_seq_0153_80,PASSIVATION ETCH,PASSIVATION ETCH PAD OPENING,SWITCHING TEST,VIA ETCH THROUGH DIELECTRIC,VIA ETCH
valid_mosfet_seq_0154_60,DEPOSIT METAL SEED,POLYSILICON ANNEAL,BACKSIDE GRIND,BACKSIDE DRY,DEPOSIT BARRIER METAL
valid_mosfet_seq_0154_80,CLEAN PAD OPENING,CLEAN AFTER ETCH,BACKSIDE ETCH CLEAN,CLEAN AFTER POLY ETCH,BACKSIDE GRIND
valid_mosfet_seq_0155_60,MEASURE VIA CD,DEPOSIT BARRIER METAL,SPIN COAT PHOTORESIST,DEPOSIT METAL 1,MEASURE VIA RESISTANCE
valid_mosfet_seq_0155_80,PASSIVATION ETCH,PASSIVATION ETCH PAD OPENING,VIA ETCH THROUGH DIELECTRIC,VIA ETCH,SWITCHING TEST
valid_mosfet_seq_0156_60,MEASURE VIA CD,DEPOSIT BARRIER METAL,MEASURE GATE CD,MEASURE VIA RESISTANCE,DEPOSIT METAL 1
valid_mosfet_seq_0156_80,PASSIVATION ETCH PAD OPENING,PASSIVATION ETCH,CLEAN PAD OPENING,MEASURE PAD OPENING,SWITCHING TEST
valid_mosfet_seq_0157_60,CLEAN AFTER VIA ETCH,CLEAN AFTER ETCH,CLEAN AFTER METAL ETCH,CLEAN PAD OPENING,CLEAN AFTER POLY ETCH
valid_mosfet_seq_0157_80,STRIP PHOTORESIST,STRIP RESIST,HARD BAKE,DEVELOP PHOTORESIST,PARAMETRIC TEST
valid_mosfet_seq_0158_60,DEPOSIT BARRIER METAL,MEASURE VIA CD,DEPOSIT PASSIVATION,DEPOSIT METAL 1,DEPOSIT PASSIVATION LAYER
valid_mosfet_seq_0158_80,STRIP RESIST,STRIP PHOTORESIST,DEVELOP PHOTORESIST,HARD BAKE,PARAMETRIC TEST
valid_mosfet_seq_0159_60,MEASURE VIA CD,DEPOSIT BARRIER METAL,DEPOSIT METAL 1,MEASURE VIA RESISTANCE,DEPOSIT TOP METAL
valid_mosfet_seq_0159_80,PASSIVATION ETCH,PASSIVATION ETCH PAD OPENING,MEASURE PASSIVATION THICKNESS,SWITCHING TEST,MEASURE PASSIVATION QUALITY
valid_mosfet_seq_0160_60,MEASURE VIA CD,DEPOSIT BARRIER METAL,MEASURE GATE CD,DEPOSIT METAL 1,MEASURE VIA RESISTANCE
valid_mosfet_seq_0160_80,STRIP RESIST,STRIP PHOTORESIST,HARD BAKE,DEVELOP PHOTORESIST,PARAMETRIC TEST
valid_mosfet_seq_0161_60,CLEAN AFTER VIA ETCH,CLEAN AFTER ETCH,CLEAN AFTER METAL ETCH,CLEAN PAD OPENING,CLEAN AFTER POLY ETCH
valid_mosfet_seq_0161_80,STRIP PHOTORESIST,STRIP RESIST,HARD BAKE,DEVELOP PHOTORESIST,PARAMETRIC TEST
valid_mosfet_seq_0162_60,MEASURE VIA CD,DEPOSIT BARRIER METAL,SPIN COAT PHOTORESIST,MEASURE METAL THICKNESS,DEPOSIT METAL 1
valid_mosfet_seq_0162_80,PASSIVATION ETCH,PASSIVATION ETCH PAD OPENING,MEASURE PASSIVATION THICKNESS,MEASURE PASSIVATION QUALITY,VIA ETCH THROUGH DIELECTRIC
valid_mosfet_seq_0163_60,DEPOSIT BARRIER METAL,MEASURE VIA CD,IMPLANT WELL,DEPOSIT POLYSILICON,DEPOSIT METAL 1
valid_mosfet_seq_0163_80,STRIP PHOTORESIST,STRIP RESIST,HARD BAKE,DEVELOP PHOTORESIST,PARAMETRIC TEST
valid_mosfet_seq_0164_60,MEASURE VIA CD,DEPOSIT BARRIER METAL,SPIN COAT PHOTORESIST,MEASURE GATE CD,DEPOSIT METAL 1
valid_mosfet_seq_0164_80,STRIP PHOTORESIST,STRIP RESIST,HARD BAKE,DEVELOP PHOTORESIST,PARAMETRIC TEST
valid_mosfet_seq_0165_60,STRIP PHOTORESIST,STRIP RESIST,HARD BAKE,DEVELOP PHOTORESIST,PRE ANNEAL CHECK
valid_mosfet_seq_0165_80,PASSIVATION ETCH,PASSIVATION ETCH PAD OPENING,MEASURE PASSIVATION THICKNESS,MEASURE PASSIVATION QUALITY,VIA ETCH THROUGH DIELECTRIC
valid_mosfet_seq_0166_60,CLEAN AFTER VIA ETCH,CLEAN AFTER ETCH,CLEAN AFTER METAL ETCH,CLEAN PAD OPENING,ALIGN MASK LEVEL 3
valid_mosfet_seq_0166_80,OPEN PAD WINDOW LITHO,PAD WINDOW LITHO,DEVELOP PAD WINDOW,OPEN BOND PAD WINDOW,OPEN PAD WINDOW
valid_mosfet_seq_0167_60,MEASURE VIA CD,DEPOSIT BARRIER METAL,DEPOSIT METAL 1,MEASURE VIA RESISTANCE,MEASURE CONTACT RESISTANCE
valid_mosfet_seq_0167_80,CLEAN PAD OPENING,BACKSIDE ETCH CLEAN,CLEAN AFTER ETCH,BACKSIDE GRIND,CLEAN AFTER VIA ETCH
valid_mosfet_seq_0168_60,STRIP PHOTORESIST,STRIP RESIST,HARD BAKE,DEVELOP PHOTORESIST,PRE ANNEAL CHECK
valid_mosfet_seq_0168_80,PASSIVATION ETCH PAD OPENING,PASSIVATION ETCH,VIA ETCH,VIA ETCH THROUGH DIELECTRIC,DIELECTRIC ETCH VIA
valid_mosfet_seq_0169_60,CLEAN AFTER VIA ETCH,CLEAN AFTER ETCH,CLEAN AFTER METAL ETCH,CLEAN PAD OPENING,ALIGN MASK LEVEL 3
valid_mosfet_seq_0169_80,DEVELOP PHOTORESIST,DEVELOP PAD WINDOW,POST EXPOSE BAKE,OPEN PAD WINDOW LITHO,PAD WINDOW LITHO
valid_mosfet_seq_0170_60,DEPOSIT METAL SEED,POLYSILICON ANNEAL,BACKSIDE GRIND,BACKSIDE DRY,BACKSIDE ANNEAL
valid_mosfet_seq_0170_80,STRIP PHOTORESIST,STRIP RESIST,HARD BAKE,DEVELOP PHOTORESIST,PARAMETRIC TEST
valid_mosfet_seq_0171_60,STRIP PHOTORESIST,STRIP RESIST,HARD BAKE,DEVELOP PHOTORESIST,PRE ANNEAL CHECK
valid_mosfet_seq_0171_80,DEVELOP PAD WINDOW,DEVELOP PHOTORESIST,POST EXPOSE BAKE,OPEN PAD WINDOW LITHO,PAD WINDOW LITHO
valid_mosfet_seq_0172_60,MEASURE VIA CD,DEPOSIT BARRIER METAL,MEASURE GATE CD,SPIN COAT PHOTORESIST,DEPOSIT METAL 1
valid_mosfet_seq_0172_80,PASSIVATION ETCH PAD OPENING,PASSIVATION ETCH,VIA ETCH THROUGH DIELECTRIC,VIA ETCH,SWITCHING TEST
valid_mosfet_seq_0173_60,CLEAN AFTER VIA ETCH,CLEAN AFTER ETCH,CLEAN AFTER METAL ETCH,CLEAN PAD OPENING,BACKSIDE ETCH CLEAN
valid_mosfet_seq_0173_80,DEVELOP PAD WINDOW,DEVELOP PHOTORESIST,POST EXPOSE BAKE,OPEN PAD WINDOW LITHO,PAD WINDOW LITHO
valid_mosfet_seq_0174_60,MEASURE VIA CD,DEPOSIT BARRIER METAL,MEASURE LINE WIDTH,DEPOSIT PASSIVATION,DEPOSIT METAL 1
valid_mosfet_seq_0174_80,PASSIVATION ETCH,PASSIVATION ETCH PAD OPENING,MEASURE PASSIVATION THICKNESS,MEASURE PASSIVATION QUALITY,SWITCHING TEST
valid_mosfet_seq_0175_60,CLEAN AFTER VIA ETCH,CLEAN AFTER ETCH,ALIGN MASK LEVEL 3,CLEAN AFTER METAL ETCH,CLEAN PAD OPENING
valid_mosfet_seq_0175_80,PASSIVATION ETCH PAD OPENING,PASSIVATION ETCH,VIA ETCH THROUGH DIELECTRIC,OXIDE ETCH,DIELECTRIC ETCH VIA
valid_mosfet_seq_0176_60,CLEAN AFTER VIA ETCH,CLEAN AFTER ETCH,CLEAN AFTER METAL ETCH,CLEAN PAD OPENING,RCA CLEAN 2
valid_mosfet_seq_0176_80,DEVELOP PAD WINDOW,DEVELOP PHOTORESIST,POST EXPOSE BAKE,OPEN PAD WINDOW LITHO,PAD WINDOW LITHO
valid_mosfet_seq_0177_60,DEPOSIT BARRIER METAL,MEASURE VIA CD,BACKSIDE ETCH CLEAN,IMPLANT WELL,DEPOSIT PASSIVATION
valid_mosfet_seq_0177_80,STRIP RESIST,STRIP PHOTORESIST,DEVELOP PHOTORESIST,HARD BAKE,PARAMETRIC TEST
valid_mosfet_seq_0178_60,DEPOSIT BARRIER METAL,MEASURE VIA CD,DEPOSIT POLYSILICON,DEPOSIT PASSIVATION,DEPOSIT METAL 1
valid_mosfet_seq_0178_80,CLEAN PAD OPENING,BACKSIDE GRIND,CLEAN AFTER VIA ETCH,BACKSIDE ETCH CLEAN,CLEAN AFTER POLY ETCH
valid_mosfet_seq_0179_60,STRIP RESIST,STRIP PHOTORESIST,HARD BAKE,DEVELOP PHOTORESIST,PRE ANNEAL CHECK
valid_mosfet_seq_0179_80,PASSIVATION ETCH,PASSIVATION ETCH PAD OPENING,VIA ETCH THROUGH DIELECTRIC,VIA ETCH,DIELECTRIC ETCH VIA
valid_mosfet_seq_0180_60,CLEAN AFTER VIA ETCH,CLEAN AFTER ETCH,CLEAN AFTER METAL ETCH,CLEAN PAD OPENING,RCA CLEAN 2
valid_mosfet_seq_0180_80,PASSIVATION ETCH,PASSIVATION ETCH PAD OPENING,MEASURE PASSIVATION THICKNESS,MEASURE PASSIVATION QUALITY,VIA ETCH THROUGH DIELECTRIC
valid_mosfet_seq_0181_60,MEASURE VIA CD,DEPOSIT BARRIER METAL,MEASURE SHEET RESISTANCE,MEASURE OPENING CD,SPIN COAT PHOTORESIST
valid_mosfet_seq_0181_80,PASSIVATION ETCH,PASSIVATION ETCH PAD OPENING,SWITCHING TEST,OXIDE ETCH,MEASURE PASSIVATION THICKNESS
valid_mosfet_seq_0182_60,DEPOSIT BARRIER METAL,MEASURE VIA CD,BACKSIDE ETCH CLEAN,IMPLANT WELL,DEPOSIT POLYSILICON
valid_mosfet_seq_0182_80,PASSIVATION ETCH PAD OPENING,PASSIVATION ETCH,SWITCHING TEST,VIA ETCH THROUGH DIELECTRIC,MEASURE PASSIVATION THICKNESS
valid_mosfet_seq_0183_60,MEASURE VIA CD,DEPOSIT BARRIER METAL,SPIN COAT PHOTORESIST,MEASURE GATE CD,MEASURE OPENING CD
valid_mosfet_seq_0183_80,STRIP RESIST,STRIP PHOTORESIST,DEVELOP PHOTORESIST,HARD BAKE,PARAMETRIC TEST
valid_mosfet_seq_0184_60,VIA ETCH THROUGH DIELECTRIC,VIA ETCH,HARD BAKE,DIELECTRIC ETCH VIA,METAL ETCH
valid_mosfet_seq_0184_80,DEVELOP PHOTORESIST,DEVELOP PAD WINDOW,POST EXPOSE BAKE,OPEN PAD WINDOW LITHO,PAD WINDOW LITHO
valid_mosfet_seq_0185_60,MEASURE VIA CD,DEPOSIT BARRIER METAL,DEPOSIT METAL 1,MEASURE VIA RESISTANCE,DEPOSIT TOP METAL
valid_mosfet_seq_0185_80,PASSIVATION ETCH,PASSIVATION ETCH PAD OPENING,SWITCHING TEST,MEASURE PASSIVATION THICKNESS,MEASURE PASSIVATION QUALITY
valid_mosfet_seq_0186_60,MEASURE VIA CD,DEPOSIT BARRIER METAL,DEPOSIT METAL 1,MEASURE SHEET RESISTANCE,MEASURE VIA RESISTANCE
valid_mosfet_seq_0186_80,PASSIVATION ETCH PAD OPENING,PASSIVATION ETCH,VIA ETCH,VIA ETCH THROUGH DIELECTRIC,DIELECTRIC ETCH VIA
valid_mosfet_seq_0187_60,MEASURE VIA CD,DEPOSIT BARRIER METAL,SPIN COAT PHOTORESIST,MEASURE METAL THICKNESS,DEPOSIT METAL 1
valid_mosfet_seq_0187_80,PASSIVATION ETCH,PASSIVATION ETCH PAD OPENING,MEASURE PASSIVATION THICKNESS,MEASURE PASSIVATION QUALITY,SWITCHING TEST
valid_mosfet_seq_0188_60,STRIP RESIST,STRIP PHOTORESIST,HARD BAKE,DEVELOP PHOTORESIST,PRE ANNEAL CHECK
valid_mosfet_seq_0188_80,PASSIVATION ETCH PAD OPENING,PASSIVATION ETCH,VIA ETCH THROUGH DIELECTRIC,VIA ETCH,DIELECTRIC ETCH VIA
valid_mosfet_seq_0189_60,CLEAN AFTER VIA ETCH,CLEAN AFTER ETCH,CLEAN AFTER METAL ETCH,BACKSIDE ETCH CLEAN,CLEAN PAD OPENING
valid_mosfet_seq_0189_80,PASSIVATION ETCH PAD OPENING,PASSIVATION ETCH,VIA ETCH THROUGH DIELECTRIC,VIA ETCH,DIELECTRIC ETCH VIA
valid_mosfet_seq_0190_60,MEASURE VIA CD,DEPOSIT BARRIER METAL,MEASURE VIA RESISTANCE,DEPOSIT METAL 1,MEASURE GATE CD
valid_mosfet_seq_0190_80,PASSIVATION ETCH PAD OPENING,PASSIVATION ETCH,VIA ETCH,VIA ETCH THROUGH DIELECTRIC,DIELECTRIC ETCH VIA
valid_mosfet_seq_0191_60,DEPOSIT METAL SEED,POLYSILICON ANNEAL,BACKSIDE GRIND,BACKSIDE DRY,DEPOSIT BARRIER METAL
valid_mosfet_seq_0191_80,STRIP PHOTORESIST,STRIP RESIST,HARD BAKE,DEVELOP PHOTORESIST,PARAMETRIC TEST
valid_mosfet_seq_0192_60,DEPOSIT BARRIER METAL,MEASURE VIA CD,BACKSIDE ETCH CLEAN,IMPLANT WELL,DEPOSIT PASSIVATION
valid_mosfet_seq_0192_80,PASSIVATION ETCH PAD OPENING,PASSIVATION ETCH,VIA ETCH,VIA ETCH THROUGH DIELECTRIC,DIELECTRIC ETCH VIA
valid_mosfet_seq_0193_60,STRIP RESIST,STRIP PHOTORESIST,HARD BAKE,DEVELOP PHOTORESIST,POST EXPOSE BAKE
valid_mosfet_seq_0193_80,DEVELOP PHOTORESIST,DEVELOP PAD WINDOW,POST EXPOSE BAKE,PARAMETRIC TEST,OPEN PAD WINDOW LITHO
valid_mosfet_seq_0194_60,CLEAN AFTER VIA ETCH,CLEAN AFTER ETCH,CLEAN AFTER METAL ETCH,CLEAN PAD OPENING,EPITAXY PREP
valid_mosfet_seq_0194_80,PASSIVATION ETCH PAD OPENING,PASSIVATION ETCH,VIA ETCH THROUGH DIELECTRIC,VIA ETCH,DIELECTRIC ETCH VIA
valid_mosfet_seq_0195_60,MEASURE VIA CD,DEPOSIT BARRIER METAL,SPIN COAT PHOTORESIST,MEASURE GATE CD,MEASURE METAL THICKNESS
valid_mosfet_seq_0195_80,STRIP PHOTORESIST,STRIP RESIST,HARD BAKE,DEVELOP PHOTORESIST,PARAMETRIC TEST
valid_mosfet_seq_0196_60,CLEAN AFTER VIA ETCH,CLEAN AFTER ETCH,CLEAN AFTER METAL ETCH,CLEAN PAD OPENING,DEPOSIT METAL SEED
valid_mosfet_seq_0196_80,PASSIVATION ETCH PAD OPENING,PASSIVATION ETCH,VIA ETCH THROUGH DIELECTRIC,SWITCHING TEST,DIELECTRIC ETCH VIA
valid_mosfet_seq_0197_60,VIA ETCH THROUGH DIELECTRIC,VIA ETCH,DIELECTRIC ETCH VIA,HARD BAKE,DEPOSIT INTERLAYER DIELECTRIC
valid_mosfet_seq_0197_80,DEVELOP PHOTORESIST,DEVELOP PAD WINDOW,POST EXPOSE BAKE,OPEN PAD WINDOW LITHO,PAD WINDOW LITHO
valid_mosfet_seq_0198_60,CLEAN AFTER VIA ETCH,CLEAN AFTER ETCH,CLEAN AFTER METAL ETCH,CLEAN PAD OPENING,CLEAN AFTER POLY ETCH
valid_mosfet_seq_0198_80,PASSIVATION ETCH,PASSIVATION ETCH PAD OPENING,SWITCHING TEST,OXIDE ETCH,VIA ETCH
valid_mosfet_seq_0199_60,CLEAN AFTER VIA ETCH,CLEAN AFTER ETCH,CLEAN PAD OPENING,CLEAN AFTER METAL ETCH,BACKSIDE ETCH CLEAN
valid_mosfet_seq_0199_80,DEVELOP PHOTORESIST,DEVELOP PAD WINDOW,POST EXPOSE BAKE,OPEN PAD WINDOW LITHO,PAD WINDOW LITHO
valid_mosfet_seq_0200_60,DEPOSIT METAL SEED,POLYSILICON ANNEAL,BACKSIDE GRIND,BACKSIDE DRY,FILL VIA METAL
valid_mosfet_seq_0200_80,STRIP PHOTORESIST,STRIP RESIST,HARD BAKE,DEVELOP PHOTORESIST,PARAMETRIC TEST
valid_mosfet_seq_0201_60,STRIP RESIST,STRIP PHOTORESIST,HARD BAKE,DEVELOP PHOTORESIST,PARAMETRIC TEST
valid_mosfet_seq_0201_80,STRIP PHOTORESIST,STRIP RESIST,HARD BAKE,DEVELOP PHOTORESIST,PARAMETRIC TEST
valid_mosfet_seq_0202_60,MEASURE VIA CD,DEPOSIT BARRIER METAL,MEASURE OPENING CD,SPIN COAT PHOTORESIST,MEASURE GATE CD
valid_mosfet_seq_0202_80,STRIP RESIST,STRIP PHOTORESIST,HARD BAKE,DEVELOP PHOTORESIST,PARAMETRIC TEST
valid_mosfet_seq_0203_60,STRIP PHOTORESIST,STRIP RESIST,HARD BAKE,DEVELOP PHOTORESIST,PARAMETRIC TEST
valid_mosfet_seq_0203_80,DEVELOP PAD WINDOW,DEVELOP PHOTORESIST,POST EXPOSE BAKE,PARAMETRIC TEST,OPEN PAD WINDOW LITHO
valid_mosfet_seq_0204_60,MEASURE VIA CD,DEPOSIT BARRIER METAL,DEPOSIT METAL 1,MEASURE VIA RESISTANCE,SPIN COAT PHOTORESIST
valid_mosfet_seq_0204_80,PASSIVATION ETCH,PASSIVATION ETCH PAD OPENING,SWITCHING TEST,MEASURE PASSIVATION THICKNESS,VIA ETCH THROUGH DIELECTRIC
valid_mosfet_seq_0205_60,MEASURE VIA CD,DEPOSIT BARRIER METAL,SPIN COAT PHOTORESIST,MEASURE METAL THICKNESS,MEASURE GATE CD
valid_mosfet_seq_0205_80,CLEAN PAD OPENING,BACKSIDE GRIND,CLEAN AFTER POLY ETCH,BACKSIDE ETCH CLEAN,CLEAN AFTER ETCH
valid_mosfet_seq_0206_60,CLEAN AFTER VIA ETCH,CLEAN AFTER ETCH,CLEAN AFTER METAL ETCH,CLEAN PAD OPENING,CLEAN AFTER POLY ETCH
valid_mosfet_seq_0206_80,PASSIVATION ETCH PAD OPENING,PASSIVATION ETCH,VIA ETCH THROUGH DIELECTRIC,VIA ETCH,DIELECTRIC ETCH VIA
valid_mosfet_seq_0207_60,DEPOSIT BARRIER METAL,MEASURE VIA CD,BACKSIDE ETCH CLEAN,IMPLANT SOURCE DRAIN,IMPLANT WELL
valid_mosfet_seq_0207_80,PASSIVATION ETCH PAD OPENING,PASSIVATION ETCH,OXIDE ETCH,DIELECTRIC ETCH VIA,VIA ETCH THROUGH DIELECTRIC
valid_mosfet_seq_0208_60,CLEAN AFTER VIA ETCH,CLEAN AFTER ETCH,CLEAN PAD OPENING,CLEAN AFTER METAL ETCH,CLEAN AFTER POLY ETCH
valid_mosfet_seq_0208_80,STRIP PHOTORESIST,STRIP RESIST,HARD BAKE,DEVELOP PHOTORESIST,PARAMETRIC TEST
valid_mosfet_seq_0209_60,CLEAN AFTER VIA ETCH,CLEAN AFTER ETCH,CLEAN PAD OPENING,CLEAN AFTER METAL ETCH,CLEAN AFTER POLY ETCH
valid_mosfet_seq_0209_80,PASSIVATION ETCH PAD OPENING,PASSIVATION ETCH,SWITCHING TEST,VIA ETCH THROUGH DIELECTRIC,SHIP LOT
valid_mosfet_seq_0210_60,DEPOSIT BARRIER METAL,MEASURE VIA CD,IMPLANT WELL,DEPOSIT POLYSILICON,BACKSIDE ETCH CLEAN
valid_mosfet_seq_0210_80,STRIP PHOTORESIST,STRIP RESIST,HARD BAKE,DEVELOP PHOTORESIST,PRE ANNEAL CHECK
valid_mosfet_seq_0211_60,CLEAN AFTER VIA ETCH,CLEAN AFTER ETCH,BACKSIDE ETCH CLEAN,CLEAN AFTER METAL ETCH,CLEAN PAD OPENING
valid_mosfet_seq_0211_80,PASSIVATION ETCH PAD OPENING,PASSIVATION ETCH,SWITCHING TEST,THRESHOLD VOLTAGE TEST,VIA ETCH THROUGH DIELECTRIC
valid_mosfet_seq_0212_60,STRIP RESIST,STRIP PHOTORESIST,HARD BAKE,DEVELOP PHOTORESIST,RCA CLEAN 1
valid_mosfet_seq_0212_80,DEVELOP PHOTORESIST,DEVELOP PAD WINDOW,POST EXPOSE BAKE,OPEN PAD WINDOW LITHO,PAD WINDOW LITHO
valid_mosfet_seq_0213_60,DEPOSIT BARRIER METAL,MEASURE VIA CD,BACKSIDE ETCH CLEAN,IMPLANT WELL,DEPOSIT METAL 1
valid_mosfet_seq_0213_80,PASSIVATION ETCH PAD OPENING,PASSIVATION ETCH,SWITCHING TEST,VIA ETCH THROUGH DIELECTRIC,VIA ETCH
valid_mosfet_seq_0214_60,MEASURE VIA CD,DEPOSIT BARRIER METAL,DEPOSIT METAL 1,MEASURE VIA RESISTANCE,DEPOSIT TOP METAL
valid_mosfet_seq_0214_80,STRIP PHOTORESIST,STRIP RESIST,HARD BAKE,DEVELOP PHOTORESIST,PARAMETRIC TEST
valid_mosfet_seq_0215_60,MEASURE VIA CD,DEPOSIT BARRIER METAL,SPIN COAT PHOTORESIST,MEASURE METAL THICKNESS,DEPOSIT METAL 1
valid_mosfet_seq_0215_80,STRIP PHOTORESIST,STRIP RESIST,HARD BAKE,DEVELOP PHOTORESIST,PARAMETRIC TEST
valid_mosfet_seq_0216_60,DEPOSIT METAL SEED,POLYSILICON ANNEAL,BACKSIDE GRIND,BACKSIDE DRY,SHIP LOT
valid_mosfet_seq_0216_80,STRIP PHOTORESIST,STRIP RESIST,HARD BAKE,DEVELOP PHOTORESIST,PARAMETRIC TEST
valid_mosfet_seq_0217_60,FILL VIA METAL,EXPOSE LITHO LEVEL 4,DEPOSIT BACKSIDE METAL,BACKSIDE METALLIZATION PREP,BACKSIDE ANNEAL
valid_mosfet_seq_0217_80,CLEAN PAD OPENING,BACKSIDE GRIND,BACKSIDE ETCH CLEAN,BACKSIDE RINSE,MEASURE PAD OPENING
valid_mosfet_seq_0218_60,CLEAN AFTER VIA ETCH,CLEAN AFTER ETCH,CLEAN AFTER METAL ETCH,CLEAN PAD OPENING,BACKSIDE ETCH CLEAN
valid_mosfet_seq_0218_80,PASSIVATION ETCH PAD OPENING,PASSIVATION ETCH,SWITCHING TEST,VIA ETCH THROUGH DIELECTRIC,VIA ETCH
valid_mosfet_seq_0219_60,MEASURE VIA CD,DEPOSIT BARRIER METAL,DEPOSIT METAL 1,MEASURE VIA RESISTANCE,SPIN COAT PHOTORESIST
valid_mosfet_seq_0219_80,PASSIVATION ETCH,PASSIVATION ETCH PAD OPENING,MEASURE PASSIVATION THICKNESS,MEASURE PASSIVATION QUALITY,SHIP LOT
valid_mosfet_seq_0220_60,MEASURE VIA CD,DEPOSIT BARRIER METAL,MEASURE OPENING CD,MEASURE GATE CD,DEPOSIT METAL 1
valid_mosfet_seq_0220_80,STRIP PHOTORESIST,STRIP RESIST,HARD BAKE,DEVELOP PHOTORESIST,PARAMETRIC TEST
valid_mosfet_seq_0221_60,CLEAN AFTER VIA ETCH,CLEAN AFTER ETCH,RCA CLEAN 2,WET CLEAN RCA2,CLEAN PAD OPENING
valid_mosfet_seq_0221_80,PASSIVATION ETCH,PASSIVATION ETCH PAD OPENING,VIA ETCH THROUGH DIELECTRIC,VIA ETCH,SWITCHING TEST
valid_mosfet_seq_0222_60,CLEAN AFTER VIA ETCH,CLEAN AFTER ETCH,CLEAN PAD OPENING,ALIGN MASK LEVEL 3,CLEAN AFTER METAL ETCH
valid_mosfet_seq_0222_80,PASSIVATION ETCH PAD OPENING,PASSIVATION ETCH,SWITCHING TEST,VIA ETCH THROUGH DIELECTRIC,VIA ETCH
valid_mosfet_seq_0223_60,CLEAN AFTER VIA ETCH,CLEAN AFTER ETCH,CLEAN AFTER METAL ETCH,CLEAN PAD OPENING,CLEAN AFTER POLY ETCH
valid_mosfet_seq_0223_80,PASSIVATION ETCH PAD OPENING,PASSIVATION ETCH,SWITCHING TEST,DEVELOP PAD WINDOW,THRESHOLD VOLTAGE TEST
valid_mosfet_seq_0224_60,DEPOSIT BARRIER METAL,MEASURE VIA CD,DEPOSIT PASSIVATION,DEPOSIT POLYSILICON,DEPOSIT PASSIVATION LAYER
valid_mosfet_seq_0224_80,STRIP PHOTORESIST,STRIP RESIST,HARD BAKE,DEVELOP PHOTORESIST,PARAMETRIC TEST
valid_mosfet_seq_0225_60,CLEAN AFTER VIA ETCH,CLEAN AFTER ETCH,CLEAN AFTER METAL ETCH,CLEAN PAD OPENING,CLEAN AFTER POLY ETCH
valid_mosfet_seq_0225_80,STRIP RESIST,STRIP PHOTORESIST,DEVELOP PHOTORESIST,HARD BAKE,PARAMETRIC TEST
valid_mosfet_seq_0226_60,DEPOSIT BARRIER METAL,MEASURE VIA CD,DEPOSIT PASSIVATION,DEPOSIT PASSIVATION LAYER,DEPOSIT METAL 1
valid_mosfet_seq_0226_80,CLEAN PAD OPENING,BACKSIDE GRIND,BACKSIDE ETCH CLEAN,MEASURE PAD OPENING,CLEAN AFTER VIA ETCH
valid_mosfet_seq_0227_60,MEASURE VIA CD,DEPOSIT BARRIER METAL,MEASURE GATE CD,SPIN COAT PHOTORESIST,DEPOSIT METAL 1
valid_mosfet_seq_0227_80,STRIP RESIST,STRIP PHOTORESIST,HARD BAKE,DEVELOP PHOTORESIST,PRE ANNEAL CHECK
valid_mosfet_seq_0228_60,STRIP PHOTORESIST,STRIP RESIST,HARD BAKE,DEVELOP PHOTORESIST,DENSIFY DIELECTRIC
valid_mosfet_seq_0228_80,PASSIVATION ETCH PAD OPENING,PASSIVATION ETCH,SWITCHING TEST,VIA ETCH THROUGH DIELECTRIC,OXIDE ETCH
valid_mosfet_seq_0229_60,CLEAN AFTER VIA ETCH,CLEAN AFTER ETCH,CLEAN AFTER METAL ETCH,CLEAN PAD OPENING,CLEAN AFTER POLY ETCH
valid_mosfet_seq_0229_80,STRIP PHOTORESIST,STRIP RESIST,HARD BAKE,DEVELOP PHOTORESIST,PARAMETRIC TEST
valid_mosfet_seq_0230_60,MEASURE VIA CD,DEPOSIT BARRIER METAL,DEPOSIT METAL 1,MEASURE VIA RESISTANCE,DEPOSIT TOP METAL
valid_mosfet_seq_0230_80,CLEAN PAD OPENING,BACKSIDE ETCH CLEAN,BACKSIDE GRIND,CLEAN AFTER ETCH,CLEAN AFTER POLY ETCH
valid_mosfet_seq_0231_60,DEPOSIT BARRIER METAL,MEASURE VIA CD,DEPOSIT POLYSILICON,BACKSIDE ETCH CLEAN,DEPOSIT METAL 1
valid_mosfet_seq_0231_80,CLEAN PAD OPENING,BACKSIDE GRIND,BACKSIDE ETCH CLEAN,CLEAN AFTER ETCH,BACKSIDE DRY
valid_mosfet_seq_0232_60,CLEAN AFTER VIA ETCH,CLEAN AFTER ETCH,CLEAN PAD OPENING,CLEAN AFTER METAL ETCH,ALIGN MASK LEVEL 3
valid_mosfet_seq_0232_80,PASSIVATION ETCH,PASSIVATION ETCH PAD OPENING,SWITCHING TEST,VIA ETCH THROUGH DIELECTRIC,VIA ETCH
valid_mosfet_seq_0233_60,MEASURE VIA CD,DEPOSIT BARRIER METAL,SPIN COAT PHOTORESIST,MEASURE SHEET RESISTANCE,MEASURE GATE CD
valid_mosfet_seq_0233_80,CLEAN PAD OPENING,CLEAN AFTER VIA ETCH,BACKSIDE ETCH CLEAN,BACKSIDE GRIND,CLEAN AFTER POLY ETCH
valid_mosfet_seq_0234_60,CLEAN AFTER VIA ETCH,CLEAN AFTER ETCH,CLEAN PAD OPENING,CLEAN AFTER METAL ETCH,RCA CLEAN 2
valid_mosfet_seq_0234_80,STRIP PHOTORESIST,STRIP RESIST,HARD BAKE,DEVELOP PHOTORESIST,PARAMETRIC TEST
valid_mosfet_seq_0235_60,CLEAN AFTER VIA ETCH,CLEAN AFTER ETCH,CLEAN AFTER METAL ETCH,CLEAN PAD OPENING,CLEAN AFTER POLY ETCH
valid_mosfet_seq_0235_80,PASSIVATION ETCH,PASSIVATION ETCH PAD OPENING,SWITCHING TEST,VIA ETCH THROUGH DIELECTRIC,VIA ETCH
valid_mosfet_seq_0236_60,MEASURE VIA CD,DEPOSIT BARRIER METAL,DEPOSIT METAL 1,MEASURE VIA RESISTANCE,MEASURE SHEET RESISTANCE
valid_mosfet_seq_0236_80,STRIP PHOTORESIST,STRIP RESIST,HARD BAKE,DEVELOP PHOTORESIST,PARAMETRIC TEST
valid_mosfet_seq_0237_60,MEASURE VIA CD,DEPOSIT BARRIER METAL,DEPOSIT METAL 1,MEASURE VIA RESISTANCE,DEPOSIT TOP METAL
valid_mosfet_seq_0237_80,STRIP PHOTORESIST,STRIP RESIST,HARD BAKE,DEVELOP PHOTORESIST,PARAMETRIC TEST
valid_mosfet_seq_0238_60,HARD BAKE,VIA ETCH THROUGH DIELECTRIC,VIA ETCH,DIELECTRIC ETCH VIA,METAL ETCH
valid_mosfet_seq_0238_80,DEVELOP PHOTORESIST,DEVELOP PAD WINDOW,POST EXPOSE BAKE,OPEN PAD WINDOW LITHO,PAD WINDOW LITHO
valid_mosfet_seq_0239_60,MEASURE VIA CD,DEPOSIT BARRIER METAL,DEPOSIT METAL 1,MEASURE VIA RESISTANCE,SPIN COAT PHOTORESIST
valid_mosfet_seq_0239_80,PASSIVATION ETCH,PASSIVATION ETCH PAD OPENING,SWITCHING TEST,VIA ETCH THROUGH DIELECTRIC,VIA ETCH
valid_mosfet_seq_0240_60,MEASURE VIA CD,DEPOSIT BARRIER METAL,MEASURE VIA RESISTANCE,DEPOSIT METAL 1,DEPOSIT TOP METAL
valid_mosfet_seq_0240_80,STRIP PHOTORESIST,STRIP RESIST,HARD BAKE,DEVELOP PHOTORESIST,PARAMETRIC TEST
valid_mosfet_seq_0241_60,DEPOSIT METAL SEED,BACKSIDE GRIND,POLYSILICON ANNEAL,CLEAN AFTER VIA ETCH,BACKSIDE DRY
valid_mosfet_seq_0241_80,CLEAN PAD OPENING,BACKSIDE GRIND,CLEAN AFTER VIA ETCH,BACKSIDE ETCH CLEAN,MEASURE PAD OPENING
valid_mosfet_seq_0242_60,MEASURE VIA CD,DEPOSIT BARRIER METAL,MEASURE OPENING CD,MEASURE GATE CD,SPIN COAT PHOTORESIST
valid_mosfet_seq_0242_80,PASSIVATION ETCH PAD OPENING,PASSIVATION ETCH,MEASURE PASSIVATION THICKNESS,OXIDE ETCH,SWITCHING TEST
valid_mosfet_seq_0243_60,DEPOSIT BARRIER METAL,MEASURE VIA CD,DEPOSIT PASSIVATION,DEPOSIT POLYSILICON,DEPOSIT METAL 1
valid_mosfet_seq_0243_80,STRIP PHOTORESIST,STRIP RESIST,HARD BAKE,DEVELOP PHOTORESIST,PARAMETRIC TEST
valid_mosfet_seq_0244_60,MEASURE VIA CD,DEPOSIT BARRIER METAL,MEASURE OPENING CD,MEASURE GATE CD,SPIN COAT PHOTORESIST
valid_mosfet_seq_0244_80,PASSIVATION ETCH,PASSIVATION ETCH PAD OPENING,SWITCHING TEST,VIA ETCH THROUGH DIELECTRIC,VIA ETCH
valid_mosfet_seq_0245_60,DEPOSIT METAL SEED,POLYSILICON ANNEAL,BACKSIDE GRIND,BACKSIDE DRY,SHIP LOT
valid_mosfet_seq_0245_80,CLEAN PAD OPENING,BACKSIDE GRIND,BACKSIDE ETCH CLEAN,CLEAN AFTER VIA ETCH,BACKSIDE RINSE
valid_mosfet_seq_0246_60,DEPOSIT BARRIER METAL,MEASURE VIA CD,BACKSIDE ETCH CLEAN,IMPLANT WELL,DEPOSIT PASSIVATION
valid_mosfet_seq_0246_80,STRIP RESIST,STRIP PHOTORESIST,HARD BAKE,DEVELOP PHOTORESIST,PRE ANNEAL CHECK
valid_mosfet_seq_0247_60,CLEAN AFTER VIA ETCH,CLEAN AFTER ETCH,ALIGN MASK LEVEL 3,CLEAN PAD OPENING,CLEAN AFTER METAL ETCH
valid_mosfet_seq_0247_80,DEVELOP PHOTORESIST,DEVELOP PAD WINDOW,POST EXPOSE BAKE,PARAMETRIC TEST,OPEN PAD WINDOW LITHO
valid_mosfet_seq_0248_60,STRIP RESIST,STRIP PHOTORESIST,HARD BAKE,DEVELOP PHOTORESIST,PRE ANNEAL CHECK
valid_mosfet_seq_0248_80,PASSIVATION ETCH,PASSIVATION ETCH PAD OPENING,SWITCHING TEST,MEASURE PASSIVATION THICKNESS,MEASURE PASSIVATION QUALITY
valid_mosfet_seq_0249_60,VIA ETCH,VIA ETCH THROUGH DIELECTRIC,HARD BAKE,DIELECTRIC ETCH VIA,METAL ETCH
valid_mosfet_seq_0249_80,DEVELOP PHOTORESIST,DEVELOP PAD WINDOW,POST EXPOSE BAKE,OPEN PAD WINDOW LITHO,PARAMETRIC TEST
valid_mosfet_seq_0250_60,DEPOSIT BARRIER METAL,MEASURE VIA CD,BACKSIDE ETCH CLEAN,IMPLANT WELL,DEPOSIT POLYSILICON
valid_mosfet_seq_0250_80,STRIP PHOTORESIST,STRIP RESIST,HARD BAKE,DEVELOP PHOTORESIST,PRE ANNEAL CHECK
valid_mosfet_seq_0251_60,DEPOSIT BARRIER METAL,MEASURE VIA CD,DEPOSIT POLYSILICON,DEPOSIT PASSIVATION,DEPOSIT METAL 1
valid_mosfet_seq_0251_80,STRIP PHOTORESIST,STRIP RESIST,HARD BAKE,DEVELOP PHOTORESIST,PARAMETRIC TEST
valid_mosfet_seq_0252_60,DEPOSIT BARRIER METAL,MEASURE VIA CD,BACKSIDE ETCH CLEAN,DEPOSIT METAL 1,IMPLANT WELL
valid_mosfet_seq_0252_80,STRIP PHOTORESIST,STRIP RESIST,HARD BAKE,DEVELOP PHOTORESIST,PARAMETRIC TEST
valid_mosfet_seq_0253_60,CLEAN AFTER VIA ETCH,CLEAN AFTER ETCH,CLEAN AFTER METAL ETCH,CLEAN PAD OPENING,CLEAN AFTER POLY ETCH
valid_mosfet_seq_0253_80,PASSIVATION ETCH PAD OPENING,PASSIVATION ETCH,SWITCHING TEST,OXIDE ETCH,VIA ETCH THROUGH DIELECTRIC
valid_mosfet_seq_0254_60,STRIP PHOTORESIST,STRIP RESIST,HARD BAKE,DEVELOP PHOTORESIST,PRE ANNEAL CHECK
valid_mosfet_seq_0254_80,PASSIVATION ETCH PAD OPENING,PASSIVATION ETCH,OXIDE ETCH,SHIP LOT,DIELECTRIC ETCH VIA
valid_mosfet_seq_0255_60,DEPOSIT METAL SEED,POLYSILICON ANNEAL,BACKSIDE GRIND,BACKSIDE DRY,DEPOSIT BARRIER METAL
valid_mosfet_seq_0255_80,STRIP PHOTORESIST,STRIP RESIST,HARD BAKE,DEVELOP PHOTORESIST,PARAMETRIC TEST
valid_mosfet_seq_0256_60,MEASURE VIA CD,DEPOSIT BARRIER METAL,MEASURE GATE CD,MEASURE VIA RESISTANCE,DEPOSIT METAL 1
valid_mosfet_seq_0256_80,STRIP PHOTORESIST,STRIP RESIST,HARD BAKE,DEVELOP PHOTORESIST,PARAMETRIC TEST
valid_mosfet_seq_0257_60,DEPOSIT METAL SEED,POLYSILICON ANNEAL,BACKSIDE GRIND,BACKSIDE DRY,FILL VIA METAL
valid_mosfet_seq_0257_80,STRIP PHOTORESIST,STRIP RESIST,HARD BAKE,DEVELOP PHOTORESIST,PARAMETRIC TEST
valid_mosfet_seq_0258_60,CLEAN AFTER VIA ETCH,CLEAN AFTER ETCH,CLEAN PAD OPENING,CLEAN AFTER METAL ETCH,BACKSIDE ETCH CLEAN
valid_mosfet_seq_0258_80,DEVELOP PHOTORESIST,DEVELOP PAD WINDOW,POST EXPOSE BAKE,FINAL PARTICLE INSPECTION,PARAMETRIC TEST
valid_mosfet_seq_0259_60,MEASURE VIA CD,DEPOSIT BARRIER METAL,MEASURE GATE CD,DEPOSIT METAL 1,MEASURE SHEET RESISTANCE
valid_mosfet_seq_0259_80,STRIP PHOTORESIST,STRIP RESIST,DEVELOP PHOTORESIST,HARD BAKE,PARAMETRIC TEST
valid_mosfet_seq_0260_60,HARD BAKE,VIA ETCH,VIA ETCH THROUGH DIELECTRIC,DIELECTRIC ETCH VIA,METAL ETCH
valid_mosfet_seq_0260_80,DEVELOP PHOTORESIST,DEVELOP PAD WINDOW,POST EXPOSE BAKE,OPEN PAD WINDOW LITHO,PAD WINDOW LITHO
valid_mosfet_seq_0261_60,MEASURE VIA CD,DEPOSIT BARRIER METAL,DEPOSIT METAL 1,MEASURE VIA RESISTANCE,MEASURE GATE CD
valid_mosfet_seq_0261_80,PASSIVATION ETCH,PASSIVATION ETCH PAD OPENING,MEASURE PASSIVATION THICKNESS,SWITCHING TEST,MEASURE PASSIVATION QUALITY
valid_mosfet_seq_0262_60,CLEAN AFTER VIA ETCH,CLEAN AFTER ETCH,ALIGN MASK LEVEL 3,CLEAN PAD OPENING,CLEAN AFTER METAL ETCH
valid_mosfet_seq_0262_80,STRIP PHOTORESIST,STRIP RESIST,HARD BAKE,DEVELOP PHOTORESIST,PARAMETRIC TEST
valid_mosfet_seq_0263_60,MEASURE VIA CD,DEPOSIT BARRIER METAL,SPIN COAT PHOTORESIST,MEASURE GATE CD,MEASURE VIA RESISTANCE
valid_mosfet_seq_0263_80,STRIP PHOTORESIST,STRIP RESIST,HARD BAKE,DEVELOP PHOTORESIST,PARAMETRIC TEST
valid_mosfet_seq_0264_60,STRIP PHOTORESIST,STRIP RESIST,HARD BAKE,DEVELOP PHOTORESIST,PRE ANNEAL CHECK
valid_mosfet_seq_0264_80,DEVELOP PAD WINDOW,DEVELOP PHOTORESIST,POST EXPOSE BAKE,OPEN PAD WINDOW LITHO,PAD WINDOW LITHO
valid_mosfet_seq_0265_60,DIELECTRIC ETCH VIA,VIA ETCH THROUGH DIELECTRIC,VIA ETCH,HARD BAKE,DEPOSIT INTERLAYER DIELECTRIC
valid_mosfet_seq_0265_80,PASSIVATION ETCH,PASSIVATION ETCH PAD OPENING,VIA ETCH THROUGH DIELECTRIC,MEASURE PASSIVATION THICKNESS,VIA ETCH
valid_mosfet_seq_0266_60,MEASURE VIA CD,DEPOSIT BARRIER METAL,SPIN COAT PHOTORESIST,DEPOSIT METAL 1,MEASURE VIA RESISTANCE
valid_mosfet_seq_0266_80,PASSIVATION ETCH,PASSIVATION ETCH PAD OPENING,SWITCHING TEST,VIA ETCH THROUGH DIELECTRIC,VIA ETCH
valid_mosfet_seq_0267_60,DEPOSIT METAL SEED,POLYSILICON ANNEAL,BACKSIDE GRIND,BACKSIDE DRY,DEPOSIT BARRIER METAL
valid_mosfet_seq_0267_80,STRIP PHOTORESIST,STRIP RESIST,DEVELOP PHOTORESIST,HARD BAKE,PARAMETRIC TEST
valid_mosfet_seq_0268_60,MEASURE VIA CD,DEPOSIT BARRIER METAL,SPIN COAT PHOTORESIST,DEPOSIT METAL 1,MEASURE VIA RESISTANCE
valid_mosfet_seq_0268_80,STRIP RESIST,STRIP PHOTORESIST,DEVELOP PHOTORESIST,HARD BAKE,PARAMETRIC TEST
valid_mosfet_seq_0269_60,STRIP RESIST,STRIP PHOTORESIST,HARD BAKE,DEVELOP PHOTORESIST,PRE ANNEAL CHECK
valid_mosfet_seq_0269_80,DEVELOP PAD WINDOW,DEVELOP PHOTORESIST,POST EXPOSE BAKE,OPEN PAD WINDOW LITHO,PAD WINDOW LITHO
valid_mosfet_seq_0270_60,DEPOSIT BARRIER METAL,MEASURE VIA CD,BACKSIDE ETCH CLEAN,IMPLANT WELL,DEPOSIT METAL 1
valid_mosfet_seq_0270_80,STRIP PHOTORESIST,STRIP RESIST,DEVELOP PHOTORESIST,HARD BAKE,PARAMETRIC TEST
valid_mosfet_seq_0271_60,STRIP PHOTORESIST,STRIP RESIST,HARD BAKE,DEVELOP PHOTORESIST,PARAMETRIC TEST
valid_mosfet_seq_0271_80,PASSIVATION ETCH,PASSIVATION ETCH PAD OPENING,VIA ETCH,VIA ETCH THROUGH DIELECTRIC,DIELECTRIC ETCH VIA
valid_mosfet_seq_0272_60,CLEAN AFTER VIA ETCH,CLEAN AFTER ETCH,CLEAN PAD OPENING,ALIGN MASK LEVEL 3,CLEAN AFTER METAL ETCH
valid_mosfet_seq_0272_80,DEVELOP PHOTORESIST,DEVELOP PAD WINDOW,POST EXPOSE BAKE,OPEN PAD WINDOW LITHO,PAD WINDOW LITHO
valid_mosfet_seq_0273_60,CLEAN AFTER VIA ETCH,CLEAN AFTER ETCH,CLEAN PAD OPENING,CLEAN AFTER METAL ETCH,RCA CLEAN 2
valid_mosfet_seq_0273_80,PASSIVATION ETCH,PASSIVATION ETCH PAD OPENING,VIA ETCH THROUGH DIELECTRIC,VIA ETCH,DIELECTRIC ETCH VIA
valid_mosfet_seq_0274_60,CLEAN AFTER VIA ETCH,CLEAN AFTER ETCH,CLEAN AFTER METAL ETCH,CLEAN PAD OPENING,DEPOSIT METAL SEED
valid_mosfet_seq_0274_80,PASSIVATION ETCH PAD OPENING,PASSIVATION ETCH,VIA ETCH THROUGH DIELECTRIC,VIA ETCH,DIELECTRIC ETCH VIA
valid_mosfet_seq_0275_60,MEASURE VIA CD,DEPOSIT BARRIER METAL,MEASURE OPENING CD,DEPOSIT METAL 1,MEASURE GATE CD
valid_mosfet_seq_0275_80,STRIP RESIST,STRIP PHOTORESIST,HARD BAKE,DEVELOP PHOTORESIST,PARAMETRIC TEST
valid_mosfet_seq_0276_60,DEPOSIT METAL SEED,BACKSIDE GRIND,POLYSILICON ANNEAL,BACKSIDE DRY,CLEAN AFTER VIA ETCH
valid_mosfet_seq_0276_80,PASSIVATION ETCH,PASSIVATION ETCH PAD OPENING,VIA ETCH THROUGH DIELECTRIC,VIA ETCH,DIELECTRIC ETCH VIA
valid_mosfet_seq_0277_60,MEASURE VIA CD,DEPOSIT BARRIER METAL,SPIN COAT PHOTORESIST,DEPOSIT METAL 1,MEASURE VIA RESISTANCE
valid_mosfet_seq_0277_80,STRIP PHOTORESIST,STRIP RESIST,HARD BAKE,DEVELOP PHOTORESIST,PARAMETRIC TEST
valid_mosfet_seq_0278_60,DEPOSIT BARRIER METAL,MEASURE VIA CD,BACKSIDE ETCH CLEAN,DEPOSIT PASSIVATION,IMPLANT WELL
valid_mosfet_seq_0278_80,STRIP RESIST,STRIP PHOTORESIST,HARD BAKE,DEVELOP PHOTORESIST,PRE ANNEAL CHECK
valid_mosfet_seq_0279_60,DEPOSIT BARRIER METAL,MEASURE VIA CD,BACKSIDE ETCH CLEAN,IMPLANT WELL,DEPOSIT METAL 1
valid_mosfet_seq_0279_80,PASSIVATION ETCH PAD OPENING,PASSIVATION ETCH,SWITCHING TEST,THRESHOLD VOLTAGE TEST,VIA ETCH THROUGH DIELECTRIC
valid_mosfet_seq_0280_60,STRIP PHOTORESIST,STRIP RESIST,HARD BAKE,DEVELOP PHOTORESIST,RCA CLEAN 1
valid_mosfet_seq_0280_80,PASSIVATION ETCH PAD OPENING,PASSIVATION ETCH,VIA ETCH THROUGH DIELECTRIC,DIELECTRIC ETCH VIA,VIA ETCH
valid_mosfet_seq_0281_60,CLEAN AFTER VIA ETCH,CLEAN AFTER ETCH,CLEAN AFTER METAL ETCH,BACKSIDE ETCH CLEAN,CLEAN PAD OPENING
valid_mosfet_seq_0281_80,PASSIVATION ETCH,PASSIVATION ETCH PAD OPENING,VIA ETCH THROUGH DIELECTRIC,SWITCHING TEST,VIA ETCH
valid_mosfet_seq_0282_60,MEASURE VIA CD,DEPOSIT BARRIER METAL,MEASURE GATE CD,DEPOSIT PASSIVATION,MEASURE LINE WIDTH
valid_mosfet_seq_0282_80,STRIP PHOTORESIST,STRIP RESIST,DEVELOP PHOTORESIST,HARD BAKE,PARAMETRIC TEST
valid_mosfet_seq_0283_60,DEPOSIT METAL SEED,BACKSIDE GRIND,POLYSILICON ANNEAL,BACKSIDE DRY,SHIP LOT
valid_mosfet_seq_0283_80,PASSIVATION ETCH,PASSIVATION ETCH PAD OPENING,MEASURE PASSIVATION THICKNESS,VIA ETCH THROUGH DIELECTRIC,MEASURE PASSIVATION QUALITY
valid_mosfet_seq_0284_60,STRIP PHOTORESIST,STRIP RESIST,HARD BAKE,DEVELOP PHOTORESIST,PRE ANNEAL CHECK
valid_mosfet_seq_0284_80,DEVELOP PHOTORESIST,DEVELOP PAD WINDOW,POST EXPOSE BAKE,OPEN PAD WINDOW LITHO,PAD WINDOW LITHO
valid_mosfet_seq_0285_60,MEASURE VIA CD,DEPOSIT BARRIER METAL,DEPOSIT METAL 1,MEASURE VIA RESISTANCE,DEPOSIT TOP METAL
valid_mosfet_seq_0285_80,CLEAN PAD OPENING,BACKSIDE GRIND,BACKSIDE ETCH CLEAN,BACKSIDE RINSE,CLEAN AFTER ETCH
valid_mosfet_seq_0286_60,CLEAN AFTER VIA ETCH,CLEAN AFTER ETCH,CLEAN PAD OPENING,CLEAN AFTER METAL ETCH,RCA CLEAN 2
valid_mosfet_seq_0286_80,STRIP RESIST,STRIP PHOTORESIST,HARD BAKE,DEVELOP PHOTORESIST,PRE ANNEAL CHECK
valid_mosfet_seq_0287_60,MEASURE VIA CD,DEPOSIT BARRIER METAL,MEASURE GATE CD,DEPOSIT METAL 1,SPIN COAT PHOTORESIST
valid_mosfet_seq_0287_80,PASSIVATION ETCH PAD OPENING,PASSIVATION ETCH,MEASURE PASSIVATION THICKNESS,MEASURE PASSIVATION QUALITY,SWITCHING TEST
valid_mosfet_seq_0288_60,MEASURE VIA CD,DEPOSIT BARRIER METAL,SPIN COAT PHOTORESIST,DEPOSIT METAL 1,MEASURE OPENING CD
valid_mosfet_seq_0288_80,STRIP PHOTORESIST,STRIP RESIST,HARD BAKE,DEVELOP PHOTORESIST,PARAMETRIC TEST
valid_mosfet_seq_0289_60,CLEAN AFTER VIA ETCH,CLEAN AFTER ETCH,CLEAN AFTER METAL ETCH,CLEAN PAD OPENING,RCA CLEAN 2
valid_mosfet_seq_0289_80,STRIP PHOTORESIST,STRIP RESIST,HARD BAKE,DEVELOP PHOTORESIST,PARAMETRIC TEST
valid_mosfet_seq_0290_60,MEASURE VIA CD,DEPOSIT BARRIER METAL,DEPOSIT METAL 1,SPIN COAT PHOTORESIST,MEASURE VIA RESISTANCE
valid_mosfet_seq_0290_80,CLEAN PAD OPENING,BACKSIDE GRIND,BACKSIDE ETCH CLEAN,CLEAN AFTER VIA ETCH,CLEAN AFTER POLY ETCH
valid_mosfet_seq_0291_60,CLEAN AFTER VIA ETCH,CLEAN AFTER ETCH,ALIGN MASK LEVEL 3,WET CLEAN RCA2,RCA CLEAN 2
valid_mosfet_seq_0291_80,PASSIVATION ETCH,PASSIVATION ETCH PAD OPENING,SWITCHING TEST,VIA ETCH THROUGH DIELECTRIC,VIA ETCH
valid_mosfet_seq_0292_60,MEASURE VIA CD,DEPOSIT BARRIER METAL,SPIN COAT PHOTORESIST,MEASURE METAL THICKNESS,MEASURE GATE CD
valid_mosfet_seq_0292_80,PASSIVATION ETCH PAD OPENING,PASSIVATION ETCH,SWITCHING TEST,THRESHOLD VOLTAGE TEST,DEVELOP PAD WINDOW
valid_mosfet_seq_0293_60,MEASURE VIA CD,DEPOSIT BARRIER METAL,DEPOSIT METAL 1,MEASURE VIA RESISTANCE,SPIN COAT PHOTORESIST
valid_mosfet_seq_0293_80,STRIP PHOTORESIST,STRIP RESIST,HARD BAKE,DEVELOP PHOTORESIST,PARAMETRIC TEST
valid_mosfet_seq_0294_60,STRIP RESIST,STRIP PHOTORESIST,HARD BAKE,DEVELOP PHOTORESIST,PRE ANNEAL CHECK
valid_mosfet_seq_0294_80,PASSIVATION ETCH PAD OPENING,PASSIVATION ETCH,VIA ETCH,VIA ETCH THROUGH DIELECTRIC,DIELECTRIC ETCH VIA
valid_mosfet_seq_0295_60,CLEAN AFTER VIA ETCH,CLEAN AFTER ETCH,ALIGN MASK LEVEL 3,WET CLEAN RCA2,RCA CLEAN 2
valid_mosfet_seq_0295_80,STRIP RESIST,STRIP PHOTORESIST,DEVELOP PHOTORESIST,HARD BAKE,PARAMETRIC TEST
valid_mosfet_seq_0296_60,MEASURE VIA CD,DEPOSIT BARRIER METAL,SPIN COAT PHOTORESIST,MEASURE SHEET RESISTANCE,DEPOSIT METAL 1
valid_mosfet_seq_0296_80,PASSIVATION ETCH,PASSIVATION ETCH PAD OPENING,MEASURE PASSIVATION THICKNESS,MEASURE PASSIVATION QUALITY,SHIP LOT
valid_mosfet_seq_0297_60,MEASURE VIA CD,DEPOSIT BARRIER METAL,MEASURE VIA RESISTANCE,DEPOSIT METAL 1,MEASURE GATE CD
valid_mosfet_seq_0297_80,STRIP RESIST,STRIP PHOTORESIST,DEVELOP PHOTORESIST,HARD BAKE,PARAMETRIC TEST
valid_mosfet_seq_0298_60,MEASURE VIA CD,DEPOSIT BARRIER METAL,MEASURE SHEET RESISTANCE,MEASURE GATE CD,MEASURE VIA RESISTANCE
valid_mosfet_seq_0298_80,STRIP RESIST,STRIP PHOTORESIST,HARD BAKE,DEVELOP PHOTORESIST,PARAMETRIC TEST
valid_mosfet_seq_0299_60,MEASURE VIA CD,DEPOSIT BARRIER METAL,DEPOSIT METAL 1,MEASURE VIA RESISTANCE,DEPOSIT TOP METAL
valid_mosfet_seq_0299_80,DEVELOP PAD WINDOW,DEVELOP PHOTORESIST,POST EXPOSE BAKE,PARAMETRIC TEST,OPEN PAD WINDOW LITHO
valid_mosfet_seq_0300_60,DEPOSIT METAL SEED,POLYSILICON ANNEAL,BACKSIDE GRIND,BACKSIDE DRY,DEPOSIT BARRIER METAL
valid_mosfet_seq_0300_80,CLEAN PAD OPENING,BACKSIDE RINSE,BACKSIDE ETCH CLEAN,BACKSIDE GRIND,BACKSIDE DRY
valid_mosfet_seq_0301_60,MEASURE VIA CD,DEPOSIT BARRIER METAL,MEASURE GATE CD,DEPOSIT METAL 1,SPIN COAT PHOTORESIST
valid_mosfet_seq_0301_80,STRIP PHOTORESIST,STRIP RESIST,HARD BAKE,DEVELOP PHOTORESIST,PRE ANNEAL CHECK
valid_mosfet_seq_0302_60,CLEAN AFTER VIA ETCH,CLEAN AFTER ETCH,CLEAN PAD OPENING,CLEAN AFTER METAL ETCH,ALIGN MASK LEVEL 3
valid_mosfet_seq_0302_80,PASSIVATION ETCH PAD OPENING,PASSIVATION ETCH,SWITCHING TEST,THRESHOLD VOLTAGE TEST,VIA ETCH THROUGH DIELECTRIC
valid_mosfet_seq_0303_60,DEPOSIT BARRIER METAL,MEASURE VIA CD,DEPOSIT POLYSILICON,BACKSIDE ETCH CLEAN,DEPOSIT PASSIVATION
valid_mosfet_seq_0303_80,STRIP PHOTORESIST,STRIP RESIST,HARD BAKE,DEVELOP PHOTORESIST,PARAMETRIC TEST
valid_mosfet_seq_0304_60,CLEAN AFTER VIA ETCH,CLEAN AFTER ETCH,CLEAN PAD OPENING,ALIGN MASK LEVEL 3,CLEAN AFTER METAL ETCH
valid_mosfet_seq_0304_80,STRIP PHOTORESIST,STRIP RESIST,HARD BAKE,DEVELOP PHOTORESIST,PARAMETRIC TEST
valid_mosfet_seq_0305_60,DEPOSIT BARRIER METAL,MEASURE VIA CD,BACKSIDE ETCH CLEAN,DEPOSIT METAL 1,DEPOSIT TOP METAL
valid_mosfet_seq_0305_80,PASSIVATION ETCH,PASSIVATION ETCH PAD OPENING,VIA ETCH,VIA ETCH THROUGH DIELECTRIC,DIELECTRIC ETCH VIA
valid_mosfet_seq_0306_60,CLEAN AFTER VIA ETCH,CLEAN AFTER ETCH,CLEAN PAD OPENING,CLEAN AFTER METAL ETCH,CLEAN AFTER POLY ETCH
valid_mosfet_seq_0306_80,CLEAN PAD OPENING,BACKSIDE GRIND,BACKSIDE ETCH CLEAN,CLEAN AFTER ETCH,MEASURE PAD OPENING
valid_mosfet_seq_0307_60,MEASURE VIA CD,DEPOSIT BARRIER METAL,MEASURE OPENING CD,MEASURE GATE CD,SPIN COAT PHOTORESIST
valid_mosfet_seq_0307_80,STRIP PHOTORESIST,STRIP RESIST,HARD BAKE,DEVELOP PHOTORESIST,PARAMETRIC TEST
valid_mosfet_seq_0308_60,DEPOSIT METAL SEED,POLYSILICON ANNEAL,BACKSIDE GRIND,BACKSIDE DRY,SHIP LOT
valid_mosfet_seq_0308_80,STRIP PHOTORESIST,STRIP RESIST,HARD BAKE,DEVELOP PHOTORESIST,BACKSIDE CLEAN
valid_mosfet_seq_0309_60,CLEAN AFTER VIA ETCH,CLEAN AFTER ETCH,CLEAN AFTER METAL ETCH,CLEAN PAD OPENING,DEPOSIT METAL SEED
valid_mosfet_seq_0309_80,CLEAN PAD OPENING,BACKSIDE GRIND,BACKSIDE ETCH CLEAN,CLEAN AFTER VIA ETCH,CLEAN AFTER ETCH
valid_mosfet_seq_0310_60,CLEAN AFTER VIA ETCH,CLEAN AFTER ETCH,ALIGN MASK LEVEL 3,BACKSIDE ETCH CLEAN,CLEAN PAD OPENING
valid_mosfet_seq_0310_80,PASSIVATION ETCH,PASSIVATION ETCH PAD OPENING,VIA ETCH THROUGH DIELECTRIC,DIELECTRIC ETCH VIA,VIA ETCH
valid_mosfet_seq_0311_60,CLEAN AFTER VIA ETCH,CLEAN AFTER ETCH,RCA CLEAN 2,CLEAN PAD OPENING,CLEAN AFTER METAL ETCH
valid_mosfet_seq_0311_80,CLEAN PAD OPENING,BACKSIDE GRIND,BACKSIDE ETCH CLEAN,CLEAN AFTER VIA ETCH,MEASURE PAD OPENING
valid_mosfet_seq_0312_60,CLEAN AFTER VIA ETCH,CLEAN AFTER ETCH,CLEAN PAD OPENING,CLEAN AFTER METAL ETCH,BACKSIDE ETCH CLEAN
valid_mosfet_seq_0312_80,STRIP PHOTORESIST,STRIP RESIST,HARD BAKE,DEVELOP PHOTORESIST,PARAMETRIC TEST
valid_mosfet_seq_0313_60,CLEAN AFTER VIA ETCH,CLEAN AFTER ETCH,ALIGN MASK LEVEL 3,CLEAN PAD OPENING,CLEAN AFTER METAL ETCH
valid_mosfet_seq_0313_80,STRIP PHOTORESIST,STRIP RESIST,HARD BAKE,DEVELOP PHOTORESIST,PARAMETRIC TEST
valid_mosfet_seq_0314_60,MEASURE VIA CD,DEPOSIT BARRIER METAL,SPIN COAT PHOTORESIST,MEASURE GATE CD,MEASURE VIA RESISTANCE
valid_mosfet_seq_0314_80,STRIP PHOTORESIST,STRIP RESIST,DEVELOP PHOTORESIST,HARD BAKE,PARAMETRIC TEST
valid_mosfet_seq_0315_60,DEPOSIT METAL SEED,POLYSILICON ANNEAL,BACKSIDE GRIND,BACKSIDE DRY,SHIP LOT
valid_mosfet_seq_0315_80,STRIP PHOTORESIST,STRIP RESIST,HARD BAKE,DEVELOP PHOTORESIST,PARAMETRIC TEST
valid_mosfet_seq_0316_60,DEPOSIT METAL SEED,POLYSILICON ANNEAL,BACKSIDE GRIND,BACKSIDE DRY,SHIP LOT
valid_mosfet_seq_0316_80,STRIP RESIST,STRIP PHOTORESIST,DEVELOP PHOTORESIST,HARD BAKE,PARAMETRIC TEST
valid_mosfet_seq_0317_60,DEPOSIT METAL SEED,BACKSIDE GRIND,POLYSILICON ANNEAL,CLEAN AFTER VIA ETCH,BACKSIDE DRY
valid_mosfet_seq_0317_80,STRIP PHOTORESIST,STRIP RESIST,HARD BAKE,DEVELOP PHOTORESIST,PARAMETRIC TEST
valid_mosfet_seq_0318_60,STRIP RESIST,STRIP PHOTORESIST,HARD BAKE,DEVELOP PHOTORESIST,PRE ANNEAL CHECK
valid_mosfet_seq_0318_80,PASSIVATION ETCH PAD OPENING,PASSIVATION ETCH,SWITCHING TEST,VIA ETCH THROUGH DIELECTRIC,OXIDE ETCH
valid_mosfet_seq_0319_60,DEPOSIT BARRIER METAL,MEASURE VIA CD,DEPOSIT POLYSILICON,IMPLANT WELL,BACKSIDE ETCH CLEAN
valid_mosfet_seq_0319_80,PASSIVATION ETCH PAD OPENING,PASSIVATION ETCH,VIA ETCH THROUGH DIELECTRIC,SWITCHING TEST,MEASURE PASSIVATION THICKNESS
valid_mosfet_seq_0320_60,STRIP PHOTORESIST,STRIP RESIST,HARD BAKE,DEVELOP PHOTORESIST,PRE ANNEAL CHECK
valid_mosfet_seq_0320_80,PASSIVATION ETCH PAD OPENING,PASSIVATION ETCH,SHIP LOT,SWITCHING TEST,OXIDE ETCH
valid_mosfet_seq_0321_60,DEPOSIT BARRIER METAL,MEASURE VIA CD,DEPOSIT PASSIVATION,IMPLANT WELL,BACKSIDE ETCH CLEAN
valid_mosfet_seq_0321_80,STRIP PHOTORESIST,STRIP RESIST,HARD BAKE,DEVELOP PHOTORESIST,PRE ANNEAL CHECK
valid_mosfet_seq_0322_60,MEASURE VIA CD,DEPOSIT BARRIER METAL,MEASURE OPENING CD,MEASURE GATE CD,SPIN COAT PHOTORESIST
valid_mosfet_seq_0322_80,PASSIVATION ETCH,PASSIVATION ETCH PAD OPENING,MEASURE PASSIVATION THICKNESS,MEASURE PASSIVATION QUALITY,VIA ETCH THROUGH DIELECTRIC
valid_mosfet_seq_0323_60,STRIP RESIST,STRIP PHOTORESIST,HARD BAKE,DEVELOP PHOTORESIST,PRE ANNEAL CHECK
valid_mosfet_seq_0323_80,STRIP PHOTORESIST,STRIP RESIST,HARD BAKE,DEVELOP PHOTORESIST,PARAMETRIC TEST
valid_mosfet_seq_0324_60,STRIP RESIST,STRIP PHOTORESIST,HARD BAKE,DEVELOP PHOTORESIST,PRE ANNEAL CHECK
valid_mosfet_seq_0324_80,OPEN PAD WINDOW LITHO,PAD WINDOW LITHO,DEVELOP PAD WINDOW,OPEN BOND PAD WINDOW,OPEN PAD WINDOW
valid_mosfet_seq_0325_60,CLEAN AFTER VIA ETCH,CLEAN AFTER ETCH,CLEAN AFTER METAL ETCH,CLEAN PAD OPENING,BACKSIDE ETCH CLEAN
valid_mosfet_seq_0325_80,PASSIVATION ETCH,PASSIVATION ETCH PAD OPENING,VIA ETCH THROUGH DIELECTRIC,VIA ETCH,MEASURE PASSIVATION THICKNESS
valid_mosfet_seq_0326_60,CLEAN AFTER VIA ETCH,CLEAN AFTER ETCH,CLEAN AFTER METAL ETCH,BACKSIDE ETCH CLEAN,CLEAN PAD OPENING
valid_mosfet_seq_0326_80,DEVELOP PHOTORESIST,DEVELOP PAD WINDOW,POST EXPOSE BAKE,FINAL PARTICLE INSPECTION,PARAMETRIC TEST
valid_mosfet_seq_0327_60,MEASURE VIA CD,DEPOSIT BARRIER METAL,MEASURE OPENING CD,MEASURE GATE CD,SPIN COAT PHOTORESIST
valid_mosfet_seq_0327_80,STRIP RESIST,STRIP PHOTORESIST,HARD BAKE,DEVELOP PHOTORESIST,PARAMETRIC TEST
valid_mosfet_seq_0328_60,DEPOSIT BARRIER METAL,MEASURE VIA CD,BACKSIDE ETCH CLEAN,IMPLANT WELL,DEPOSIT METAL 1
valid_mosfet_seq_0328_80,STRIP PHOTORESIST,STRIP RESIST,HARD BAKE,DEVELOP PHOTORESIST,PARAMETRIC TEST
valid_mosfet_seq_0329_60,DEPOSIT METAL SEED,BACKSIDE GRIND,BACKSIDE DRY,POLYSILICON ANNEAL,BACKSIDE RINSE
valid_mosfet_seq_0329_80,MEASURE PAD OPENING,ANISOTROPIC ETCH SPACER,GATE OXIDE GROWTH,BACKSIDE GRIND,EPITAXIAL DEPOSITION
valid_mosfet_seq_0330_60,DEPOSIT BARRIER METAL,MEASURE VIA CD,BACKSIDE ETCH CLEAN,IMPLANT WELL,DEPOSIT METAL 1
valid_mosfet_seq_0330_80,STRIP PHOTORESIST,STRIP RESIST,DEVELOP PHOTORESIST,HARD BAKE,PARAMETRIC TEST
valid_mosfet_seq_0331_60,CLEAN AFTER VIA ETCH,CLEAN AFTER ETCH,CLEAN AFTER METAL ETCH,CLEAN PAD OPENING,EPITAXY PREP
valid_mosfet_seq_0331_80,STRIP RESIST,STRIP PHOTORESIST,HARD BAKE,DEVELOP PHOTORESIST,PARAMETRIC TEST
valid_mosfet_seq_0332_60,MEASURE VIA CD,DEPOSIT BARRIER METAL,MEASURE GATE CD,SPIN COAT PHOTORESIST,MEASURE METAL THICKNESS
valid_mosfet_seq_0332_80,PASSIVATION ETCH PAD OPENING,PASSIVATION ETCH,SWITCHING TEST,MEASURE PASSIVATION THICKNESS,MEASURE PASSIVATION QUALITY
valid_mosfet_seq_0333_60,CLEAN AFTER VIA ETCH,CLEAN AFTER ETCH,RCA CLEAN 2,WET CLEAN RCA2,CLEAN PAD OPENING
valid_mosfet_seq_0333_80,DEVELOP PHOTORESIST,DEVELOP PAD WINDOW,POST EXPOSE BAKE,OPEN PAD WINDOW LITHO,PAD WINDOW LITHO
valid_mosfet_seq_0334_60,CLEAN AFTER VIA ETCH,CLEAN AFTER ETCH,CLEAN PAD OPENING,CLEAN AFTER METAL ETCH,BACKSIDE ETCH CLEAN
valid_mosfet_seq_0334_80,PASSIVATION ETCH PAD OPENING,PASSIVATION ETCH,SWITCHING TEST,MEASURE PASSIVATION THICKNESS,MEASURE PASSIVATION QUALITY
valid_mosfet_seq_0335_60,MEASURE VIA CD,DEPOSIT BARRIER METAL,MEASURE GATE CD,SPIN COAT PHOTORESIST,DEPOSIT METAL 1
valid_mosfet_seq_0335_80,STRIP RESIST,STRIP PHOTORESIST,HARD BAKE,DEVELOP PHOTORESIST,PARAMETRIC TEST
valid_mosfet_seq_0336_60,MEASURE VIA CD,DEPOSIT BARRIER METAL,SPIN COAT PHOTORESIST,DEPOSIT METAL 1,MEASURE VIA RESISTANCE
valid_mosfet_seq_0336_80,STRIP PHOTORESIST,STRIP RESIST,HARD BAKE,DEVELOP PHOTORESIST,PARAMETRIC TEST
valid_mosfet_seq_0337_60,STRIP PHOTORESIST,STRIP RESIST,HARD BAKE,DEVELOP PHOTORESIST,RCA CLEAN 1
valid_mosfet_seq_0337_80,PASSIVATION ETCH,PASSIVATION ETCH PAD OPENING,SWITCHING TEST,OXIDE ETCH,VIA ETCH THROUGH DIELECTRIC
valid_mosfet_seq_0338_60,MEASURE VIA CD,DEPOSIT BARRIER METAL,MEASURE GATE CD,DEPOSIT PASSIVATION,DEPOSIT METAL 1
valid_mosfet_seq_0338_80,PASSIVATION ETCH,PASSIVATION ETCH PAD OPENING,SWITCHING TEST,MEASURE PASSIVATION QUALITY,MEASURE PASSIVATION THICKNESS
valid_mosfet_seq_0339_60,MEASURE VIA CD,DEPOSIT BARRIER METAL,DEPOSIT METAL 1,MEASURE GATE CD,DEPOSIT TOP METAL
valid_mosfet_seq_0339_80,STRIP PHOTORESIST,STRIP RESIST,HARD BAKE,DEVELOP PHOTORESIST,PARAMETRIC TEST
valid_mosfet_seq_0340_60,MEASURE VIA CD,DEPOSIT BARRIER METAL,MEASURE LINE WIDTH,MEASURE SHEET RESISTANCE,DEPOSIT PASSIVATION
valid_mosfet_seq_0340_80,PASSIVATION ETCH,PASSIVATION ETCH PAD OPENING,MEASURE PASSIVATION QUALITY,MEASURE PASSIVATION THICKNESS,SWITCHING TEST
valid_mosfet_seq_0341_60,DEPOSIT BARRIER METAL,MEASURE VIA CD,IMPLANT WELL,DEPOSIT POLYSILICON,IMPLANT SOURCE DRAIN
valid_mosfet_seq_0341_80,STRIP PHOTORESIST,STRIP RESIST,HARD BAKE,DEVELOP PHOTORESIST,PARAMETRIC TEST
valid_mosfet_seq_0342_60,CLEAN AFTER VIA ETCH,CLEAN AFTER ETCH,CLEAN AFTER METAL ETCH,WET CLEAN RCA2,RCA CLEAN 2
valid_mosfet_seq_0342_80,PASSIVATION ETCH,PASSIVATION ETCH PAD OPENING,OXIDE ETCH,VIA ETCH THROUGH DIELECTRIC,MEASURE PASSIVATION THICKNESS
valid_mosfet_seq_0343_60,CLEAN AFTER VIA ETCH,CLEAN AFTER ETCH,CLEAN AFTER METAL ETCH,RCA CLEAN 2,CLEAN PAD OPENING
valid_mosfet_seq_0343_80,PASSIVATION ETCH,PASSIVATION ETCH PAD OPENING,VIA ETCH THROUGH DIELECTRIC,MEASURE PASSIVATION THICKNESS,SWITCHING TEST
valid_mosfet_seq_0344_60,CLEAN AFTER VIA ETCH,CLEAN AFTER ETCH,CLEAN AFTER METAL ETCH,CLEAN PAD OPENING,RCA CLEAN 2
valid_mosfet_seq_0344_80,PASSIVATION ETCH,PASSIVATION ETCH PAD OPENING,OXIDE ETCH,VIA ETCH THROUGH DIELECTRIC,MEASURE PASSIVATION THICKNESS
valid_mosfet_seq_0345_60,DEPOSIT BARRIER METAL,MEASURE VIA CD,BACKSIDE ETCH CLEAN,DEPOSIT POLYSILICON,DEPOSIT METAL 1
valid_mosfet_seq_0345_80,PASSIVATION ETCH PAD OPENING,PASSIVATION ETCH,SWITCHING TEST,THRESHOLD VOLTAGE TEST,VIA ETCH THROUGH DIELECTRIC
valid_mosfet_seq_0346_60,MEASURE VIA CD,DEPOSIT BARRIER METAL,MEASURE OPENING CD,SPIN COAT PHOTORESIST,MEASURE SHEET RESISTANCE
valid_mosfet_seq_0346_80,STRIP RESIST,STRIP PHOTORESIST,DEVELOP PHOTORESIST,HARD BAKE,PARAMETRIC TEST
valid_mosfet_seq_0347_60,CLEAN AFTER VIA ETCH,CLEAN AFTER ETCH,CLEAN AFTER METAL ETCH,BACKSIDE ETCH CLEAN,CLEAN PAD OPENING
valid_mosfet_seq_0347_80,DEVELOP PAD WINDOW,DEVELOP PHOTORESIST,POST EXPOSE BAKE,OPEN PAD WINDOW LITHO,PAD WINDOW LITHO
valid_mosfet_seq_0348_60,DEPOSIT METAL SEED,BACKSIDE GRIND,POLYSILICON ANNEAL,BACKSIDE DRY,DEPOSIT BARRIER METAL
valid_mosfet_seq_0348_80,STRIP PHOTORESIST,STRIP RESIST,HARD BAKE,DEVELOP PHOTORESIST,PARAMETRIC TEST
valid_mosfet_seq_0349_60,CLEAN AFTER VIA ETCH,CLEAN AFTER ETCH,CLEAN AFTER METAL ETCH,CLEAN PAD OPENING,CLEAN AFTER POLY ETCH
valid_mosfet_seq_0349_80,DEVELOP PHOTORESIST,DEVELOP PAD WINDOW,POST EXPOSE BAKE,OPEN PAD WINDOW LITHO,PAD WINDOW LITHO
valid_mosfet_seq_0350_60,STRIP PHOTORESIST,STRIP RESIST,HARD BAKE,DEVELOP PHOTORESIST,PRE ANNEAL CHECK
valid_mosfet_seq_0350_80,PASSIVATION ETCH PAD OPENING,PASSIVATION ETCH,DIELECTRIC ETCH VIA,VIA ETCH THROUGH DIELECTRIC,VIA ETCH
valid_mosfet_seq_0351_60,CLEAN AFTER VIA ETCH,CLEAN AFTER ETCH,CLEAN AFTER METAL ETCH,CLEAN PAD OPENING,CLEAN AFTER POLY ETCH
valid_mosfet_seq_0351_80,STRIP RESIST,STRIP PHOTORESIST,HARD BAKE,DEVELOP PHOTORESIST,PARAMETRIC TEST
valid_mosfet_seq_0352_60,MEASURE VIA CD,DEPOSIT BARRIER METAL,SPIN COAT PHOTORESIST,DEPOSIT METAL 1,MEASURE VIA RESISTANCE
valid_mosfet_seq_0352_80,STRIP PHOTORESIST,STRIP RESIST,HARD BAKE,DEVELOP PHOTORESIST,BACKSIDE CLEAN
valid_mosfet_seq_0353_60,CLEAN AFTER VIA ETCH,CLEAN AFTER ETCH,CLEAN PAD OPENING,ALIGN MASK LEVEL 3,CLEAN AFTER METAL ETCH
valid_mosfet_seq_0353_80,STRIP PHOTORESIST,STRIP RESIST,HARD BAKE,DEVELOP PHOTORESIST,PARAMETRIC TEST
valid_mosfet_seq_0354_60,STRIP PHOTORESIST,STRIP RESIST,HARD BAKE,DEVELOP PHOTORESIST,DENSIFY DIELECTRIC
valid_mosfet_seq_0354_80,PASSIVATION ETCH PAD OPENING,PASSIVATION ETCH,SWITCHING TEST,VIA ETCH THROUGH DIELECTRIC,DIELECTRIC ETCH VIA
valid_mosfet_seq_0355_60,CLEAN AFTER VIA ETCH,CLEAN AFTER ETCH,CLEAN AFTER METAL ETCH,CLEAN PAD OPENING,BACKSIDE ETCH CLEAN
valid_mosfet_seq_0355_80,PASSIVATION ETCH,PASSIVATION ETCH PAD OPENING,VIA ETCH THROUGH DIELECTRIC,MEASURE PASSIVATION THICKNESS,VIA ETCH
valid_mosfet_seq_0356_60,MEASURE VIA CD,DEPOSIT BARRIER METAL,DEPOSIT METAL 1,MEASURE VIA RESISTANCE,DEPOSIT TOP METAL
valid_mosfet_seq_0356_80,STRIP PHOTORESIST,STRIP RESIST,HARD BAKE,DEVELOP PHOTORESIST,PARAMETRIC TEST
valid_mosfet_seq_0357_60,MEASURE VIA CD,DEPOSIT BARRIER METAL,MEASURE VIA RESISTANCE,SPIN COAT PHOTORESIST,DEPOSIT METAL 1
valid_mosfet_seq_0357_80,PASSIVATION ETCH,PASSIVATION ETCH PAD OPENING,VIA ETCH THROUGH DIELECTRIC,VIA ETCH,SWITCHING TEST
valid_mosfet_seq_0358_60,CLEAN AFTER VIA ETCH,CLEAN AFTER ETCH,CLEAN PAD OPENING,CLEAN AFTER METAL ETCH,RCA CLEAN 2
valid_mosfet_seq_0358_80,CLEAN PAD OPENING,BACKSIDE ETCH CLEAN,BACKSIDE GRIND,CLEAN AFTER ETCH,CLEAN AFTER POLY ETCH
valid_mosfet_seq_0359_60,DEPOSIT METAL SEED,BACKSIDE GRIND,POLYSILICON ANNEAL,BACKSIDE DRY,DEPOSIT BARRIER METAL
valid_mosfet_seq_0359_80,STRIP PHOTORESIST,STRIP RESIST,HARD BAKE,DEVELOP PHOTORESIST,PARAMETRIC TEST
valid_mosfet_seq_0360_60,STRIP PHOTORESIST,STRIP RESIST,HARD BAKE,RCA CLEAN 1,WET CLEAN RCA1
valid_mosfet_seq_0360_80,DEVELOP PHOTORESIST,DEVELOP PAD WINDOW,POST EXPOSE BAKE,OPEN PAD WINDOW LITHO,MEASURE SHEET RESISTANCE
valid_mosfet_seq_0361_60,CLEAN AFTER VIA ETCH,CLEAN AFTER ETCH,ALIGN MASK LEVEL 3,WET CLEAN RCA2,RCA CLEAN 2
valid_mosfet_seq_0361_80,STRIP RESIST,STRIP PHOTORESIST,HARD BAKE,DEVELOP PHOTORESIST,PARAMETRIC TEST
valid_mosfet_seq_0362_60,STRIP PHOTORESIST,STRIP RESIST,HARD BAKE,DEVELOP PHOTORESIST,PRE ANNEAL CHECK
valid_mosfet_seq_0362_80,PASSIVATION ETCH PAD OPENING,PASSIVATION ETCH,VIA ETCH THROUGH DIELECTRIC,VIA ETCH,DIELECTRIC ETCH VIA
valid_mosfet_seq_0363_60,MEASURE VIA CD,DEPOSIT BARRIER METAL,MEASURE GATE CD,DEPOSIT METAL 1,MEASURE OPENING CD
valid_mosfet_seq_0363_80,PASSIVATION ETCH PAD OPENING,PASSIVATION ETCH,MEASURE PASSIVATION THICKNESS,MEASURE PASSIVATION QUALITY,VIA ETCH THROUGH DIELECTRIC
valid_mosfet_seq_0364_60,DEPOSIT BARRIER METAL,MEASURE VIA CD,DEPOSIT PASSIVATION,DEPOSIT PASSIVATION LAYER,DEPOSIT POLYSILICON
valid_mosfet_seq_0364_80,STRIP PHOTORESIST,STRIP RESIST,HARD BAKE,DEVELOP PHOTORESIST,PARAMETRIC TEST
valid_mosfet_seq_0365_60,MEASURE VIA CD,DEPOSIT BARRIER METAL,SPIN COAT PHOTORESIST,MEASURE METAL THICKNESS,DEPOSIT METAL 1
valid_mosfet_seq_0365_80,DEVELOP PAD WINDOW,DEVELOP PHOTORESIST,POST EXPOSE BAKE,OPEN PAD WINDOW LITHO,PAD WINDOW LITHO
valid_mosfet_seq_0366_60,DEPOSIT BARRIER METAL,MEASURE VIA CD,DEPOSIT PASSIVATION,DEPOSIT METAL 1,IMPLANT WELL
valid_mosfet_seq_0366_80,CLEAN PAD OPENING,BACKSIDE GRIND,BACKSIDE ETCH CLEAN,CLEAN AFTER VIA ETCH,CLEAN AFTER POLY ETCH
valid_mosfet_seq_0367_60,STRIP PHOTORESIST,STRIP RESIST,HARD BAKE,DEVELOP PHOTORESIST,PRE ANNEAL CHECK
valid_mosfet_seq_0367_80,PASSIVATION ETCH,PASSIVATION ETCH PAD OPENING,VIA ETCH THROUGH DIELECTRIC,VIA ETCH,DIELECTRIC ETCH VIA
valid_mosfet_seq_0368_60,CLEAN AFTER VIA ETCH,CLEAN AFTER ETCH,CLEAN AFTER METAL ETCH,CLEAN PAD OPENING,CLEAN AFTER POLY ETCH
valid_mosfet_seq_0368_80,DEVELOP PAD WINDOW,DEVELOP PHOTORESIST,POST EXPOSE BAKE,PARAMETRIC TEST,OPEN PAD WINDOW LITHO
valid_mosfet_seq_0369_60,CLEAN AFTER VIA ETCH,CLEAN AFTER ETCH,RCA CLEAN 2,WET CLEAN RCA2,CLEAN PAD OPENING
valid_mosfet_seq_0369_80,PASSIVATION ETCH PAD OPENING,PASSIVATION ETCH,VIA ETCH THROUGH DIELECTRIC,VIA ETCH,MEASURE PASSIVATION THICKNESS
valid_mosfet_seq_0370_60,MEASURE VIA CD,DEPOSIT BARRIER METAL,MEASURE VIA RESISTANCE,DEPOSIT METAL 1,DEPOSIT TOP METAL
valid_mosfet_seq_0370_80,PASSIVATION ETCH,PASSIVATION ETCH PAD OPENING,VIA ETCH,VIA ETCH THROUGH DIELECTRIC,DIELECTRIC ETCH VIA
valid_mosfet_seq_0371_60,CLEAN AFTER VIA ETCH,CLEAN AFTER ETCH,CLEAN PAD OPENING,CLEAN AFTER METAL ETCH,BACKSIDE ETCH CLEAN
valid_mosfet_seq_0371_80,STRIP PHOTORESIST,STRIP RESIST,HARD BAKE,DEVELOP PHOTORESIST,PARAMETRIC TEST
valid_mosfet_seq_0372_60,CLEAN AFTER VIA ETCH,CLEAN AFTER ETCH,CLEAN AFTER METAL ETCH,CLEAN PAD OPENING,CLEAN AFTER POLY ETCH
valid_mosfet_seq_0372_80,PASSIVATION ETCH PAD OPENING,PASSIVATION ETCH,SWITCHING TEST,VIA ETCH THROUGH DIELECTRIC,DIELECTRIC ETCH VIA
valid_mosfet_seq_0373_60,MEASURE VIA CD,DEPOSIT BARRIER METAL,SPIN COAT PHOTORESIST,MEASURE METAL THICKNESS,DEPOSIT METAL 1
valid_mosfet_seq_0373_80,CLEAN PAD OPENING,BACKSIDE ETCH CLEAN,BACKSIDE GRIND,CLEAN AFTER ETCH,CLEAN AFTER POLY ETCH
valid_mosfet_seq_0374_60,STRIP PHOTORESIST,STRIP RESIST,HARD BAKE,DEVELOP PHOTORESIST,PRE ANNEAL CHECK
valid_mosfet_seq_0374_80,PASSIVATION ETCH,PASSIVATION ETCH PAD OPENING,MEASURE PASSIVATION THICKNESS,MEASURE PASSIVATION QUALITY,SWITCHING TEST
valid_mosfet_seq_0375_60,DEPOSIT BARRIER METAL,MEASURE VIA CD,BACKSIDE ETCH CLEAN,DEPOSIT PASSIVATION,DEPOSIT METAL 1
valid_mosfet_seq_0375_80,PASSIVATION ETCH PAD OPENING,PASSIVATION ETCH,VIA ETCH THROUGH DIELECTRIC,VIA ETCH,DIELECTRIC ETCH VIA
valid_mosfet_seq_0376_60,STRIP PHOTORESIST,STRIP RESIST,HARD BAKE,DEVELOP PHOTORESIST,DENSIFY DIELECTRIC
valid_mosfet_seq_0376_80,PASSIVATION ETCH PAD OPENING,PASSIVATION ETCH,SWITCHING TEST,VIA ETCH THROUGH DIELECTRIC,DIELECTRIC ETCH VIA
valid_mosfet_seq_0377_60,CLEAN AFTER VIA ETCH,CLEAN AFTER ETCH,ALIGN MASK LEVEL 3,CLEAN PAD OPENING,BACKSIDE ETCH CLEAN
valid_mosfet_seq_0377_80,DEVELOP PHOTORESIST,DEVELOP PAD WINDOW,POST EXPOSE BAKE,OPEN PAD WINDOW LITHO,PAD WINDOW LITHO
valid_mosfet_seq_0378_60,DIELECTRIC ETCH VIA,VIA ETCH THROUGH DIELECTRIC,VIA ETCH,HARD BAKE,DEPOSIT INTERLAYER DIELECTRIC
valid_mosfet_seq_0378_80,DEVELOP PHOTORESIST,DEVELOP PAD WINDOW,POST EXPOSE BAKE,OPEN PAD WINDOW LITHO,PAD WINDOW LITHO
valid_mosfet_seq_0379_60,CLEAN AFTER VIA ETCH,CLEAN AFTER ETCH,RCA CLEAN 2,CLEAN PAD OPENING,ALIGN MASK LEVEL 3
valid_mosfet_seq_0379_80,STRIP PHOTORESIST,STRIP RESIST,DEVELOP PHOTORESIST,HARD BAKE,PARAMETRIC TEST
valid_mosfet_seq_0380_60,MEASURE VIA CD,DEPOSIT BARRIER METAL,MEASURE GATE CD,DEPOSIT METAL 1,SPIN COAT PHOTORESIST
valid_mosfet_seq_0380_80,DEVELOP PHOTORESIST,DEVELOP PAD WINDOW,POST EXPOSE BAKE,OPEN PAD WINDOW LITHO,PAD WINDOW LITHO
valid_mosfet_seq_0381_60,DEPOSIT METAL SEED,POLYSILICON ANNEAL,BACKSIDE GRIND,BACKSIDE DRY,FILL VIA METAL
valid_mosfet_seq_0381_80,STRIP RESIST,STRIP PHOTORESIST,HARD BAKE,DEVELOP PHOTORESIST,PARAMETRIC TEST
valid_mosfet_seq_0382_60,DEPOSIT BARRIER METAL,MEASURE VIA CD,DEPOSIT PASSIVATION,DEPOSIT METAL 1,DEPOSIT PASSIVATION LAYER
valid_mosfet_seq_0382_80,STRIP RESIST,STRIP PHOTORESIST,DEVELOP PHOTORESIST,HARD BAKE,PARAMETRIC TEST
valid_mosfet_seq_0383_60,STRIP PHOTORESIST,STRIP RESIST,HARD BAKE,DEVELOP PHOTORESIST,PRE ANNEAL CHECK
valid_mosfet_seq_0383_80,PASSIVATION ETCH PAD OPENING,PASSIVATION ETCH,VIA ETCH,VIA ETCH THROUGH DIELECTRIC,DIELECTRIC ETCH VIA
valid_mosfet_seq_0384_60,MEASURE VIA CD,DEPOSIT BARRIER METAL,DEPOSIT METAL 1,SPIN COAT PHOTORESIST,MEASURE VIA RESISTANCE
valid_mosfet_seq_0384_80,STRIP PHOTORESIST,STRIP RESIST,HARD BAKE,DEVELOP PHOTORESIST,PARAMETRIC TEST
valid_mosfet_seq_0385_60,MEASURE VIA CD,DEPOSIT BARRIER METAL,SPIN COAT PHOTORESIST,DEPOSIT METAL 1,MEASURE VIA RESISTANCE
valid_mosfet_seq_0385_80,STRIP PHOTORESIST,STRIP RESIST,HARD BAKE,DEVELOP PHOTORESIST,PARAMETRIC TEST
valid_mosfet_seq_0386_60,MEASURE VIA CD,DEPOSIT BARRIER METAL,SPIN COAT PHOTORESIST,DEPOSIT METAL 1,MEASURE VIA RESISTANCE
valid_mosfet_seq_0386_80,STRIP PHOTORESIST,STRIP RESIST,HARD BAKE,DEVELOP PHOTORESIST,PARAMETRIC TEST
valid_mosfet_seq_0387_60,DEPOSIT BARRIER METAL,MEASURE VIA CD,DEPOSIT POLYSILICON,DEPOSIT PASSIVATION,DEPOSIT PASSIVATION LAYER
valid_mosfet_seq_0387_80,PASSIVATION ETCH PAD OPENING,PASSIVATION ETCH,SWITCHING TEST,THRESHOLD VOLTAGE TEST,VIA ETCH THROUGH DIELECTRIC
valid_mosfet_seq_0388_60,MEASURE VIA CD,DEPOSIT BARRIER METAL,MEASURE SHEET RESISTANCE,MEASURE VIA RESISTANCE,DEPOSIT METAL 1
valid_mosfet_seq_0388_80,PASSIVATION ETCH,PASSIVATION ETCH PAD OPENING,VIA ETCH,MEASURE PASSIVATION THICKNESS,MEASURE PASSIVATION QUALITY
valid_mosfet_seq_0389_60,STRIP PHOTORESIST,STRIP RESIST,HARD BAKE,DEVELOP PHOTORESIST,PRE ANNEAL CHECK
valid_mosfet_seq_0389_80,PASSIVATION ETCH,PASSIVATION ETCH PAD OPENING,MEASURE PASSIVATION THICKNESS,MEASURE PASSIVATION QUALITY,SWITCHING TEST
valid_mosfet_seq_0390_60,DEPOSIT BARRIER METAL,MEASURE VIA CD,BACKSIDE ETCH CLEAN,IMPLANT LDD,DEPOSIT METAL 1
valid_mosfet_seq_0390_80,PASSIVATION ETCH,PASSIVATION ETCH PAD OPENING,MEASURE PASSIVATION THICKNESS,SWITCHING TEST,MEASURE PASSIVATION QUALITY
valid_mosfet_seq_0391_60,DEPOSIT METAL SEED,POLYSILICON ANNEAL,BACKSIDE GRIND,BACKSIDE DRY,SHIP LOT
valid_mosfet_seq_0391_80,CLEAN PAD OPENING,CLEAN AFTER ETCH,BACKSIDE GRIND,BACKSIDE ETCH CLEAN,CLEAN AFTER POLY ETCH
valid_mosfet_seq_0392_60,MEASURE VIA CD,DEPOSIT BARRIER METAL,SPIN COAT PHOTORESIST,MEASURE GATE CD,MEASURE OPENING CD
valid_mosfet_seq_0392_80,PASSIVATION ETCH PAD OPENING,PASSIVATION ETCH,SWITCHING TEST,THRESHOLD VOLTAGE TEST,MEASURE PASSIVATION THICKNESS
valid_mosfet_seq_0393_60,CLEAN AFTER VIA ETCH,CLEAN AFTER ETCH,CLEAN AFTER METAL ETCH,CLEAN PAD OPENING,DEPOSIT METAL SEED
valid_mosfet_seq_0393_80,PASSIVATION ETCH PAD OPENING,PASSIVATION ETCH,SWITCHING TEST,MEASURE PASSIVATION THICKNESS,MEASURE PASSIVATION QUALITY
valid_mosfet_seq_0394_60,CLEAN AFTER VIA ETCH,CLEAN AFTER ETCH,CLEAN PAD OPENING,WET CLEAN RCA2,RCA CLEAN 2
valid_mosfet_seq_0394_80,PASSIVATION ETCH,PASSIVATION ETCH PAD OPENING,SWITCHING TEST,SHIP LOT,VIA ETCH THROUGH DIELECTRIC
valid_mosfet_seq_0395_60,MEASURE VIA CD,DEPOSIT BARRIER METAL,SPIN COAT PHOTORESIST,DEPOSIT METAL 1,MEASURE OPENING CD
valid_mosfet_seq_0395_80,PASSIVATION ETCH,PASSIVATION ETCH PAD OPENING,MEASURE PASSIVATION THICKNESS,SWITCHING TEST,MEASURE PASSIVATION QUALITY
valid_mosfet_seq_0396_60,CLEAN AFTER VIA ETCH,CLEAN AFTER ETCH,CLEAN AFTER METAL ETCH,CLEAN PAD OPENING,CLEAN AFTER POLY ETCH
valid_mosfet_seq_0396_80,STRIP PHOTORESIST,STRIP RESIST,HARD BAKE,DEVELOP PHOTORESIST,PARAMETRIC TEST
valid_mosfet_seq_0397_60,CLEAN AFTER VIA ETCH,CLEAN AFTER ETCH,CLEAN PAD OPENING,CLEAN AFTER METAL ETCH,ALIGN MASK LEVEL 3
valid_mosfet_seq_0397_80,PASSIVATION ETCH PAD OPENING,PASSIVATION ETCH,VIA ETCH THROUGH DIELECTRIC,VIA ETCH,DIELECTRIC ETCH VIA
valid_mosfet_seq_0398_60,CLEAN AFTER VIA ETCH,CLEAN AFTER ETCH,CLEAN AFTER METAL ETCH,CLEAN PAD OPENING,ALIGN MASK LEVEL 3
valid_mosfet_seq_0398_80,DEVELOP PAD WINDOW,DEVELOP PHOTORESIST,POST EXPOSE BAKE,OPEN PAD WINDOW LITHO,PAD WINDOW LITHO
valid_mosfet_seq_0399_60,STRIP RESIST,STRIP PHOTORESIST,HARD BAKE,DEVELOP PHOTORESIST,PRE ANNEAL CHECK
valid_mosfet_seq_0399_80,DEVELOP PAD WINDOW,DEVELOP PHOTORESIST,POST EXPOSE BAKE,OPEN PAD WINDOW LITHO,HARD BAKE
valid_mosfet_seq_0400_60,CLEAN AFTER VIA ETCH,CLEAN AFTER ETCH,CLEAN AFTER METAL ETCH,CLEAN PAD OPENING,ALIGN MASK LEVEL 3
valid_mosfet_seq_0400_80,DEVELOP PHOTORESIST,DEVELOP PAD WINDOW,POST EXPOSE BAKE,OPEN PAD WINDOW LITHO,PAD WINDOW LITHO
valid_mosfet_seq_0401_60,STRIP PHOTORESIST,STRIP RESIST,HARD BAKE,DEVELOP PHOTORESIST,PARAMETRIC TEST
valid_mosfet_seq_0401_80,PASSIVATION ETCH,PASSIVATION ETCH PAD OPENING,MEASURE PASSIVATION THICKNESS,MEASURE PASSIVATION QUALITY,VIA ETCH THROUGH DIELECTRIC
valid_mosfet_seq_0402_60,HARD BAKE,VIA ETCH,DIELECTRIC ETCH VIA,VIA ETCH THROUGH DIELECTRIC,METAL ETCH
valid_mosfet_seq_0402_80,PASSIVATION ETCH PAD OPENING,PASSIVATION ETCH,SHIP LOT,VIA ETCH THROUGH DIELECTRIC,SWITCHING TEST
valid_mosfet_seq_0403_60,DEPOSIT METAL SEED,BACKSIDE GRIND,POLYSILICON ANNEAL,CLEAN AFTER VIA ETCH,BACKSIDE DRY
valid_mosfet_seq_0403_80,STRIP PHOTORESIST,STRIP RESIST,HARD BAKE,DEVELOP PHOTORESIST,PARAMETRIC TEST
valid_mosfet_seq_0404_60,STRIP RESIST,STRIP PHOTORESIST,HARD BAKE,DEVELOP PHOTORESIST,PRE ANNEAL CHECK
valid_mosfet_seq_0404_80,PASSIVATION ETCH,PASSIVATION ETCH PAD OPENING,VIA ETCH THROUGH DIELECTRIC,VIA ETCH,DIELECTRIC ETCH VIA
valid_mosfet_seq_0405_60,CLEAN AFTER VIA ETCH,CLEAN AFTER ETCH,CLEAN AFTER METAL ETCH,CLEAN PAD OPENING,RCA CLEAN 2
valid_mosfet_seq_0405_80,PASSIVATION ETCH,PASSIVATION ETCH PAD OPENING,VIA ETCH THROUGH DIELECTRIC,VIA ETCH,DIELECTRIC ETCH VIA
valid_mosfet_seq_0406_60,DEPOSIT BARRIER METAL,MEASURE VIA CD,DEPOSIT POLYSILICON,IMPLANT WELL,DEPOSIT METAL 1
valid_mosfet_seq_0406_80,PASSIVATION ETCH,PASSIVATION ETCH PAD OPENING,SWITCHING TEST,MEASURE PASSIVATION THICKNESS,MEASURE PASSIVATION QUALITY
valid_mosfet_seq_0407_60,STRIP PHOTORESIST,STRIP RESIST,HARD BAKE,DEVELOP PHOTORESIST,PRE ANNEAL CHECK
valid_mosfet_seq_0407_80,STRIP PHOTORESIST,STRIP RESIST,HARD BAKE,DEVELOP PHOTORESIST,PARAMETRIC TEST
valid_mosfet_seq_0408_60,DEPOSIT BARRIER METAL,MEASURE VIA CD,BACKSIDE ETCH CLEAN,IMPLANT WELL,DEPOSIT METAL 1
valid_mosfet_seq_0408_80,STRIP PHOTORESIST,STRIP RESIST,HARD BAKE,DEVELOP PHOTORESIST,PARAMETRIC TEST
valid_mosfet_seq_0409_60,DEPOSIT BARRIER METAL,MEASURE VIA CD,BACKSIDE ETCH CLEAN,IMPLANT WELL,DEPOSIT METAL 1
valid_mosfet_seq_0409_80,PASSIVATION ETCH PAD OPENING,PASSIVATION ETCH,SWITCHING TEST,THRESHOLD VOLTAGE TEST,VIA ETCH THROUGH DIELECTRIC
valid_mosfet_seq_0410_60,DEPOSIT BARRIER METAL,MEASURE VIA CD,DEPOSIT POLYSILICON,DEPOSIT METAL 1,BACKSIDE ETCH CLEAN
valid_mosfet_seq_0410_80,STRIP PHOTORESIST,STRIP RESIST,HARD BAKE,DEVELOP PHOTORESIST,PARAMETRIC TEST
valid_mosfet_seq_0411_60,MEASURE VIA CD,DEPOSIT BARRIER METAL,MEASURE OPENING CD,DEPOSIT METAL 1,MEASURE GATE CD
valid_mosfet_seq_0411_80,PASSIVATION ETCH,PASSIVATION ETCH PAD OPENING,MEASURE PASSIVATION THICKNESS,MEASURE PASSIVATION QUALITY,SWITCHING TEST
valid_mosfet_seq_0412_60,MEASURE VIA CD,DEPOSIT BARRIER METAL,SPIN COAT PHOTORESIST,DEPOSIT METAL 1,MEASURE VIA RESISTANCE
valid_mosfet_seq_0412_80,PASSIVATION ETCH,PASSIVATION ETCH PAD OPENING,SWITCHING TEST,VIA ETCH THROUGH DIELECTRIC,VIA ETCH
valid_mosfet_seq_0413_60,STRIP RESIST,STRIP PHOTORESIST,HARD BAKE,DEVELOP PHOTORESIST,PRE ANNEAL CHECK
valid_mosfet_seq_0413_80,PASSIVATION ETCH,PASSIVATION ETCH PAD OPENING,VIA ETCH THROUGH DIELECTRIC,VIA ETCH,DIELECTRIC ETCH VIA
valid_mosfet_seq_0414_60,MEASURE VIA CD,DEPOSIT BARRIER METAL,MEASURE OPENING CD,SPIN COAT PHOTORESIST,MEASURE GATE CD
valid_mosfet_seq_0414_80,STRIP RESIST,STRIP PHOTORESIST,DEVELOP PHOTORESIST,HARD BAKE,PARAMETRIC TEST
valid_mosfet_seq_0415_60,MEASURE VIA CD,DEPOSIT BARRIER METAL,MEASURE OPENING CD,MEASURE GATE CD,DEPOSIT METAL 1
valid_mosfet_seq_0415_80,DEVELOP PAD WINDOW,DEVELOP PHOTORESIST,POST EXPOSE BAKE,OPEN PAD WINDOW LITHO,PAD WINDOW LITHO
valid_mosfet_seq_0416_60,STRIP PHOTORESIST,STRIP RESIST,HARD BAKE,DEVELOP PHOTORESIST,PRE ANNEAL CHECK
valid_mosfet_seq_0416_80,STRIP PHOTORESIST,STRIP RESIST,HARD BAKE,DEVELOP PHOTORESIST,PARAMETRIC TEST
valid_mosfet_seq_0417_60,DEPOSIT BARRIER METAL,MEASURE VIA CD,BACKSIDE ETCH CLEAN,IMPLANT WELL,IMPLANT LDD
valid_mosfet_seq_0417_80,STRIP PHOTORESIST,STRIP RESIST,HARD BAKE,DEVELOP PHOTORESIST,PARAMETRIC TEST
valid_mosfet_seq_0418_60,DEPOSIT BARRIER METAL,MEASURE VIA CD,IMPLANT WELL,BACKSIDE ETCH CLEAN,DEPOSIT POLYSILICON
valid_mosfet_seq_0418_80,STRIP PHOTORESIST,STRIP RESIST,HARD BAKE,DEVELOP PHOTORESIST,PARAMETRIC TEST
valid_mosfet_seq_0419_60,CLEAN AFTER VIA ETCH,CLEAN AFTER ETCH,CLEAN AFTER METAL ETCH,CLEAN PAD OPENING,DEPOSIT METAL SEED
valid_mosfet_seq_0419_80,STRIP RESIST,STRIP PHOTORESIST,DEVELOP PHOTORESIST,HARD BAKE,PARAMETRIC TEST
valid_mosfet_seq_0420_60,CLEAN AFTER VIA ETCH,CLEAN AFTER ETCH,CLEAN PAD OPENING,CLEAN AFTER METAL ETCH,RCA CLEAN 2
valid_mosfet_seq_0420_80,PASSIVATION ETCH,PASSIVATION ETCH PAD OPENING,SWITCHING TEST,MEASURE PASSIVATION THICKNESS,MEASURE PASSIVATION QUALITY
valid_mosfet_seq_0421_60,MEASURE VIA CD,DEPOSIT BARRIER METAL,DEPOSIT METAL 1,MEASURE VIA RESISTANCE,SPIN COAT PHOTORESIST
valid_mosfet_seq_0421_80,STRIP PHOTORESIST,STRIP RESIST,HARD BAKE,DEVELOP PHOTORESIST,PARAMETRIC TEST
valid_mosfet_seq_0422_60,MEASURE VIA CD,DEPOSIT BARRIER METAL,MEASURE GATE CD,DEPOSIT PASSIVATION,MEASURE VIA RESISTANCE
valid_mosfet_seq_0422_80,PASSIVATION ETCH,PASSIVATION ETCH PAD OPENING,VIA ETCH,VIA ETCH THROUGH DIELECTRIC,DIELECTRIC ETCH VIA
valid_mosfet_seq_0423_60,DEPOSIT BARRIER METAL,MEASURE VIA CD,DEPOSIT PASSIVATION,BACKSIDE ETCH CLEAN,DEPOSIT METAL 1
valid_mosfet_seq_0423_80,PASSIVATION ETCH,PASSIVATION ETCH PAD OPENING,VIA ETCH,VIA ETCH THROUGH DIELECTRIC,DIELECTRIC ETCH VIA
valid_mosfet_seq_0424_60,CLEAN AFTER VIA ETCH,CLEAN AFTER ETCH,CLEAN PAD OPENING,CLEAN AFTER METAL ETCH,CLEAN AFTER POLY ETCH
valid_mosfet_seq_0424_80,STRIP PHOTORESIST,STRIP RESIST,HARD BAKE,DEVELOP PHOTORESIST,PARAMETRIC TEST
valid_mosfet_seq_0425_60,DEPOSIT BARRIER METAL,MEASURE VIA CD,BACKSIDE ETCH CLEAN,DEPOSIT PASSIVATION,DEPOSIT PASSIVATION LAYER
valid_mosfet_seq_0425_80,STRIP PHOTORESIST,STRIP RESIST,HARD BAKE,DEVELOP PHOTORESIST,PARAMETRIC TEST
valid_mosfet_seq_0426_60,DEPOSIT BARRIER METAL,MEASURE VIA CD,BACKSIDE ETCH CLEAN,DEPOSIT METAL 1,DEPOSIT TOP METAL
valid_mosfet_seq_0426_80,DEVELOP PAD WINDOW,DEVELOP PHOTORESIST,POST EXPOSE BAKE,OPEN PAD WINDOW LITHO,PAD WINDOW LITHO
valid_mosfet_seq_0427_60,MEASURE VIA CD,DEPOSIT BARRIER METAL,MEASURE GATE CD,SPIN COAT PHOTORESIST,DEPOSIT METAL 1
valid_mosfet_seq_0427_80,STRIP PHOTORESIST,STRIP RESIST,HARD BAKE,PARAMETRIC TEST,DEVELOP PHOTORESIST
valid_mosfet_seq_0428_60,CLEAN AFTER VIA ETCH,CLEAN AFTER ETCH,CLEAN AFTER METAL ETCH,CLEAN AFTER POLY ETCH,CLEAN PAD OPENING
valid_mosfet_seq_0428_80,PASSIVATION ETCH PAD OPENING,PASSIVATION ETCH,VIA ETCH THROUGH DIELECTRIC,DIELECTRIC ETCH VIA,VIA ETCH
valid_mosfet_seq_0429_60,CLEAN AFTER VIA ETCH,CLEAN AFTER ETCH,CLEAN PAD OPENING,CLEAN AFTER METAL ETCH,ALIGN MASK LEVEL 3
valid_mosfet_seq_0429_80,PASSIVATION ETCH PAD OPENING,PASSIVATION ETCH,VIA ETCH THROUGH DIELECTRIC,VIA ETCH,DIELECTRIC ETCH VIA
valid_mosfet_seq_0430_60,VIA ETCH THROUGH DIELECTRIC,VIA ETCH,DIELECTRIC ETCH VIA,HARD BAKE,DEPOSIT INTERLEVEL DIELECTRIC
valid_mosfet_seq_0430_80,PASSIVATION ETCH PAD OPENING,PASSIVATION ETCH,VIA ETCH THROUGH DIELECTRIC,OXIDE ETCH,DIELECTRIC ETCH VIA
valid_mosfet_seq_0431_60,MEASURE VIA CD,DEPOSIT BARRIER METAL,DEPOSIT METAL 1,MEASURE LINE WIDTH,DEPOSIT PASSIVATION
valid_mosfet_seq_0431_80,DEVELOP PAD WINDOW,DEVELOP PHOTORESIST,POST EXPOSE BAKE,OPEN PAD WINDOW LITHO,PAD WINDOW LITHO
valid_mosfet_seq_0432_60,MEASURE VIA CD,DEPOSIT BARRIER METAL,SPIN COAT PHOTORESIST,DEPOSIT METAL 1,MEASURE VIA RESISTANCE
valid_mosfet_seq_0432_80,CLEAN PAD OPENING,BACKSIDE ETCH CLEAN,CLEAN AFTER ETCH,BACKSIDE GRIND,CLEAN AFTER VIA ETCH
valid_mosfet_seq_0433_60,STRIP PHOTORESIST,STRIP RESIST,HARD BAKE,DEVELOP PHOTORESIST,PRE ANNEAL CHECK
valid_mosfet_seq_0433_80,STRIP PHOTORESIST,STRIP RESIST,HARD BAKE,DEVELOP PHOTORESIST,PRE ANNEAL CHECK
valid_mosfet_seq_0434_60,MEASURE VIA CD,DEPOSIT BARRIER METAL,MEASURE OPENING CD,SPIN COAT PHOTORESIST,MEASURE GATE CD
valid_mosfet_seq_0434_80,PASSIVATION ETCH,PASSIVATION ETCH PAD OPENING,MEASURE PASSIVATION THICKNESS,MEASURE PASSIVATION QUALITY,SWITCHING TEST
valid_mosfet_seq_0435_60,MEASURE VIA CD,DEPOSIT BARRIER METAL,SPIN COAT PHOTORESIST,MEASURE GATE CD,DEPOSIT METAL 1
valid_mosfet_seq_0435_80,STRIP PHOTORESIST,STRIP RESIST,DEVELOP PHOTORESIST,HARD BAKE,BACKSIDE CLEAN
valid_mosfet_seq_0436_60,DEPOSIT BARRIER METAL,MEASURE VIA CD,DEPOSIT METAL 1,BACKSIDE ETCH CLEAN,DEPOSIT TOP METAL
valid_mosfet_seq_0436_80,PASSIVATION ETCH,PASSIVATION ETCH PAD OPENING,VIA ETCH,VIA ETCH THROUGH DIELECTRIC,DIELECTRIC ETCH VIA
valid_mosfet_seq_0437_60,FILL VIA METAL,DEPOSIT BACKSIDE METAL,BACKSIDE METALLIZATION PREP,BACKSIDE ANNEAL,EXPOSE LITHO LEVEL 4
valid_mosfet_seq_0437_80,CLEAN PAD OPENING,BACKSIDE ETCH CLEAN,BACKSIDE GRIND,CLEAN AFTER ETCH,CLEAN AFTER POLY ETCH
valid_mosfet_seq_0438_60,MEASURE VIA CD,DEPOSIT BARRIER METAL,MEASURE VIA RESISTANCE,DEPOSIT METAL 1,MEASURE CONTACT RESISTANCE
valid_mosfet_seq_0438_80,STRIP RESIST,STRIP PHOTORESIST,HARD BAKE,DEVELOP PHOTORESIST,PARAMETRIC TEST
valid_mosfet_seq_0439_60,CLEAN AFTER VIA ETCH,CLEAN AFTER ETCH,CLEAN AFTER METAL ETCH,CLEAN PAD OPENING,CLEAN AFTER POLY ETCH
valid_mosfet_seq_0439_80,PASSIVATION ETCH PAD OPENING,PASSIVATION ETCH,VIA ETCH THROUGH DIELECTRIC,VIA ETCH,DIELECTRIC ETCH VIA
valid_mosfet_seq_0440_60,MEASURE VIA CD,DEPOSIT BARRIER METAL,MEASURE OPENING CD,SPIN COAT PHOTORESIST,MEASURE GATE CD
valid_mosfet_seq_0440_80,CLEAN PAD OPENING,BACKSIDE GRIND,BACKSIDE ETCH CLEAN,CLEAN AFTER ETCH,BACKSIDE DRY
valid_mosfet_seq_0441_60,FILL VIA METAL,EXPOSE LITHO LEVEL 4,DEPOSIT BACKSIDE METAL,BACKSIDE METALLIZATION PREP,BACKSIDE ANNEAL
valid_mosfet_seq_0441_80,STRIP PHOTORESIST,STRIP RESIST,HARD BAKE,DEVELOP PHOTORESIST,PARAMETRIC TEST
valid_mosfet_seq_0442_60,CLEAN AFTER VIA ETCH,CLEAN AFTER ETCH,CLEAN AFTER METAL ETCH,CLEAN PAD OPENING,RCA CLEAN 2
valid_mosfet_seq_0442_80,PASSIVATION ETCH PAD OPENING,PASSIVATION ETCH,SWITCHING TEST,VIA ETCH THROUGH DIELECTRIC,MEASURE PASSIVATION THICKNESS
valid_mosfet_seq_0443_60,HARD BAKE,VIA ETCH,DIELECTRIC ETCH VIA,VIA ETCH THROUGH DIELECTRIC,METAL ETCH
valid_mosfet_seq_0443_80,DEVELOP PAD WINDOW,DEVELOP PHOTORESIST,POST EXPOSE BAKE,OPEN PAD WINDOW LITHO,PAD WINDOW LITHO
valid_mosfet_seq_0444_60,MEASURE VIA CD,DEPOSIT BARRIER METAL,SPIN COAT PHOTORESIST,MEASURE GATE CD,MEASURE SHEET RESISTANCE
valid_mosfet_seq_0444_80,STRIP RESIST,STRIP PHOTORESIST,HARD BAKE,DEVELOP PHOTORESIST,PARAMETRIC TEST
valid_mosfet_seq_0445_60,MEASURE VIA CD,DEPOSIT BARRIER METAL,MEASURE GATE CD,DEPOSIT METAL 1,MEASURE VIA RESISTANCE
valid_mosfet_seq_0445_80,STRIP PHOTORESIST,STRIP RESIST,HARD BAKE,DEVELOP PHOTORESIST,PRE ANNEAL CHECK
valid_mosfet_seq_0446_60,DEPOSIT BARRIER METAL,MEASURE VIA CD,BACKSIDE ETCH CLEAN,IMPLANT WELL,DEPOSIT POLYSILICON
valid_mosfet_seq_0446_80,STRIP PHOTORESIST,STRIP RESIST,HARD BAKE,DEVELOP PHOTORESIST,PARAMETRIC TEST
valid_mosfet_seq_0447_60,MEASURE VIA CD,DEPOSIT BARRIER METAL,DEPOSIT METAL 1,MEASURE VIA RESISTANCE,DEPOSIT TOP METAL
valid_mosfet_seq_0447_80,STRIP PHOTORESIST,STRIP RESIST,HARD BAKE,DEVELOP PHOTORESIST,PARAMETRIC TEST
valid_mosfet_seq_0448_60,STRIP PHOTORESIST,STRIP RESIST,HARD BAKE,DEVELOP PHOTORESIST,BACKSIDE CLEAN
valid_mosfet_seq_0448_80,PASSIVATION ETCH PAD OPENING,PASSIVATION ETCH,SWITCHING TEST,THRESHOLD VOLTAGE TEST,MEASURE PASSIVATION THICKNESS
valid_mosfet_seq_0449_60,MEASURE VIA CD,DEPOSIT BARRIER METAL,MEASURE GATE CD,MEASURE SHEET RESISTANCE,DEPOSIT METAL 1
valid_mosfet_seq_0449_80,STRIP PHOTORESIST,STRIP RESIST,HARD BAKE,DEVELOP PHOTORESIST,PARAMETRIC TEST
valid_mosfet_seq_0450_60,MEASURE VIA CD,DEPOSIT BARRIER METAL,SPIN COAT PHOTORESIST,MEASURE METAL THICKNESS,DEPOSIT METAL 1
valid_mosfet_seq_0450_80,STRIP RESIST,STRIP PHOTORESIST,HARD BAKE,DEVELOP PHOTORESIST,PARAMETRIC TEST
valid_mosfet_seq_0451_60,MEASURE VIA CD,DEPOSIT BARRIER METAL,SPIN COAT PHOTORESIST,DEPOSIT METAL 1,MEASURE VIA RESISTANCE
valid_mosfet_seq_0451_80,PASSIVATION ETCH,PASSIVATION ETCH PAD OPENING,VIA ETCH THROUGH DIELECTRIC,VIA ETCH,MEASURE PASSIVATION THICKNESS
valid_mosfet_seq_0452_60,MEASURE VIA CD,DEPOSIT BARRIER METAL,DEPOSIT METAL 1,MEASURE GATE CD,SPIN COAT PHOTORESIST
valid_mosfet_seq_0452_80,PASSIVATION ETCH,PASSIVATION ETCH PAD OPENING,MEASURE PASSIVATION THICKNESS,VIA ETCH THROUGH DIELECTRIC,MEASURE PASSIVATION QUALITY
valid_mosfet_seq_0453_60,MEASURE VIA CD,DEPOSIT BARRIER METAL,SPIN COAT PHOTORESIST,DEPOSIT METAL 1,MEASURE VIA RESISTANCE
valid_mosfet_seq_0453_80,CLEAN PAD OPENING,BACKSIDE GRIND,BACKSIDE ETCH CLEAN,CLEAN AFTER ETCH,CLEAN AFTER METAL ETCH
valid_mosfet_seq_0454_60,STRIP PHOTORESIST,STRIP RESIST,HARD BAKE,DEVELOP PHOTORESIST,POST EXPOSE BAKE
valid_mosfet_seq_0454_80,PASSIVATION ETCH PAD OPENING,PASSIVATION ETCH,SWITCHING TEST,VIA ETCH THROUGH DIELECTRIC,VIA ETCH
valid_mosfet_seq_0455_60,STRIP RESIST,STRIP PHOTORESIST,HARD BAKE,DEVELOP PHOTORESIST,PRE ANNEAL CHECK
valid_mosfet_seq_0455_80,PASSIVATION ETCH,PASSIVATION ETCH PAD OPENING,MEASURE PASSIVATION THICKNESS,SWITCHING TEST,MEASURE PASSIVATION QUALITY
valid_mosfet_seq_0456_60,CLEAN AFTER VIA ETCH,CLEAN AFTER ETCH,ALIGN MASK LEVEL 3,CLEAN PAD OPENING,CLEAN AFTER METAL ETCH
valid_mosfet_seq_0456_80,STRIP PHOTORESIST,STRIP RESIST,HARD BAKE,DEVELOP PHOTORESIST,PARAMETRIC TEST
valid_mosfet_seq_0457_60,CLEAN AFTER VIA ETCH,CLEAN AFTER ETCH,CLEAN AFTER METAL ETCH,BACKSIDE ETCH CLEAN,CLEAN PAD OPENING
valid_mosfet_seq_0457_80,PASSIVATION ETCH,PASSIVATION ETCH PAD OPENING,VIA ETCH THROUGH DIELECTRIC,VIA ETCH,SWITCHING TEST
valid_mosfet_seq_0458_60,MEASURE VIA CD,DEPOSIT BARRIER METAL,MEASURE VIA RESISTANCE,DEPOSIT METAL 1,MEASURE GATE CD
valid_mosfet_seq_0458_80,PASSIVATION ETCH PAD OPENING,PASSIVATION ETCH,VIA ETCH,VIA ETCH THROUGH DIELECTRIC,MEASURE PASSIVATION QUALITY
valid_mosfet_seq_0459_60,CLEAN AFTER VIA ETCH,CLEAN AFTER ETCH,CLEAN PAD OPENING,CLEAN AFTER METAL ETCH,RCA CLEAN 2
valid_mosfet_seq_0459_80,STRIP PHOTORESIST,STRIP RESIST,HARD BAKE,DEVELOP PHOTORESIST,PARAMETRIC TEST
valid_mosfet_seq_0460_60,DEPOSIT METAL SEED,BACKSIDE GRIND,POLYSILICON ANNEAL,BACKSIDE DRY,DEPOSIT BARRIER METAL
valid_mosfet_seq_0460_80,STRIP PHOTORESIST,STRIP RESIST,HARD BAKE,DEVELOP PHOTORESIST,PARAMETRIC TEST
valid_mosfet_seq_0461_60,DEPOSIT BARRIER METAL,MEASURE VIA CD,IMPLANT WELL,DEPOSIT POLYSILICON,BACKSIDE ETCH CLEAN
valid_mosfet_seq_0461_80,PASSIVATION ETCH,PASSIVATION ETCH PAD OPENING,MEASURE PASSIVATION THICKNESS,MEASURE PASSIVATION QUALITY,SWITCHING TEST
valid_mosfet_seq_0462_60,DEPOSIT BARRIER METAL,MEASURE VIA CD,DEPOSIT POLYSILICON,IMPLANT WELL,DEPOSIT METAL 1
valid_mosfet_seq_0462_80,STRIP PHOTORESIST,STRIP RESIST,HARD BAKE,DEVELOP PHOTORESIST,PARAMETRIC TEST
valid_mosfet_seq_0463_60,CLEAN AFTER VIA ETCH,CLEAN AFTER ETCH,CLEAN AFTER METAL ETCH,CLEAN PAD OPENING,CLEAN AFTER POLY ETCH
valid_mosfet_seq_0463_80,STRIP RESIST,STRIP PHOTORESIST,HARD BAKE,DEVELOP PHOTORESIST,PARAMETRIC TEST
valid_mosfet_seq_0464_60,FILL VIA METAL,DEPOSIT BACKSIDE METAL,EXPOSE LITHO LEVEL 4,BACKSIDE METALLIZATION PREP,BACKSIDE ANNEAL
valid_mosfet_seq_0464_80,MEASURE PAD OPENING,HF DIP,ANISOTROPIC ETCH SPACER,GATE OXIDE GROWTH,EPITAXIAL DEPOSITION
valid_mosfet_seq_0465_60,MEASURE VIA CD,DEPOSIT BARRIER METAL,SPIN COAT PHOTORESIST,MEASURE SHEET RESISTANCE,MEASURE GATE CD
valid_mosfet_seq_0465_80,STRIP PHOTORESIST,STRIP RESIST,HARD BAKE,DEVELOP PHOTORESIST,PARAMETRIC TEST
valid_mosfet_seq_0466_60,MEASURE VIA CD,DEPOSIT BARRIER METAL,SPIN COAT PHOTORESIST,MEASURE VIA RESISTANCE,DEPOSIT METAL 1
valid_mosfet_seq_0466_80,DEVELOP PAD WINDOW,DEVELOP PHOTORESIST,POST EXPOSE BAKE,OPEN PAD WINDOW LITHO,PAD WINDOW LITHO
valid_mosfet_seq_0467_60,CLEAN AFTER VIA ETCH,CLEAN AFTER ETCH,CLEAN AFTER METAL ETCH,CLEAN PAD OPENING,BACKSIDE ETCH CLEAN
valid_mosfet_seq_0467_80,PASSIVATION ETCH,PASSIVATION ETCH PAD OPENING,VIA ETCH THROUGH DIELECTRIC,SWITCHING TEST,VIA ETCH
valid_mosfet_seq_0468_60,DIELECTRIC ETCH VIA,VIA ETCH THROUGH DIELECTRIC,VIA ETCH,HARD BAKE,DEPOSIT INTERLAYER DIELECTRIC
valid_mosfet_seq_0468_80,DEVELOP PHOTORESIST,DEVELOP PAD WINDOW,POST EXPOSE BAKE,OPEN PAD WINDOW LITHO,PAD WINDOW LITHO
valid_mosfet_seq_0469_60,DEPOSIT METAL SEED,BACKSIDE GRIND,POLYSILICON ANNEAL,BACKSIDE DRY,DEPOSIT BARRIER METAL
valid_mosfet_seq_0469_80,STRIP PHOTORESIST,STRIP RESIST,HARD BAKE,DEVELOP PHOTORESIST,PARAMETRIC TEST
valid_mosfet_seq_0470_60,STRIP RESIST,STRIP PHOTORESIST,HARD BAKE,DEVELOP PHOTORESIST,PRE ANNEAL CHECK
valid_mosfet_seq_0470_80,PASSIVATION ETCH,PASSIVATION ETCH PAD OPENING,SWITCHING TEST,MEASURE PASSIVATION THICKNESS,MEASURE PASSIVATION QUALITY
valid_mosfet_seq_0471_60,HARD BAKE,VIA ETCH THROUGH DIELECTRIC,DIELECTRIC ETCH VIA,VIA ETCH,METAL ETCH
valid_mosfet_seq_0471_80,DEVELOP PHOTORESIST,DEVELOP PAD WINDOW,POST EXPOSE BAKE,OPEN PAD WINDOW LITHO,PAD WINDOW LITHO
valid_mosfet_seq_0472_60,DIELECTRIC ETCH VIA,VIA ETCH THROUGH DIELECTRIC,VIA ETCH,HARD BAKE,METAL ETCH
valid_mosfet_seq_0472_80,DEVELOP PHOTORESIST,DEVELOP PAD WINDOW,POST EXPOSE BAKE,OPEN PAD WINDOW LITHO,PARAMETRIC TEST
valid_mosfet_seq_0473_60,MEASURE VIA CD,DEPOSIT BARRIER METAL,SPIN COAT PHOTORESIST,DEPOSIT METAL 1,MEASURE GATE CD
valid_mosfet_seq_0473_80,PASSIVATION ETCH,PASSIVATION ETCH PAD OPENING,SWITCHING TEST,VIA ETCH THROUGH DIELECTRIC,VIA ETCH
valid_mosfet_seq_0474_60,MEASURE VIA CD,DEPOSIT BARRIER METAL,DEPOSIT METAL 1,MEASURE VIA RESISTANCE,DEPOSIT TOP METAL
valid_mosfet_seq_0474_80,STRIP PHOTORESIST,STRIP RESIST,HARD BAKE,DEVELOP PHOTORESIST,PARAMETRIC TEST
valid_mosfet_seq_0475_60,CLEAN AFTER VIA ETCH,CLEAN AFTER ETCH,CLEAN AFTER METAL ETCH,CLEAN PAD OPENING,CLEAN AFTER POLY ETCH
valid_mosfet_seq_0475_80,DEVELOP PHOTORESIST,DEVELOP PAD WINDOW,POST EXPOSE BAKE,OPEN PAD WINDOW LITHO,MEASURE SHEET RESISTANCE
valid_mosfet_seq_0476_60,CLEAN AFTER VIA ETCH,CLEAN AFTER ETCH,BACKSIDE ETCH CLEAN,CLEAN PAD OPENING,CLEAN AFTER METAL ETCH
valid_mosfet_seq_0476_80,PASSIVATION ETCH,PASSIVATION ETCH PAD OPENING,SWITCHING TEST,VIA ETCH THROUGH DIELECTRIC,VIA ETCH
valid_mosfet_seq_0477_60,CLEAN AFTER VIA ETCH,CLEAN AFTER ETCH,ALIGN MASK LEVEL 3,CLEAN AFTER METAL ETCH,CLEAN PAD OPENING
valid_mosfet_seq_0477_80,STRIP PHOTORESIST,STRIP RESIST,HARD BAKE,DEVELOP PHOTORESIST,PARAMETRIC TEST
valid_mosfet_seq_0478_60,CLEAN AFTER VIA ETCH,CLEAN AFTER ETCH,CLEAN PAD OPENING,CLEAN AFTER METAL ETCH,CLEAN AFTER POLY ETCH
valid_mosfet_seq_0478_80,PASSIVATION ETCH PAD OPENING,PASSIVATION ETCH,SWITCHING TEST,MEASURE PASSIVATION THICKNESS,MEASURE PASSIVATION QUALITY
valid_mosfet_seq_0479_60,CLEAN AFTER VIA ETCH,CLEAN AFTER ETCH,CLEAN PAD OPENING,CLEAN AFTER METAL ETCH,ALIGN MASK LEVEL 3
valid_mosfet_seq_0479_80,PASSIVATION ETCH PAD OPENING,PASSIVATION ETCH,VIA ETCH THROUGH DIELECTRIC,VIA ETCH,DIELECTRIC ETCH VIA
valid_mosfet_seq_0480_60,MEASURE VIA CD,DEPOSIT BARRIER METAL,MEASURE GATE CD,SPIN COAT PHOTORESIST,MEASURE SHEET RESISTANCE
valid_mosfet_seq_0480_80,PASSIVATION ETCH PAD OPENING,PASSIVATION ETCH,SWITCHING TEST,MEASURE PASSIVATION THICKNESS,MEASURE PASSIVATION QUALITY
valid_mosfet_seq_0481_60,MEASURE VIA CD,DEPOSIT BARRIER METAL,MEASURE GATE CD,MEASURE SHEET RESISTANCE,MEASURE VIA RESISTANCE
valid_mosfet_seq_0481_80,PASSIVATION ETCH PAD OPENING,PASSIVATION ETCH,VIA ETCH,VIA ETCH THROUGH DIELECTRIC,DIELECTRIC ETCH VIA
valid_mosfet_seq_0482_60,MEASURE VIA CD,DEPOSIT BARRIER METAL,DEPOSIT METAL 1,MEASURE VIA RESISTANCE,SPIN COAT PHOTORESIST
valid_mosfet_seq_0482_80,PASSIVATION ETCH PAD OPENING,PASSIVATION ETCH,SWITCHING TEST,THRESHOLD VOLTAGE TEST,MEASURE PASSIVATION THICKNESS
valid_mosfet_seq_0483_60,STRIP PHOTORESIST,STRIP RESIST,HARD BAKE,DEVELOP PHOTORESIST,PARAMETRIC TEST
valid_mosfet_seq_0483_80,PASSIVATION ETCH,PASSIVATION ETCH PAD OPENING,VIA ETCH THROUGH DIELECTRIC,VIA ETCH,MEASURE PASSIVATION THICKNESS
valid_mosfet_seq_0484_60,CLEAN AFTER VIA ETCH,CLEAN AFTER ETCH,CLEAN AFTER METAL ETCH,CLEAN PAD OPENING,EPITAXY PREP
valid_mosfet_seq_0484_80,STRIP PHOTORESIST,STRIP RESIST,HARD BAKE,DEVELOP PHOTORESIST,PARAMETRIC TEST
valid_mosfet_seq_0485_60,CLEAN AFTER VIA ETCH,CLEAN AFTER ETCH,CLEAN AFTER METAL ETCH,CLEAN PAD OPENING,EPITAXY PREP
valid_mosfet_seq_0485_80,PASSIVATION ETCH,PASSIVATION ETCH PAD OPENING,MEASURE PASSIVATION THICKNESS,VIA ETCH THROUGH DIELECTRIC,MEASURE PASSIVATION QUALITY
valid_mosfet_seq_0486_60,DEPOSIT METAL SEED,POLYSILICON ANNEAL,BACKSIDE GRIND,BACKSIDE DRY,DEPOSIT BARRIER METAL
valid_mosfet_seq_0486_80,CLEAN PAD OPENING,BACKSIDE GRIND,BACKSIDE ETCH CLEAN,MEASURE PAD OPENING,BACKSIDE RINSE
valid_mosfet_seq_0487_60,STRIP PHOTORESIST,STRIP RESIST,HARD BAKE,DEVELOP PHOTORESIST,POST EXPOSE BAKE
valid_mosfet_seq_0487_80,PASSIVATION ETCH PAD OPENING,PASSIVATION ETCH,VIA ETCH THROUGH DIELECTRIC,OXIDE ETCH,VIA ETCH
valid_mosfet_seq_0488_60,DEPOSIT BARRIER METAL,MEASURE VIA CD,DEPOSIT POLYSILICON,IMPLANT WELL,DEPOSIT PASSIVATION
valid_mosfet_seq_0488_80,PASSIVATION ETCH PAD OPENING,PASSIVATION ETCH,SWITCHING TEST,VIA ETCH THROUGH DIELECTRIC,THRESHOLD VOLTAGE TEST
valid_mosfet_seq_0489_60,CLEAN AFTER VIA ETCH,CLEAN AFTER ETCH,ALIGN MASK LEVEL 3,CLEAN PAD OPENING,RCA CLEAN 2
valid_mosfet_seq_0489_80,PASSIVATION ETCH,PASSIVATION ETCH PAD OPENING,SWITCHING TEST,VIA ETCH THROUGH DIELECTRIC,VIA ETCH
valid_mosfet_seq_0490_60,CLEAN AFTER VIA ETCH,CLEAN AFTER ETCH,CLEAN AFTER METAL ETCH,CLEAN PAD OPENING,RCA CLEAN 2
valid_mosfet_seq_0490_80,PASSIVATION ETCH,PASSIVATION ETCH PAD OPENING,MEASURE PASSIVATION THICKNESS,SWITCHING TEST,MEASURE PASSIVATION QUALITY
valid_mosfet_seq_0491_60,DEPOSIT METAL SEED,POLYSILICON ANNEAL,BACKSIDE GRIND,BACKSIDE DRY,CLEAN AFTER VIA ETCH
valid_mosfet_seq_0491_80,STRIP PHOTORESIST,STRIP RESIST,HARD BAKE,DEVELOP PHOTORESIST,PARAMETRIC TEST
valid_mosfet_seq_0492_60,CLEAN AFTER VIA ETCH,CLEAN AFTER ETCH,CLEAN AFTER METAL ETCH,CLEAN PAD OPENING,CLEAN AFTER POLY ETCH
valid_mosfet_seq_0492_80,STRIP RESIST,STRIP PHOTORESIST,DEVELOP PHOTORESIST,HARD BAKE,PARAMETRIC TEST
valid_mosfet_seq_0493_60,VIA ETCH THROUGH DIELECTRIC,VIA ETCH,DIELECTRIC ETCH VIA,HARD BAKE,DEPOSIT INTERLEVEL DIELECTRIC
valid_mosfet_seq_0493_80,PASSIVATION ETCH,PASSIVATION ETCH PAD OPENING,MEASURE PASSIVATION THICKNESS,MEASURE PASSIVATION QUALITY,VIA ETCH THROUGH DIELECTRIC
valid_mosfet_seq_0494_60,MEASURE VIA CD,DEPOSIT BARRIER METAL,MEASURE SHEET RESISTANCE,MEASURE GATE CD,SPIN COAT PHOTORESIST
valid_mosfet_seq_0494_80,STRIP PHOTORESIST,STRIP RESIST,HARD BAKE,DEVELOP PHOTORESIST,PARAMETRIC TEST
valid_mosfet_seq_0495_60,DEPOSIT BARRIER METAL,MEASURE VIA CD,DEPOSIT PASSIVATION,DEPOSIT PASSIVATION LAYER,DEPOSIT POLYSILICON
valid_mosfet_seq_0495_80,STRIP PHOTORESIST,STRIP RESIST,HARD BAKE,DEVELOP PHOTORESIST,POST EXPOSE BAKE
valid_mosfet_seq_0496_60,DEPOSIT METAL SEED,BACKSIDE GRIND,POLYSILICON ANNEAL,BACKSIDE DRY,DEPOSIT BARRIER METAL
valid_mosfet_seq_0496_80,STRIP PHOTORESIST,STRIP RESIST,HARD BAKE,DEVELOP PHOTORESIST,PARAMETRIC TEST
valid_mosfet_seq_0497_60,MEASURE VIA CD,DEPOSIT BARRIER METAL,MEASURE GATE CD,SPIN COAT PHOTORESIST,MEASURE SHEET RESISTANCE
valid_mosfet_seq_0497_80,PASSIVATION ETCH,PASSIVATION ETCH PAD OPENING,MEASURE PASSIVATION THICKNESS,MEASURE PASSIVATION QUALITY,SWITCHING TEST
valid_mosfet_seq_0498_60,MEASURE VIA CD,DEPOSIT BARRIER METAL,MEASURE GATE CD,SPIN COAT PHOTORESIST,MEASURE SHEET RESISTANCE
valid_mosfet_seq_0498_80,CLEAN PAD OPENING,BACKSIDE ETCH CLEAN,CLEAN AFTER ETCH,BACKSIDE GRIND,BACKSIDE RINSE
valid_mosfet_seq_0499_60,DEPOSIT METAL SEED,POLYSILICON ANNEAL,BACKSIDE GRIND,BACKSIDE DRY,SHIP LOT
valid_mosfet_seq_0499_80,STRIP PHOTORESIST,STRIP RESIST,HARD BAKE,DEVELOP PHOTORESIST,PARAMETRIC TEST
valid_mosfet_seq_0500_60,MEASURE VIA CD,DEPOSIT BARRIER METAL,SPIN COAT PHOTORESIST,MEASURE GATE CD,DEPOSIT METAL 1
valid_mosfet_seq_0500_80,STRIP PHOTORESIST,STRIP RESIST,HARD BAKE,DEVELOP PHOTORESIST,PARAMETRIC TEST
valid_mosfet_seq_0501_60,CLEAN AFTER VIA ETCH,CLEAN AFTER ETCH,CLEAN AFTER METAL ETCH,CLEAN PAD OPENING,BACKSIDE ETCH CLEAN
valid_mosfet_seq_0501_80,DEVELOP PHOTORESIST,DEVELOP PAD WINDOW,POST EXPOSE BAKE,OPEN PAD WINDOW LITHO,PAD WINDOW LITHO
valid_mosfet_seq_0502_60,CLEAN AFTER VIA ETCH,CLEAN AFTER ETCH,CLEAN AFTER METAL ETCH,CLEAN PAD OPENING,BACKSIDE ETCH CLEAN
valid_mosfet_seq_0502_80,DEVELOP PHOTORESIST,DEVELOP PAD WINDOW,POST EXPOSE BAKE,FINAL PARTICLE INSPECTION,FINAL GEOMETRY CHECK
valid_mosfet_seq_0503_60,DEPOSIT BARRIER METAL,MEASURE VIA CD,DEPOSIT POLYSILICON,IMPLANT WELL,DEPOSIT METAL 1
valid_mosfet_seq_0503_80,STRIP PHOTORESIST,STRIP RESIST,HARD BAKE,DEVELOP PHOTORESIST,PARAMETRIC TEST
valid_mosfet_seq_0504_60,DEPOSIT BARRIER METAL,MEASURE VIA CD,IMPLANT WELL,DEPOSIT PASSIVATION,IMPLANT SOURCE DRAIN
valid_mosfet_seq_0504_80,STRIP PHOTORESIST,STRIP RESIST,DEVELOP PHOTORESIST,HARD BAKE,PARAMETRIC TEST
valid_mosfet_seq_0505_60,MEASURE VIA CD,DEPOSIT BARRIER METAL,SPIN COAT PHOTORESIST,MEASURE GATE CD,MEASURE METAL THICKNESS
valid_mosfet_seq_0505_80,DEVELOP PAD WINDOW,DEVELOP PHOTORESIST,POST EXPOSE BAKE,PAD WINDOW LITHO,OPEN PAD WINDOW LITHO
valid_mosfet_seq_0506_60,CLEAN AFTER VIA ETCH,CLEAN AFTER ETCH,ALIGN MASK LEVEL 3,CLEAN PAD OPENING,RCA CLEAN 2
valid_mosfet_seq_0506_80,STRIP PHOTORESIST,STRIP RESIST,HARD BAKE,DEVELOP PHOTORESIST,PARAMETRIC TEST
valid_mosfet_seq_0507_60,DEPOSIT BARRIER METAL,MEASURE VIA CD,IMPLANT WELL,BACKSIDE ETCH CLEAN,DEPOSIT POLYSILICON
valid_mosfet_seq_0507_80,STRIP PHOTORESIST,STRIP RESIST,HARD BAKE,DEVELOP PHOTORESIST,PARAMETRIC TEST
valid_mosfet_seq_0508_60,DEPOSIT BARRIER METAL,MEASURE VIA CD,BACKSIDE ETCH CLEAN,DEPOSIT METAL 1,DEPOSIT TOP METAL
valid_mosfet_seq_0508_80,STRIP PHOTORESIST,STRIP RESIST,HARD BAKE,DEVELOP PHOTORESIST,PARAMETRIC TEST
valid_mosfet_seq_0509_60,MEASURE VIA CD,DEPOSIT BARRIER METAL,SPIN COAT PHOTORESIST,MEASURE GATE CD,MEASURE METAL THICKNESS
valid_mosfet_seq_0509_80,STRIP RESIST,STRIP PHOTORESIST,HARD BAKE,DEVELOP PHOTORESIST,PARAMETRIC TEST
valid_mosfet_seq_0510_60,MEASURE VIA CD,DEPOSIT BARRIER METAL,SPIN COAT PHOTORESIST,MEASURE METAL THICKNESS,DEPOSIT METAL 1
valid_mosfet_seq_0510_80,STRIP RESIST,STRIP PHOTORESIST,DEVELOP PHOTORESIST,HARD BAKE,PARAMETRIC TEST
valid_mosfet_seq_0511_60,CLEAN AFTER VIA ETCH,CLEAN AFTER ETCH,RCA CLEAN 2,WET CLEAN RCA2,ALIGN MASK LEVEL 3
valid_mosfet_seq_0511_80,STRIP PHOTORESIST,STRIP RESIST,HARD BAKE,DEVELOP PHOTORESIST,PARAMETRIC TEST
valid_mosfet_seq_0512_60,CLEAN AFTER VIA ETCH,CLEAN AFTER ETCH,CLEAN AFTER METAL ETCH,RCA CLEAN 2,WET CLEAN RCA2
valid_mosfet_seq_0512_80,PASSIVATION ETCH,PASSIVATION ETCH PAD OPENING,SWITCHING TEST,MEASURE PASSIVATION THICKNESS,MEASURE PASSIVATION QUALITY
valid_mosfet_seq_0513_60,MEASURE VIA CD,DEPOSIT BARRIER METAL,MEASURE OPENING CD,SPIN COAT PHOTORESIST,MEASURE GATE CD
valid_mosfet_seq_0513_80,PASSIVATION ETCH PAD OPENING,PASSIVATION ETCH,SWITCHING TEST,THRESHOLD VOLTAGE TEST,OXIDE ETCH
valid_mosfet_seq_0514_60,CLEAN AFTER VIA ETCH,CLEAN AFTER ETCH,RCA CLEAN 2,WET CLEAN RCA2,CLEAN PAD OPENING
valid_mosfet_seq_0514_80,PASSIVATION ETCH PAD OPENING,PASSIVATION ETCH,VIA ETCH THROUGH DIELECTRIC,VIA ETCH,DIELECTRIC ETCH VIA
valid_mosfet_seq_0515_60,MEASURE VIA CD,DEPOSIT BARRIER METAL,DEPOSIT METAL 1,MEASURE VIA RESISTANCE,MEASURE OPENING CD
valid_mosfet_seq_0515_80,STRIP PHOTORESIST,STRIP RESIST,HARD BAKE,DEVELOP PHOTORESIST,PARAMETRIC TEST
valid_mosfet_seq_0516_60,DEPOSIT BARRIER METAL,MEASURE VIA CD,IMPLANT WELL,DEPOSIT METAL 1,BACKSIDE ETCH CLEAN
valid_mosfet_seq_0516_80,STRIP RESIST,STRIP PHOTORESIST,DEVELOP PHOTORESIST,HARD BAKE,PARAMETRIC TEST
valid_mosfet_seq_0517_60,CLEAN AFTER VIA ETCH,CLEAN AFTER ETCH,RCA CLEAN 2,WET CLEAN RCA2,CLEAN PAD OPENING
valid_mosfet_seq_0517_80,PASSIVATION ETCH,PASSIVATION ETCH PAD OPENING,MEASURE PASSIVATION THICKNESS,MEASURE PASSIVATION QUALITY,VIA ETCH THROUGH DIELECTRIC
valid_mosfet_seq_0518_60,MEASURE VIA CD,DEPOSIT BARRIER METAL,DEPOSIT METAL 1,MEASURE VIA RESISTANCE,MEASURE CONTACT RESISTANCE
valid_mosfet_seq_0518_80,PASSIVATION ETCH,PASSIVATION ETCH PAD OPENING,MEASURE PASSIVATION THICKNESS,MEASURE PASSIVATION QUALITY,SWITCHING TEST
valid_mosfet_seq_0519_60,MEASURE VIA CD,DEPOSIT BARRIER METAL,SPIN COAT PHOTORESIST,DEPOSIT METAL 1,MEASURE GATE CD
valid_mosfet_seq_0519_80,CLEAN PAD OPENING,BACKSIDE ETCH CLEAN,BACKSIDE GRIND,CLEAN AFTER POLY ETCH,CLEAN AFTER ETCH
valid_mosfet_seq_0520_60,DEPOSIT BARRIER METAL,MEASURE VIA CD,DEPOSIT METAL 1,DEPOSIT TOP METAL,BACKSIDE ETCH CLEAN
valid_mosfet_seq_0520_80,PASSIVATION ETCH,PASSIVATION ETCH PAD OPENING,VIA ETCH,VIA ETCH THROUGH DIELECTRIC,DIELECTRIC ETCH VIA
valid_mosfet_seq_0521_60,DEPOSIT METAL SEED,BACKSIDE GRIND,POLYSILICON ANNEAL,BACKSIDE DRY,CLEAN AFTER VIA ETCH
valid_mosfet_seq_0521_80,STRIP PHOTORESIST,STRIP RESIST,HARD BAKE,DEVELOP PHOTORESIST,PARAMETRIC TEST
valid_mosfet_seq_0522_60,DEPOSIT BARRIER METAL,MEASURE VIA CD,IMPLANT WELL,BACKSIDE ETCH CLEAN,DEPOSIT POLYSILICON
valid_mosfet_seq_0522_80,CLEAN PAD OPENING,CLEAN AFTER POLY ETCH,CLEAN AFTER ETCH,BACKSIDE ETCH CLEAN,CLEAN AFTER VIA ETCH
valid_mosfet_seq_0523_60,CLEAN AFTER VIA ETCH,CLEAN AFTER ETCH,CLEAN AFTER METAL ETCH,ALIGN MASK LEVEL 3,RCA CLEAN 2
valid_mosfet_seq_0523_80,STRIP RESIST,STRIP PHOTORESIST,DEVELOP PHOTORESIST,HARD BAKE,PARAMETRIC TEST
valid_mosfet_seq_0524_60,MEASURE VIA CD,DEPOSIT BARRIER METAL,DEPOSIT METAL 1,MEASURE VIA RESISTANCE,SPIN COAT PHOTORESIST
valid_mosfet_seq_0524_80,CLEAN PAD OPENING,BACKSIDE GRIND,BACKSIDE ETCH CLEAN,CLEAN AFTER ETCH,BACKSIDE RINSE
valid_mosfet_seq_0525_60,FILL VIA METAL,DEPOSIT BACKSIDE METAL,BACKSIDE METALLIZATION PREP,EXPOSE LITHO LEVEL 4,EXPOSE LITHO LEVEL 1
valid_mosfet_seq_0525_80,CLEAN PAD OPENING,BACKSIDE GRIND,BACKSIDE ETCH CLEAN,CLEAN AFTER ETCH,CLEAN AFTER POLY ETCH
valid_mosfet_seq_0526_60,CLEAN AFTER VIA ETCH,CLEAN AFTER ETCH,CLEAN AFTER METAL ETCH,BACKSIDE ETCH CLEAN,CLEAN AFTER POLY ETCH
valid_mosfet_seq_0526_80,PASSIVATION ETCH,PASSIVATION ETCH PAD OPENING,SWITCHING TEST,VIA ETCH THROUGH DIELECTRIC,MEASURE PASSIVATION THICKNESS
valid_mosfet_seq_0527_60,CLEAN AFTER VIA ETCH,CLEAN AFTER ETCH,CLEAN AFTER METAL ETCH,CLEAN PAD OPENING,CLEAN AFTER POLY ETCH
valid_mosfet_seq_0527_80,PASSIVATION ETCH,PASSIVATION ETCH PAD OPENING,DIELECTRIC ETCH VIA,VIA ETCH THROUGH DIELECTRIC,OXIDE ETCH
valid_mosfet_seq_0528_60,MEASURE VIA CD,DEPOSIT BARRIER METAL,DEPOSIT METAL 1,SPIN COAT PHOTORESIST,MEASURE VIA RESISTANCE
valid_mosfet_seq_0528_80,STRIP PHOTORESIST,STRIP RESIST,HARD BAKE,DEVELOP PHOTORESIST,PARAMETRIC TEST
valid_mosfet_seq_0529_60,CLEAN AFTER VIA ETCH,CLEAN AFTER ETCH,CLEAN AFTER METAL ETCH,CLEAN AFTER POLY ETCH,CLEAN PAD OPENING
valid_mosfet_seq_0529_80,PASSIVATION ETCH PAD OPENING,PASSIVATION ETCH,DIELECTRIC ETCH VIA,VIA ETCH THROUGH DIELECTRIC,VIA ETCH
valid_mosfet_seq_0530_60,CLEAN AFTER VIA ETCH,CLEAN AFTER ETCH,BACKSIDE ETCH CLEAN,CLEAN PAD OPENING,CLEAN AFTER METAL ETCH
valid_mosfet_seq_0530_80,PASSIVATION ETCH,PASSIVATION ETCH PAD OPENING,VIA ETCH THROUGH DIELECTRIC,VIA ETCH,DIELECTRIC ETCH VIA
valid_mosfet_seq_0531_60,DEPOSIT BARRIER METAL,MEASURE VIA CD,BACKSIDE ETCH CLEAN,IMPLANT WELL,DEPOSIT POLYSILICON
valid_mosfet_seq_0531_80,STRIP PHOTORESIST,STRIP RESIST,HARD BAKE,DEVELOP PHOTORESIST,PARAMETRIC TEST
valid_mosfet_seq_0532_60,DEPOSIT METAL SEED,BACKSIDE GRIND,POLYSILICON ANNEAL,BACKSIDE DRY,FILL VIA METAL
valid_mosfet_seq_0532_80,STRIP PHOTORESIST,STRIP RESIST,HARD BAKE,DEVELOP PHOTORESIST,PARAMETRIC TEST
valid_mosfet_seq_0533_60,CLEAN AFTER VIA ETCH,CLEAN AFTER ETCH,CLEAN AFTER METAL ETCH,CLEAN PAD OPENING,CLEAN AFTER POLY ETCH
valid_mosfet_seq_0533_80,DEVELOP PAD WINDOW,DEVELOP PHOTORESIST,POST EXPOSE BAKE,PARAMETRIC TEST,PAD WINDOW LITHO
valid_mosfet_seq_0534_60,STRIP PHOTORESIST,STRIP RESIST,HARD BAKE,DEVELOP PHOTORESIST,PRE ANNEAL CHECK
valid_mosfet_seq_0534_80,PASSIVATION ETCH PAD OPENING,PASSIVATION ETCH,MEASURE PASSIVATION THICKNESS,MEASURE PASSIVATION QUALITY,SWITCHING TEST
valid_mosfet_seq_0535_60,CLEAN AFTER VIA ETCH,CLEAN AFTER ETCH,CLEAN AFTER METAL ETCH,CLEAN PAD OPENING,ALIGN MASK LEVEL 3
valid_mosfet_seq_0535_80,PASSIVATION ETCH PAD OPENING,PASSIVATION ETCH,SHIP LOT,VIA ETCH THROUGH DIELECTRIC,DIELECTRIC ETCH VIA
valid_mosfet_seq_0536_60,STRIP PHOTORESIST,STRIP RESIST,HARD BAKE,DEVELOP PHOTORESIST,PRE ANNEAL CHECK
valid_mosfet_seq_0536_80,DEVELOP PHOTORESIST,DEVELOP PAD WINDOW,POST EXPOSE BAKE,OPEN PAD WINDOW LITHO,PAD WINDOW LITHO
valid_mosfet_seq_0537_60,CLEAN AFTER VIA ETCH,CLEAN AFTER ETCH,CLEAN PAD OPENING,CLEAN AFTER METAL ETCH,CLEAN AFTER POLY ETCH
valid_mosfet_seq_0537_80,STRIP RESIST,STRIP PHOTORESIST,HARD BAKE,DEVELOP PHOTORESIST,PARAMETRIC TEST
valid_mosfet_seq_0538_60,CLEAN AFTER VIA ETCH,CLEAN AFTER ETCH,CLEAN AFTER METAL ETCH,CLEAN PAD OPENING,CLEAN AFTER POLY ETCH
valid_mosfet_seq_0538_80,PASSIVATION ETCH PAD OPENING,PASSIVATION ETCH,SWITCHING TEST,VIA ETCH,DIELECTRIC ETCH VIA
valid_mosfet_seq_0539_60,MEASURE VIA CD,DEPOSIT BARRIER METAL,MEASURE VIA RESISTANCE,MEASURE GATE CD,DEPOSIT METAL 1
valid_mosfet_seq_0539_80,STRIP PHOTORESIST,STRIP RESIST,HARD BAKE,DEVELOP PHOTORESIST,PARAMETRIC TEST
valid_mosfet_seq_0540_60,CLEAN AFTER VIA ETCH,CLEAN AFTER ETCH,CLEAN PAD OPENING,CLEAN AFTER METAL ETCH,ALIGN MASK LEVEL 3
valid_mosfet_seq_0540_80,DEVELOP PHOTORESIST,DEVELOP PAD WINDOW,POST EXPOSE BAKE,OPEN PAD WINDOW LITHO,PAD WINDOW LITHO
valid_mosfet_seq_0541_60,DEPOSIT BARRIER METAL,MEASURE VIA CD,BACKSIDE ETCH CLEAN,IMPLANT WELL,DEPOSIT METAL 1
valid_mosfet_seq_0541_80,STRIP PHOTORESIST,STRIP RESIST,HARD BAKE,DEVELOP PHOTORESIST,PRE ANNEAL CHECK
valid_mosfet_seq_0542_60,DEPOSIT BARRIER METAL,MEASURE VIA CD,BACKSIDE ETCH CLEAN,DEPOSIT METAL 1,DEPOSIT PASSIVATION
valid_mosfet_seq_0542_80,PASSIVATION ETCH PAD OPENING,PASSIVATION ETCH,VIA ETCH THROUGH DIELECTRIC,VIA ETCH,DIELECTRIC ETCH VIA
valid_mosfet_seq_0543_60,MEASURE VIA CD,DEPOSIT BARRIER METAL,SPIN COAT PHOTORESIST,MEASURE GATE CD,DEPOSIT METAL 1
valid_mosfet_seq_0543_80,STRIP PHOTORESIST,STRIP RESIST,HARD BAKE,DEVELOP PHOTORESIST,PARAMETRIC TEST
valid_mosfet_seq_0544_60,MEASURE VIA CD,DEPOSIT BARRIER METAL,DEPOSIT METAL 1,DEPOSIT PASSIVATION,MEASURE LINE WIDTH
valid_mosfet_seq_0544_80,STRIP PHOTORESIST,STRIP RESIST,HARD BAKE,DEVELOP PHOTORESIST,PARAMETRIC TEST
valid_mosfet_seq_0545_60,DEPOSIT BARRIER METAL,MEASURE VIA CD,DEPOSIT PASSIVATION,DEPOSIT PASSIVATION LAYER,DEPOSIT METAL 1
valid_mosfet_seq_0545_80,STRIP PHOTORESIST,STRIP RESIST,HARD BAKE,DEVELOP PHOTORESIST,PARAMETRIC TEST
valid_mosfet_seq_0546_60,CLEAN AFTER VIA ETCH,CLEAN AFTER ETCH,CLEAN AFTER METAL ETCH,CLEAN PAD OPENING,CLEAN AFTER POLY ETCH
valid_mosfet_seq_0546_80,PASSIVATION ETCH,PASSIVATION ETCH PAD OPENING,VIA ETCH THROUGH DIELECTRIC,MEASURE PASSIVATION THICKNESS,MEASURE PASSIVATION QUALITY
valid_mosfet_seq_0547_60,CLEAN AFTER VIA ETCH,CLEAN AFTER ETCH,ALIGN MASK LEVEL 3,CLEAN PAD OPENING,BACKSIDE ETCH CLEAN
valid_mosfet_seq_0547_80,STRIP PHOTORESIST,STRIP RESIST,HARD BAKE,DEVELOP PHOTORESIST,PARAMETRIC TEST
valid_mosfet_seq_0548_60,DEPOSIT BARRIER METAL,MEASURE VIA CD,BACKSIDE ETCH CLEAN,DEPOSIT METAL 1,DEPOSIT PASSIVATION
valid_mosfet_seq_0548_80,STRIP PHOTORESIST,STRIP RESIST,HARD BAKE,DEVELOP PHOTORESIST,PARAMETRIC TEST
valid_mosfet_seq_0549_60,STRIP RESIST,STRIP PHOTORESIST,HARD BAKE,DEVELOP PHOTORESIST,PRE ANNEAL CHECK
valid_mosfet_seq_0549_80,STRIP PHOTORESIST,STRIP RESIST,HARD BAKE,DEVELOP PHOTORESIST,PARAMETRIC TEST
valid_mosfet_seq_0550_60,FILL VIA METAL,MEASURE GATE OXIDE THICKNESS,EXPOSE LITHO LEVEL 4,BACKSIDE METALLIZATION PREP,EXPOSE LITHO LEVEL 3
valid_mosfet_seq_0550_80,CLEAN PAD OPENING,BACKSIDE GRIND,BACKSIDE ETCH CLEAN,CLEAN AFTER VIA ETCH,CLEAN AFTER POLY ETCH
valid_mosfet_seq_0551_60,STRIP PHOTORESIST,STRIP RESIST,HARD BAKE,DEVELOP PHOTORESIST,PRE ANNEAL CHECK
valid_mosfet_seq_0551_80,DEVELOP PAD WINDOW,DEVELOP PHOTORESIST,POST EXPOSE BAKE,PARAMETRIC TEST,OPEN PAD WINDOW LITHO
valid_mosfet_seq_0552_60,STRIP RESIST,STRIP PHOTORESIST,HARD BAKE,DEVELOP PHOTORESIST,PARAMETRIC TEST
valid_mosfet_seq_0552_80,PASSIVATION ETCH PAD OPENING,PASSIVATION ETCH,VIA ETCH THROUGH DIELECTRIC,DIELECTRIC ETCH VIA,VIA ETCH
valid_mosfet_seq_0553_60,MEASURE VIA CD,DEPOSIT BARRIER METAL,MEASURE OPENING CD,MEASURE SHEET RESISTANCE,MEASURE GATE CD
valid_mosfet_seq_0553_80,PASSIVATION ETCH PAD OPENING,PASSIVATION ETCH,SWITCHING TEST,OXIDE ETCH,VIA ETCH THROUGH DIELECTRIC
valid_mosfet_seq_0554_60,MEASURE VIA CD,DEPOSIT BARRIER METAL,DEPOSIT METAL 1,DEPOSIT TOP METAL,MEASURE VIA RESISTANCE
valid_mosfet_seq_0554_80,STRIP PHOTORESIST,STRIP RESIST,HARD BAKE,DEVELOP PHOTORESIST,PARAMETRIC TEST
valid_mosfet_seq_0555_60,CLEAN AFTER VIA ETCH,CLEAN AFTER ETCH,ALIGN MASK LEVEL 3,RCA CLEAN 2,CLEAN AFTER METAL ETCH
valid_mosfet_seq_0555_80,DEVELOP PAD WINDOW,DEVELOP PHOTORESIST,POST EXPOSE BAKE,LOT RELEASE,FINAL LOT RELEASE
valid_mosfet_seq_0556_60,FILL VIA METAL,SHIP LOT,BACKSIDE METALLIZATION PREP,DEPOSIT BACKSIDE METAL,IMPLANT LDD
valid_mosfet_seq_0556_80,STRIP PHOTORESIST,STRIP RESIST,HARD BAKE,DEVELOP PHOTORESIST,PARAMETRIC TEST
valid_mosfet_seq_0557_60,CLEAN AFTER VIA ETCH,CLEAN AFTER ETCH,BACKSIDE ETCH CLEAN,CLEAN PAD OPENING,CLEAN AFTER METAL ETCH
valid_mosfet_seq_0557_80,PASSIVATION ETCH,PASSIVATION ETCH PAD OPENING,SWITCHING TEST,VIA ETCH THROUGH DIELECTRIC,VIA ETCH
valid_mosfet_seq_0558_60,DEPOSIT METAL SEED,POLYSILICON ANNEAL,BACKSIDE GRIND,BACKSIDE DRY,DEPOSIT BARRIER METAL
valid_mosfet_seq_0558_80,STRIP PHOTORESIST,STRIP RESIST,HARD BAKE,DEVELOP PHOTORESIST,PARAMETRIC TEST
valid_mosfet_seq_0559_60,MEASURE VIA CD,DEPOSIT BARRIER METAL,DEPOSIT METAL 1,MEASURE VIA RESISTANCE,DEPOSIT TOP METAL
valid_mosfet_seq_0559_80,PASSIVATION ETCH,PASSIVATION ETCH PAD OPENING,MEASURE PASSIVATION THICKNESS,VIA ETCH THROUGH DIELECTRIC,VIA ETCH
valid_mosfet_seq_0560_60,MEASURE VIA CD,DEPOSIT BARRIER METAL,MEASURE OPENING CD,MEASURE GATE CD,MEASURE SHEET RESISTANCE
valid_mosfet_seq_0560_80,PASSIVATION ETCH PAD OPENING,PASSIVATION ETCH,MEASURE PASSIVATION THICKNESS,MEASURE PASSIVATION QUALITY,VIA ETCH THROUGH DIELECTRIC
valid_mosfet_seq_0561_60,DEPOSIT BARRIER METAL,MEASURE VIA CD,BACKSIDE ETCH CLEAN,IMPLANT WELL,DEPOSIT METAL 1
valid_mosfet_seq_0561_80,STRIP PHOTORESIST,STRIP RESIST,DEVELOP PHOTORESIST,HARD BAKE,PARAMETRIC TEST
valid_mosfet_seq_0562_60,STRIP PHOTORESIST,STRIP RESIST,HARD BAKE,DEVELOP PHOTORESIST,PRE ANNEAL CHECK
valid_mosfet_seq_0562_80,PASSIVATION ETCH,PASSIVATION ETCH PAD OPENING,VIA ETCH THROUGH DIELECTRIC,OXIDE ETCH,SHIP LOT
valid_mosfet_seq_0563_60,DEPOSIT METAL SEED,BACKSIDE GRIND,POLYSILICON ANNEAL,BACKSIDE DRY,DEPOSIT BARRIER METAL
valid_mosfet_seq_0563_80,STRIP PHOTORESIST,STRIP RESIST,HARD BAKE,DEVELOP PHOTORESIST,PARAMETRIC TEST
valid_mosfet_seq_0564_60,CLEAN AFTER VIA ETCH,CLEAN AFTER ETCH,BACKSIDE ETCH CLEAN,CLEAN AFTER METAL ETCH,CLEAN PAD OPENING
valid_mosfet_seq_0564_80,PASSIVATION ETCH,PASSIVATION ETCH PAD OPENING,SWITCHING TEST,VIA ETCH THROUGH DIELECTRIC,VIA ETCH
valid_mosfet_seq_0565_60,STRIP PHOTORESIST,STRIP RESIST,HARD BAKE,DEVELOP PHOTORESIST,PRE ANNEAL CHECK
valid_mosfet_seq_0565_80,PASSIVATION ETCH PAD OPENING,PASSIVATION ETCH,MEASURE PASSIVATION THICKNESS,VIA ETCH,MEASURE PASSIVATION QUALITY
valid_mosfet_seq_0566_60,DEPOSIT BARRIER METAL,MEASURE VIA CD,DEPOSIT PASSIVATION,IMPLANT WELL,DEPOSIT POLYSILICON
valid_mosfet_seq_0566_80,CLEAN PAD OPENING,BACKSIDE GRIND,BACKSIDE ETCH CLEAN,MEASURE PAD OPENING,CLEAN AFTER VIA ETCH
valid_mosfet_seq_0567_60,MEASURE VIA CD,DEPOSIT BARRIER METAL,MEASURE GATE CD,SPIN COAT PHOTORESIST,DEPOSIT METAL 1
valid_mosfet_seq_0567_80,STRIP PHOTORESIST,STRIP RESIST,DEVELOP PHOTORESIST,HARD BAKE,PARAMETRIC TEST
valid_mosfet_seq_0568_60,MEASURE VIA CD,DEPOSIT BARRIER METAL,SPIN COAT PHOTORESIST,MEASURE METAL THICKNESS,DEPOSIT METAL 1
valid_mosfet_seq_0568_80,DEVELOP PAD WINDOW,DEVELOP PHOTORESIST,POST EXPOSE BAKE,OPEN PAD WINDOW LITHO,HARD BAKE
valid_mosfet_seq_0569_60,DEPOSIT BARRIER METAL,MEASURE VIA CD,BACKSIDE ETCH CLEAN,DEPOSIT PASSIVATION,DEPOSIT PASSIVATION LAYER
valid_mosfet_seq_0569_80,PASSIVATION ETCH PAD OPENING,PASSIVATION ETCH,VIA ETCH,VIA ETCH THROUGH DIELECTRIC,DIELECTRIC ETCH VIA
valid_mosfet_seq_0570_60,DEPOSIT BARRIER METAL,MEASURE VIA CD,DEPOSIT POLYSILICON,DEPOSIT PASSIVATION,DEPOSIT PASSIVATION LAYER
valid_mosfet_seq_0570_80,STRIP PHOTORESIST,STRIP RESIST,HARD BAKE,DEVELOP PHOTORESIST,PARAMETRIC TEST
valid_mosfet_seq_0571_60,FILL VIA METAL,EXPOSE LITHO LEVEL 4,BACKSIDE ANNEAL,DEPOSIT BACKSIDE METAL,BACKSIDE METALLIZATION PREP
valid_mosfet_seq_0571_80,CLEAN PAD OPENING,BACKSIDE ETCH CLEAN,BACKSIDE GRIND,BACKSIDE RINSE,CLEAN AFTER ETCH
valid_mosfet_seq_0572_60,DEPOSIT BARRIER METAL,MEASURE VIA CD,BACKSIDE ETCH CLEAN,IMPLANT WELL,DEPOSIT POLYSILICON
valid_mosfet_seq_0572_80,STRIP PHOTORESIST,STRIP RESIST,HARD BAKE,DEVELOP PHOTORESIST,PARAMETRIC TEST
valid_mosfet_seq_0573_60,STRIP PHOTORESIST,STRIP RESIST,HARD BAKE,DEVELOP PHOTORESIST,RCA CLEAN 1
valid_mosfet_seq_0573_80,DEVELOP PAD WINDOW,DEVELOP PHOTORESIST,POST EXPOSE BAKE,HARD BAKE,OPEN PAD WINDOW LITHO
valid_mosfet_seq_0574_60,MEASURE VIA CD,DEPOSIT BARRIER METAL,SPIN COAT PHOTORESIST,DEPOSIT METAL 1,MEASURE VIA RESISTANCE
valid_mosfet_seq_0574_80,PASSIVATION ETCH,PASSIVATION ETCH PAD OPENING,VIA ETCH THROUGH DIELECTRIC,VIA ETCH,DIELECTRIC ETCH VIA
valid_mosfet_seq_0575_60,CLEAN AFTER VIA ETCH,CLEAN AFTER ETCH,ALIGN MASK LEVEL 3,BACKSIDE ETCH CLEAN,CLEAN PAD OPENING
valid_mosfet_seq_0575_80,DEVELOP PHOTORESIST,DEVELOP PAD WINDOW,POST EXPOSE BAKE,OPEN PAD WINDOW LITHO,PAD WINDOW LITHO
valid_mosfet_seq_0576_60,MEASURE VIA CD,DEPOSIT BARRIER METAL,MEASURE SHEET RESISTANCE,SPIN COAT PHOTORESIST,MEASURE GATE CD
valid_mosfet_seq_0576_80,STRIP RESIST,STRIP PHOTORESIST,HARD BAKE,DEVELOP PHOTORESIST,PARAMETRIC TEST
valid_mosfet_seq_0577_60,MEASURE VIA CD,DEPOSIT BARRIER METAL,MEASURE GATE CD,DEPOSIT METAL 1,SPIN COAT PHOTORESIST
valid_mosfet_seq_0577_80,STRIP PHOTORESIST,STRIP RESIST,HARD BAKE,DEVELOP PHOTORESIST,PRE ANNEAL CHECK
valid_mosfet_seq_0578_60,CLEAN AFTER VIA ETCH,CLEAN AFTER ETCH,ALIGN MASK LEVEL 3,CLEAN PAD OPENING,RCA CLEAN 2
valid_mosfet_seq_0578_80,PASSIVATION ETCH,PASSIVATION ETCH PAD OPENING,VIA ETCH THROUGH DIELECTRIC,VIA ETCH,SWITCHING TEST
valid_mosfet_seq_0579_60,MEASURE VIA CD,DEPOSIT BARRIER METAL,MEASURE OPENING CD,MEASURE GATE CD,DEPOSIT METAL 1
valid_mosfet_seq_0579_80,DEVELOP PAD WINDOW,DEVELOP PHOTORESIST,POST EXPOSE BAKE,OPEN PAD WINDOW LITHO,PARAMETRIC TEST
valid_mosfet_seq_0580_60,CLEAN AFTER VIA ETCH,CLEAN AFTER ETCH,RCA CLEAN 2,WET CLEAN RCA2,CLEAN PAD OPENING
valid_mosfet_seq_0580_80,PASSIVATION ETCH,PASSIVATION ETCH PAD OPENING,SWITCHING TEST,VIA ETCH THROUGH DIELECTRIC,VIA ETCH
valid_mosfet_seq_0581_60,DEPOSIT BARRIER METAL,MEASURE VIA CD,BACKSIDE ETCH CLEAN,DEPOSIT METAL 1,IMPLANT WELL
valid_mosfet_seq_0581_80,STRIP PHOTORESIST,STRIP RESIST,HARD BAKE,DEVELOP PHOTORESIST,PARAMETRIC TEST
valid_mosfet_seq_0582_60,MEASURE VIA CD,DEPOSIT BARRIER METAL,MEASURE VIA RESISTANCE,MEASURE GATE CD,DEPOSIT METAL 1
valid_mosfet_seq_0582_80,PASSIVATION ETCH,PASSIVATION ETCH PAD OPENING,VIA ETCH,VIA ETCH THROUGH DIELECTRIC,MEASURE PASSIVATION QUALITY
valid_mosfet_seq_0583_60,STRIP PHOTORESIST,STRIP RESIST,HARD BAKE,DEVELOP PHOTORESIST,PRE ANNEAL CHECK
valid_mosfet_seq_0583_80,PASSIVATION ETCH,PASSIVATION ETCH PAD OPENING,VIA ETCH THROUGH DIELECTRIC,VIA ETCH,SWITCHING TEST
valid_mosfet_seq_0584_60,MEASURE VIA CD,DEPOSIT BARRIER METAL,DEPOSIT METAL 1,MEASURE VIA RESISTANCE,MEASURE CONTACT RESISTANCE
valid_mosfet_seq_0584_80,PASSIVATION ETCH,PASSIVATION ETCH PAD OPENING,MEASURE PASSIVATION THICKNESS,MEASURE PASSIVATION QUALITY,VIA ETCH THROUGH DIELECTRIC
valid_mosfet_seq_0585_60,MEASURE VIA CD,DEPOSIT BARRIER METAL,SPIN COAT PHOTORESIST,DEPOSIT METAL 1,MEASURE GATE CD
valid_mosfet_seq_0585_80,STRIP PHOTORESIST,STRIP RESIST,HARD BAKE,DEVELOP PHOTORESIST,PARAMETRIC TEST
valid_mosfet_seq_0586_60,DEPOSIT METAL SEED,BACKSIDE GRIND,BACKSIDE DRY,POLYSILICON ANNEAL,CLEAN AFTER VIA ETCH
valid_mosfet_seq_0586_80,CLEAN PAD OPENING,BACKSIDE GRIND,BACKSIDE ETCH CLEAN,CLEAN AFTER POLY ETCH,BACKSIDE DRY
valid_mosfet_seq_0587_60,DEPOSIT BARRIER METAL,MEASURE VIA CD,BACKSIDE ETCH CLEAN,DEPOSIT PASSIVATION,DEPOSIT METAL 1
valid_mosfet_seq_0587_80,STRIP PHOTORESIST,STRIP RESIST,HARD BAKE,DEVELOP PHOTORESIST,PRE ANNEAL CHECK
valid_mosfet_seq_0588_60,CLEAN AFTER VIA ETCH,CLEAN AFTER ETCH,CLEAN AFTER METAL ETCH,CLEAN PAD OPENING,BACKSIDE ETCH CLEAN
valid_mosfet_seq_0588_80,STRIP PHOTORESIST,STRIP RESIST,HARD BAKE,DEVELOP PHOTORESIST,PARAMETRIC TEST
valid_mosfet_seq_0589_60,DEPOSIT BARRIER METAL,MEASURE VIA CD,IMPLANT WELL,BACKSIDE ETCH CLEAN,DEPOSIT METAL 1
valid_mosfet_seq_0589_80,STRIP PHOTORESIST,STRIP RESIST,HARD BAKE,DEVELOP PHOTORESIST,PARAMETRIC TEST
valid_mosfet_seq_0590_60,CLEAN AFTER VIA ETCH,CLEAN AFTER ETCH,CLEAN PAD OPENING,CLEAN AFTER METAL ETCH,CLEAN AFTER POLY ETCH
valid_mosfet_seq_0590_80,PASSIVATION ETCH PAD OPENING,PASSIVATION ETCH,VIA ETCH THROUGH DIELECTRIC,VIA ETCH,DIELECTRIC ETCH VIA
valid_mosfet_seq_0591_60,MEASURE VIA CD,DEPOSIT BARRIER METAL,MEASURE GATE CD,MEASURE OPENING CD,SPIN COAT PHOTORESIST
valid_mosfet_seq_0591_80,PASSIVATION ETCH PAD OPENING,PASSIVATION ETCH,SWITCHING TEST,OXIDE ETCH,MEASURE PASSIVATION THICKNESS
valid_mosfet_seq_0592_60,CLEAN AFTER VIA ETCH,CLEAN AFTER ETCH,RCA CLEAN 2,WET CLEAN RCA2,CLEAN PAD OPENING
valid_mosfet_seq_0592_80,PASSIVATION ETCH,PASSIVATION ETCH PAD OPENING,MEASURE PASSIVATION THICKNESS,MEASURE PASSIVATION QUALITY,VIA ETCH THROUGH DIELECTRIC
valid_mosfet_seq_0593_60,STRIP PHOTORESIST,STRIP RESIST,HARD BAKE,DEVELOP PHOTORESIST,PRE ANNEAL CHECK
valid_mosfet_seq_0593_80,STRIP PHOTORESIST,STRIP RESIST,HARD BAKE,DEVELOP PHOTORESIST,PARAMETRIC TEST
valid_mosfet_seq_0594_60,DEPOSIT BARRIER METAL,MEASURE VIA CD,BACKSIDE ETCH CLEAN,DEPOSIT METAL 1,DEPOSIT POLYSILICON
valid_mosfet_seq_0594_80,STRIP PHOTORESIST,STRIP RESIST,HARD BAKE,DEVELOP PHOTORESIST,PARAMETRIC TEST
valid_mosfet_seq_0595_60,DEPOSIT BARRIER METAL,MEASURE VIA CD,DEPOSIT PASSIVATION,DEPOSIT PASSIVATION LAYER,BACKSIDE ETCH CLEAN
valid_mosfet_seq_0595_80,CLEAN PAD OPENING,BACKSIDE GRIND,BACKSIDE ETCH CLEAN,MEASURE PAD OPENING,CLEAN AFTER VIA ETCH
valid_mosfet_seq_0596_60,STRIP RESIST,STRIP PHOTORESIST,HARD BAKE,DEVELOP PHOTORESIST,PARAMETRIC TEST
valid_mosfet_seq_0596_80,DEVELOP PAD WINDOW,DEVELOP PHOTORESIST,POST EXPOSE BAKE,PARAMETRIC TEST,OPEN PAD WINDOW LITHO
valid_mosfet_seq_0597_60,CLEAN AFTER VIA ETCH,CLEAN AFTER ETCH,CLEAN AFTER METAL ETCH,CLEAN PAD OPENING,EPITAXY PREP
valid_mosfet_seq_0597_80,PASSIVATION ETCH PAD OPENING,PASSIVATION ETCH,SWITCHING TEST,VIA ETCH THROUGH DIELECTRIC,VIA ETCH
valid_mosfet_seq_0598_60,CLEAN AFTER VIA ETCH,CLEAN AFTER ETCH,CLEAN PAD OPENING,CLEAN AFTER METAL ETCH,RCA CLEAN 2
valid_mosfet_seq_0598_80,STRIP PHOTORESIST,STRIP RESIST,HARD BAKE,DEVELOP PHOTORESIST,PRE ANNEAL CHECK
valid_mosfet_seq_0599_60,MEASURE VIA CD,DEPOSIT BARRIER METAL,SPIN COAT PHOTORESIST,DEPOSIT METAL 1,MEASURE VIA RESISTANCE
valid_mosfet_seq_0599_80,PASSIVATION ETCH,PASSIVATION ETCH PAD OPENING,SWITCHING TEST,VIA ETCH,VIA ETCH THROUGH DIELECTRIC
valid_mosfet_seq_0600_60,STRIP RESIST,STRIP PHOTORESIST,HARD BAKE,DEVELOP PHOTORESIST,PRE ANNEAL CHECK
valid_mosfet_seq_0600_80,DEVELOP PHOTORESIST,DEVELOP PAD WINDOW,POST EXPOSE BAKE,OPEN PAD WINDOW LITHO,PAD WINDOW LITHO
valid_mosfet_seq_0601_60,DEPOSIT BARRIER METAL,MEASURE VIA CD,DEPOSIT POLYSILICON,DEPOSIT PASSIVATION,DEPOSIT METAL 1
valid_mosfet_seq_0601_80,STRIP PHOTORESIST,STRIP RESIST,HARD BAKE,DEVELOP PHOTORESIST,PARAMETRIC TEST
valid_mosfet_seq_0602_60,MEASURE VIA CD,DEPOSIT BARRIER METAL,MEASURE GATE CD,MEASURE SHEET RESISTANCE,DEPOSIT METAL 1
valid_mosfet_seq_0602_80,DEVELOP PHOTORESIST,DEVELOP PAD WINDOW,POST EXPOSE BAKE,OPEN PAD WINDOW LITHO,PAD WINDOW LITHO
valid_mosfet_seq_0603_60,MEASURE VIA CD,DEPOSIT BARRIER METAL,DEPOSIT METAL 1,MEASURE VIA RESISTANCE,DEPOSIT TOP METAL
valid_mosfet_seq_0603_80,STRIP PHOTORESIST,STRIP RESIST,HARD BAKE,DEVELOP PHOTORESIST,PARAMETRIC TEST
valid_mosfet_seq_0604_60,STRIP PHOTORESIST,STRIP RESIST,HARD BAKE,DEVELOP PHOTORESIST,DENSIFY DIELECTRIC
valid_mosfet_seq_0604_80,PASSIVATION ETCH PAD OPENING,PASSIVATION ETCH,SWITCHING TEST,VIA ETCH THROUGH DIELECTRIC,DIELECTRIC ETCH VIA
valid_mosfet_seq_0605_60,STRIP PHOTORESIST,STRIP RESIST,HARD BAKE,DEVELOP PHOTORESIST,PRE ANNEAL CHECK
valid_mosfet_seq_0605_80,DEVELOP PHOTORESIST,DEVELOP PAD WINDOW,POST EXPOSE BAKE,OPEN PAD WINDOW LITHO,PAD WINDOW LITHO
valid_mosfet_seq_0606_60,DEPOSIT METAL SEED,POLYSILICON ANNEAL,BACKSIDE GRIND,BACKSIDE DRY,SHIP LOT
valid_mosfet_seq_0606_80,STRIP PHOTORESIST,STRIP RESIST,HARD BAKE,DEVELOP PHOTORESIST,PARAMETRIC TEST
valid_mosfet_seq_0607_60,CLEAN AFTER VIA ETCH,CLEAN AFTER ETCH,CLEAN PAD OPENING,CLEAN AFTER METAL ETCH,RCA CLEAN 2
valid_mosfet_seq_0607_80,DEVELOP PAD WINDOW,DEVELOP PHOTORESIST,POST EXPOSE BAKE,PARAMETRIC TEST,OPEN PAD WINDOW LITHO
valid_mosfet_seq_0608_60,DEPOSIT BARRIER METAL,MEASURE VIA CD,BACKSIDE ETCH CLEAN,DEPOSIT METAL 1,DEPOSIT PASSIVATION
valid_mosfet_seq_0608_80,STRIP PHOTORESIST,STRIP RESIST,HARD BAKE,DEVELOP PHOTORESIST,PARAMETRIC TEST
valid_mosfet_seq_0609_60,DEPOSIT METAL SEED,BACKSIDE GRIND,CLEAN AFTER VIA ETCH,POLYSILICON ANNEAL,BACKSIDE DRY
valid_mosfet_seq_0609_80,CLEAN PAD OPENING,BACKSIDE GRIND,BACKSIDE ETCH CLEAN,CLEAN AFTER POLY ETCH,CLEAN AFTER VIA ETCH
valid_mosfet_seq_0610_60,MEASURE VIA CD,DEPOSIT BARRIER METAL,SPIN COAT PHOTORESIST,MEASURE VIA RESISTANCE,DEPOSIT METAL 1
valid_mosfet_seq_0610_80,PASSIVATION ETCH,PASSIVATION ETCH PAD OPENING,SWITCHING TEST,VIA ETCH THROUGH DIELECTRIC,VIA ETCH
valid_mosfet_seq_0611_60,STRIP PHOTORESIST,STRIP RESIST,HARD BAKE,DEVELOP PHOTORESIST,BACKSIDE CLEAN
valid_mosfet_seq_0611_80,PASSIVATION ETCH PAD OPENING,PASSIVATION ETCH,SWITCHING TEST,VIA ETCH THROUGH DIELECTRIC,VIA ETCH
valid_mosfet_seq_0612_60,DEPOSIT BARRIER METAL,MEASURE VIA CD,DEPOSIT POLYSILICON,IMPLANT WELL,BACKSIDE ETCH CLEAN
valid_mosfet_seq_0612_80,STRIP PHOTORESIST,STRIP RESIST,HARD BAKE,DEVELOP PHOTORESIST,PRE ANNEAL CHECK
valid_mosfet_seq_0613_60,DEPOSIT METAL SEED,POLYSILICON ANNEAL,BACKSIDE GRIND,BACKSIDE DRY,CLEAN AFTER VIA ETCH
valid_mosfet_seq_0613_80,STRIP RESIST,STRIP PHOTORESIST,DEVELOP PHOTORESIST,HARD BAKE,PARAMETRIC TEST
valid_mosfet_seq_0614_60,MEASURE VIA CD,DEPOSIT BARRIER METAL,MEASURE GATE CD,SPIN COAT PHOTORESIST,MEASURE SHEET RESISTANCE
valid_mosfet_seq_0614_80,DEVELOP PAD WINDOW,DEVELOP PHOTORESIST,POST EXPOSE BAKE,OPEN PAD WINDOW LITHO,PAD WINDOW LITHO
valid_mosfet_seq_0615_60,MEASURE VIA CD,DEPOSIT BARRIER METAL,MEASURE LINE WIDTH,DEPOSIT PASSIVATION,SPIN COAT PHOTORESIST
valid_mosfet_seq_0615_80,STRIP PHOTORESIST,STRIP RESIST,DEVELOP PHOTORESIST,HARD BAKE,BACKSIDE CLEAN
valid_mosfet_seq_0616_60,CLEAN AFTER VIA ETCH,CLEAN AFTER ETCH,CLEAN AFTER METAL ETCH,CLEAN PAD OPENING,ALIGN MASK LEVEL 3
valid_mosfet_seq_0616_80,PASSIVATION ETCH PAD OPENING,PASSIVATION ETCH,VIA ETCH,VIA ETCH THROUGH DIELECTRIC,DIELECTRIC ETCH VIA
valid_mosfet_seq_0617_60,MEASURE VIA CD,DEPOSIT BARRIER METAL,SPIN COAT PHOTORESIST,MEASURE GATE CD,DEPOSIT METAL 1
valid_mosfet_seq_0617_80,STRIP PHOTORESIST,STRIP RESIST,HARD BAKE,DEVELOP PHOTORESIST,PARAMETRIC TEST
valid_mosfet_seq_0618_60,MEASURE VIA CD,DEPOSIT BARRIER METAL,DEPOSIT METAL 1,SPIN COAT PHOTORESIST,MEASURE VIA RESISTANCE
valid_mosfet_seq_0618_80,PASSIVATION ETCH,PASSIVATION ETCH PAD OPENING,DEPOSIT PASSIVATION LAYER,DEPOSIT PASSIVATION,VIA ETCH
valid_mosfet_seq_0619_60,MEASURE VIA CD,DEPOSIT BARRIER METAL,SPIN COAT PHOTORESIST,DEPOSIT METAL 1,MEASURE GATE CD
valid_mosfet_seq_0619_80,STRIP PHOTORESIST,STRIP RESIST,HARD BAKE,DEVELOP PHOTORESIST,PARAMETRIC TEST
valid_mosfet_seq_0620_60,MEASURE VIA CD,DEPOSIT BARRIER METAL,DEPOSIT METAL 1,MEASURE VIA RESISTANCE,DEPOSIT TOP METAL
valid_mosfet_seq_0620_80,DEVELOP PAD WINDOW,DEVELOP PHOTORESIST,POST EXPOSE BAKE,HARD BAKE,PARAMETRIC TEST
valid_mosfet_seq_0621_60,MEASURE VIA CD,DEPOSIT BARRIER METAL,MEASURE GATE CD,MEASURE VIA RESISTANCE,SPIN COAT PHOTORESIST
valid_mosfet_seq_0621_80,STRIP PHOTORESIST,STRIP RESIST,HARD BAKE,DEVELOP PHOTORESIST,PARAMETRIC TEST
valid_mosfet_seq_0622_60,STRIP PHOTORESIST,STRIP RESIST,HARD BAKE,DEVELOP PHOTORESIST,PRE ANNEAL CHECK
valid_mosfet_seq_0622_80,PASSIVATION ETCH PAD OPENING,PASSIVATION ETCH,VIA ETCH,VIA ETCH THROUGH DIELECTRIC,DIELECTRIC ETCH VIA
valid_mosfet_seq_0623_60,CLEAN AFTER VIA ETCH,CLEAN AFTER ETCH,CLEAN AFTER METAL ETCH,CLEAN PAD OPENING,BACKSIDE ETCH CLEAN
valid_mosfet_seq_0623_80,PASSIVATION ETCH PAD OPENING,PASSIVATION ETCH,VIA ETCH THROUGH DIELECTRIC,VIA ETCH,DIELECTRIC ETCH VIA
valid_mosfet_seq_0624_60,MEASURE VIA CD,DEPOSIT BARRIER METAL,SPIN COAT PHOTORESIST,MEASURE METAL THICKNESS,MEASURE GATE CD
valid_mosfet_seq_0624_80,PASSIVATION ETCH,PASSIVATION ETCH PAD OPENING,MEASURE PASSIVATION THICKNESS,SWITCHING TEST,MEASURE PASSIVATION QUALITY
valid_mosfet_seq_0625_60,HARD BAKE,DIELECTRIC ETCH VIA,VIA ETCH,VIA ETCH THROUGH DIELECTRIC,METAL ETCH
valid_mosfet_seq_0625_80,PASSIVATION ETCH PAD OPENING,PASSIVATION ETCH,VIA ETCH,VIA ETCH THROUGH DIELECTRIC,DIELECTRIC ETCH VIA
valid_mosfet_seq_0626_60,STRIP PHOTORESIST,STRIP RESIST,HARD BAKE,DEVELOP PHOTORESIST,PRE ANNEAL CHECK
valid_mosfet_seq_0626_80,DEVELOP PAD WINDOW,DEVELOP PHOTORESIST,POST EXPOSE BAKE,PARAMETRIC TEST,OPEN PAD WINDOW LITHO
valid_mosfet_seq_0627_60,MEASURE VIA CD,DEPOSIT BARRIER METAL,MEASURE GATE CD,DEPOSIT METAL 1,MEASURE OPENING CD
valid_mosfet_seq_0627_80,PASSIVATION ETCH,PASSIVATION ETCH PAD OPENING,SWITCHING TEST,VIA ETCH THROUGH DIELECTRIC,MEASURE PASSIVATION QUALITY
valid_mosfet_seq_0628_60,MEASURE VIA CD,DEPOSIT BARRIER METAL,MEASURE VIA RESISTANCE,MEASURE GATE CD,DEPOSIT METAL 1
valid_mosfet_seq_0628_80,PASSIVATION ETCH PAD OPENING,PASSIVATION ETCH,VIA ETCH THROUGH DIELECTRIC,VIA ETCH,OXIDE ETCH
valid_mosfet_seq_0629_60,DEPOSIT METAL SEED,BACKSIDE GRIND,BACKSIDE DRY,POLYSILICON ANNEAL,BACKSIDE RINSE
valid_mosfet_seq_0629_80,STRIP PHOTORESIST,STRIP RESIST,DEVELOP PHOTORESIST,HARD BAKE,PARAMETRIC TEST
valid_mosfet_seq_0630_60,STRIP PHOTORESIST,STRIP RESIST,HARD BAKE,DEVELOP PHOTORESIST,PRE ANNEAL CHECK
valid_mosfet_seq_0630_80,DEVELOP PHOTORESIST,DEVELOP PAD WINDOW,POST EXPOSE BAKE,HARD BAKE,OPEN PAD WINDOW LITHO
valid_mosfet_seq_0631_60,DEPOSIT BARRIER METAL,MEASURE VIA CD,BACKSIDE ETCH CLEAN,DEPOSIT METAL 1,DEPOSIT TOP METAL
valid_mosfet_seq_0631_80,PASSIVATION ETCH PAD OPENING,PASSIVATION ETCH,VIA ETCH THROUGH DIELECTRIC,SWITCHING TEST,VIA ETCH
valid_mosfet_seq_0632_60,MEASURE VIA CD,DEPOSIT BARRIER METAL,MEASURE GATE CD,DEPOSIT METAL 1,SPIN COAT PHOTORESIST
valid_mosfet_seq_0632_80,CLEAN PAD OPENING,BACKSIDE ETCH CLEAN,BACKSIDE GRIND,CLEAN AFTER VIA ETCH,CLEAN AFTER POLY ETCH
valid_mosfet_seq_0633_60,DEPOSIT METAL SEED,BACKSIDE GRIND,POLYSILICON ANNEAL,BACKSIDE DRY,SHIP LOT
valid_mosfet_seq_0633_80,CLEAN PAD OPENING,BACKSIDE GRIND,BACKSIDE ETCH CLEAN,BACKSIDE RINSE,BACKSIDE DRY
valid_mosfet_seq_0634_60,CLEAN AFTER VIA ETCH,CLEAN AFTER ETCH,CLEAN AFTER METAL ETCH,CLEAN PAD OPENING,CLEAN AFTER POLY ETCH
valid_mosfet_seq_0634_80,PASSIVATION ETCH,PASSIVATION ETCH PAD OPENING,SWITCHING TEST,VIA ETCH THROUGH DIELECTRIC,OXIDE ETCH
valid_mosfet_seq_0635_60,STRIP PHOTORESIST,STRIP RESIST,HARD BAKE,DEVELOP PHOTORESIST,DENSIFY DIELECTRIC
valid_mosfet_seq_0635_80,STRIP PHOTORESIST,STRIP RESIST,HARD BAKE,DEVELOP PHOTORESIST,PARAMETRIC TEST
valid_mosfet_seq_0636_60,DEPOSIT BARRIER METAL,MEASURE VIA CD,BACKSIDE ETCH CLEAN,DEPOSIT PASSIVATION,DEPOSIT METAL 1
valid_mosfet_seq_0636_80,CLEAN PAD OPENING,BACKSIDE GRIND,CLEAN AFTER VIA ETCH,BACKSIDE ETCH CLEAN,CLEAN AFTER POLY ETCH
valid_mosfet_seq_0637_60,CLEAN AFTER VIA ETCH,CLEAN AFTER ETCH,CLEAN AFTER METAL ETCH,CLEAN PAD OPENING,DEPOSIT METAL SEED
valid_mosfet_seq_0637_80,PASSIVATION ETCH,PASSIVATION ETCH PAD OPENING,VIA ETCH THROUGH DIELECTRIC,VIA ETCH,DIELECTRIC ETCH VIA
valid_mosfet_seq_0638_60,MEASURE VIA CD,DEPOSIT BARRIER METAL,MEASURE GATE CD,SPIN COAT PHOTORESIST,DEPOSIT METAL 1
valid_mosfet_seq_0638_80,PASSIVATION ETCH,PASSIVATION ETCH PAD OPENING,VIA ETCH,VIA ETCH THROUGH DIELECTRIC,DIELECTRIC ETCH VIA
valid_mosfet_seq_0639_60,CLEAN AFTER VIA ETCH,CLEAN AFTER ETCH,CLEAN PAD OPENING,ALIGN MASK LEVEL 3,CLEAN AFTER POLY ETCH
valid_mosfet_seq_0639_80,PASSIVATION ETCH,PASSIVATION ETCH PAD OPENING,MEASURE PASSIVATION THICKNESS,MEASURE PASSIVATION QUALITY,SWITCHING TEST
valid_mosfet_seq_0640_60,CLEAN AFTER VIA ETCH,CLEAN AFTER ETCH,ALIGN MASK LEVEL 3,BACKSIDE ETCH CLEAN,CLEAN PAD OPENING
valid_mosfet_seq_0640_80,STRIP PHOTORESIST,STRIP RESIST,HARD BAKE,DEVELOP PHOTORESIST,PARAMETRIC TEST
valid_mosfet_seq_0641_60,DEPOSIT BARRIER METAL,MEASURE VIA CD,DEPOSIT POLYSILICON,DEPOSIT METAL 1,IMPLANT WELL
valid_mosfet_seq_0641_80,STRIP PHOTORESIST,STRIP RESIST,HARD BAKE,DEVELOP PHOTORESIST,PARAMETRIC TEST
valid_mosfet_seq_0642_60,DEPOSIT BARRIER METAL,MEASURE VIA CD,IMPLANT WELL,BACKSIDE ETCH CLEAN,DEPOSIT POLYSILICON
valid_mosfet_seq_0642_80,STRIP PHOTORESIST,STRIP RESIST,HARD BAKE,DEVELOP PHOTORESIST,PRE ANNEAL CHECK
valid_mosfet_seq_0643_60,CLEAN AFTER VIA ETCH,CLEAN AFTER ETCH,CLEAN AFTER METAL ETCH,RCA CLEAN 2,WET CLEAN RCA2
valid_mosfet_seq_0643_80,PASSIVATION ETCH,PASSIVATION ETCH PAD OPENING,MEASURE PASSIVATION THICKNESS,MEASURE PASSIVATION QUALITY,VIA ETCH THROUGH DIELECTRIC
valid_mosfet_seq_0644_60,MEASURE VIA CD,DEPOSIT BARRIER METAL,DEPOSIT METAL 1,MEASURE VIA RESISTANCE,DEPOSIT TOP METAL
valid_mosfet_seq_0644_80,STRIP PHOTORESIST,STRIP RESIST,HARD BAKE,DEVELOP PHOTORESIST,PARAMETRIC TEST
valid_mosfet_seq_0645_60,DEPOSIT BARRIER METAL,MEASURE VIA CD,DEPOSIT METAL 1,DEPOSIT TOP METAL,BACKSIDE ETCH CLEAN
valid_mosfet_seq_0645_80,CLEAN PAD OPENING,BACKSIDE ETCH CLEAN,CLEAN AFTER ETCH,BACKSIDE RINSE,BACKSIDE GRIND
valid_mosfet_seq_0646_60,MEASURE VIA CD,DEPOSIT BARRIER METAL,MEASURE GATE CD,MEASURE SHEET RESISTANCE,MEASURE OPENING CD
valid_mosfet_seq_0646_80,STRIP PHOTORESIST,STRIP RESIST,DEVELOP PHOTORESIST,HARD BAKE,PARAMETRIC TEST
valid_mosfet_seq_0647_60,DEPOSIT METAL SEED,POLYSILICON ANNEAL,BACKSIDE GRIND,BACKSIDE DRY,CLEAN AFTER VIA ETCH
valid_mosfet_seq_0647_80,STRIP RESIST,STRIP PHOTORESIST,HARD BAKE,DEVELOP PHOTORESIST,PARAMETRIC TEST
valid_mosfet_seq_0648_60,DEPOSIT BARRIER METAL,MEASURE VIA CD,IMPLANT WELL,DEPOSIT POLYSILICON,DEPOSIT PASSIVATION
valid_mosfet_seq_0648_80,STRIP PHOTORESIST,STRIP RESIST,HARD BAKE,DEVELOP PHOTORESIST,PARAMETRIC TEST
valid_mosfet_seq_0649_60,DEPOSIT BARRIER METAL,MEASURE VIA CD,BACKSIDE ETCH CLEAN,DEPOSIT PASSIVATION,DEPOSIT PASSIVATION LAYER
valid_mosfet_seq_0649_80,DEVELOP PAD WINDOW,DEVELOP PHOTORESIST,POST EXPOSE BAKE,OPEN PAD WINDOW LITHO,PAD WINDOW LITHO
valid_mosfet_seq_0650_60,STRIP PHOTORESIST,STRIP RESIST,HARD BAKE,DEVELOP PHOTORESIST,PRE ANNEAL CHECK
valid_mosfet_seq_0650_80,DEVELOP PAD WINDOW,DEVELOP PHOTORESIST,POST EXPOSE BAKE,PARAMETRIC TEST,OPEN PAD WINDOW LITHO
valid_mosfet_seq_0651_60,DEPOSIT BARRIER METAL,MEASURE VIA CD,BACKSIDE ETCH CLEAN,DEPOSIT METAL 1,DEPOSIT PASSIVATION
valid_mosfet_seq_0651_80,PASSIVATION ETCH PAD OPENING,PASSIVATION ETCH,VIA ETCH,VIA ETCH THROUGH DIELECTRIC,DIELECTRIC ETCH VIA
valid_mosfet_seq_0652_60,MEASURE VIA CD,DEPOSIT BARRIER METAL,DEPOSIT METAL 1,MEASURE VIA RESISTANCE,DEPOSIT TOP METAL
valid_mosfet_seq_0652_80,PASSIVATION ETCH PAD OPENING,PASSIVATION ETCH,DEPOSIT PASSIVATION LAYER,VIA ETCH THROUGH DIELECTRIC,DIELECTRIC ETCH VIA
valid_mosfet_seq_0653_60,CLEAN AFTER VIA ETCH,CLEAN AFTER ETCH,CLEAN AFTER METAL ETCH,CLEAN PAD OPENING,CLEAN AFTER POLY ETCH
valid_mosfet_seq_0653_80,DEVELOP PHOTORESIST,DEVELOP PAD WINDOW,POST EXPOSE BAKE,OPEN PAD WINDOW LITHO,OPEN PAD WINDOW
valid_mosfet_seq_0654_60,DIELECTRIC ETCH VIA,VIA ETCH THROUGH DIELECTRIC,VIA ETCH,HARD BAKE,METAL ETCH
valid_mosfet_seq_0654_80,DEVELOP PHOTORESIST,DEVELOP PAD WINDOW,POST EXPOSE BAKE,PARAMETRIC TEST,OPEN PAD WINDOW LITHO
valid_mosfet_seq_0655_60,STRIP RESIST,STRIP PHOTORESIST,HARD BAKE,DEVELOP PHOTORESIST,PRE ANNEAL CHECK
valid_mosfet_seq_0655_80,DEVELOP PHOTORESIST,DEVELOP PAD WINDOW,POST EXPOSE BAKE,PARAMETRIC TEST,OPEN PAD WINDOW LITHO
valid_mosfet_seq_0656_60,CLEAN AFTER VIA ETCH,CLEAN AFTER ETCH,CLEAN PAD OPENING,CLEAN AFTER POLY ETCH,CLEAN AFTER METAL ETCH
valid_mosfet_seq_0656_80,STRIP PHOTORESIST,STRIP RESIST,HARD BAKE,DEVELOP PHOTORESIST,PARAMETRIC TEST
valid_mosfet_seq_0657_60,CLEAN AFTER VIA ETCH,CLEAN AFTER ETCH,CLEAN AFTER METAL ETCH,BACKSIDE ETCH CLEAN,CLEAN PAD OPENING
valid_mosfet_seq_0657_80,PASSIVATION ETCH,PASSIVATION ETCH PAD OPENING,SWITCHING TEST,VIA ETCH THROUGH DIELECTRIC,VIA ETCH
valid_mosfet_seq_0658_60,DEPOSIT BARRIER METAL,MEASURE VIA CD,BACKSIDE ETCH CLEAN,DEPOSIT PASSIVATION,DEPOSIT PASSIVATION LAYER
valid_mosfet_seq_0658_80,STRIP RESIST,STRIP PHOTORESIST,HARD BAKE,DEVELOP PHOTORESIST,PARAMETRIC TEST
valid_mosfet_seq_0659_60,CLEAN AFTER VIA ETCH,CLEAN AFTER ETCH,BACKSIDE ETCH CLEAN,CLEAN PAD OPENING,CLEAN AFTER METAL ETCH
valid_mosfet_seq_0659_80,PASSIVATION ETCH,PASSIVATION ETCH PAD OPENING,VIA ETCH THROUGH DIELECTRIC,DEPOSIT PASSIVATION LAYER,VIA ETCH
valid_mosfet_seq_0660_60,CLEAN AFTER VIA ETCH,CLEAN AFTER ETCH,CLEAN AFTER METAL ETCH,CLEAN PAD OPENING,CLEAN AFTER POLY ETCH
valid_mosfet_seq_0660_80,DEVELOP PHOTORESIST,DEVELOP PAD WINDOW,POST EXPOSE BAKE,OPEN PAD WINDOW LITHO,PAD WINDOW LITHO
valid_mosfet_seq_0661_60,CLEAN AFTER VIA ETCH,CLEAN AFTER ETCH,CLEAN AFTER METAL ETCH,CLEAN PAD OPENING,BACKSIDE ETCH CLEAN
valid_mosfet_seq_0661_80,PASSIVATION ETCH,PASSIVATION ETCH PAD OPENING,MEASURE PASSIVATION THICKNESS,MEASURE PASSIVATION QUALITY,SWITCHING TEST
valid_mosfet_seq_0662_60,MEASURE VIA CD,DEPOSIT BARRIER METAL,DEPOSIT METAL 1,MEASURE GATE CD,MEASURE VIA RESISTANCE
valid_mosfet_seq_0662_80,PASSIVATION ETCH,PASSIVATION ETCH PAD OPENING,SWITCHING TEST,VIA ETCH THROUGH DIELECTRIC,VIA ETCH
valid_mosfet_seq_0663_60,STRIP PHOTORESIST,STRIP RESIST,HARD BAKE,DEVELOP PHOTORESIST,POST EXPOSE BAKE
valid_mosfet_seq_0663_80,PASSIVATION ETCH PAD OPENING,PASSIVATION ETCH,VIA ETCH THROUGH DIELECTRIC,VIA ETCH,DIELECTRIC ETCH VIA
valid_mosfet_seq_0664_60,CLEAN AFTER VIA ETCH,CLEAN AFTER ETCH,CLEAN AFTER METAL ETCH,CLEAN PAD OPENING,ALIGN MASK LEVEL 3
valid_mosfet_seq_0664_80,STRIP PHOTORESIST,STRIP RESIST,HARD BAKE,DEVELOP PHOTORESIST,PARAMETRIC TEST
valid_mosfet_seq_0665_60,STRIP PHOTORESIST,STRIP RESIST,HARD BAKE,DEVELOP PHOTORESIST,RCA CLEAN 1
valid_mosfet_seq_0665_80,DEVELOP PHOTORESIST,DEVELOP PAD WINDOW,POST EXPOSE BAKE,OPEN PAD WINDOW LITHO,MEASURE SHEET RESISTANCE
valid_mosfet_seq_0666_60,MEASURE VIA CD,DEPOSIT BARRIER METAL,MEASURE OPENING CD,SPIN COAT PHOTORESIST,MEASURE GATE CD
valid_mosfet_seq_0666_80,PASSIVATION ETCH PAD OPENING,PASSIVATION ETCH,MEASURE PASSIVATION THICKNESS,MEASURE PASSIVATION QUALITY,VIA ETCH THROUGH DIELECTRIC
valid_mosfet_seq_0667_60,STRIP PHOTORESIST,STRIP RESIST,HARD BAKE,DEVELOP PHOTORESIST,PRE ANNEAL CHECK
valid_mosfet_seq_0667_80,DEVELOP PAD WINDOW,DEVELOP PHOTORESIST,POST EXPOSE BAKE,OPEN PAD WINDOW LITHO,PAD WINDOW LITHO
valid_mosfet_seq_0668_60,CLEAN AFTER VIA ETCH,CLEAN AFTER ETCH,CLEAN AFTER METAL ETCH,CLEAN PAD OPENING,CLEAN AFTER POLY ETCH
valid_mosfet_seq_0668_80,STRIP RESIST,STRIP PHOTORESIST,HARD BAKE,DEVELOP PHOTORESIST,PARAMETRIC TEST
valid_mosfet_seq_0669_60,DEPOSIT BARRIER METAL,MEASURE VIA CD,BACKSIDE ETCH CLEAN,DEPOSIT METAL 1,DEPOSIT PASSIVATION
valid_mosfet_seq_0669_80,PASSIVATION ETCH PAD OPENING,PASSIVATION ETCH,SWITCHING TEST,MEASURE PASSIVATION THICKNESS,MEASURE PASSIVATION QUALITY
valid_mosfet_seq_0670_60,CLEAN AFTER VIA ETCH,CLEAN AFTER ETCH,CLEAN PAD OPENING,CLEAN AFTER METAL ETCH,CLEAN AFTER POLY ETCH
valid_mosfet_seq_0670_80,PASSIVATION ETCH PAD OPENING,PASSIVATION ETCH,VIA ETCH THROUGH DIELECTRIC,VIA ETCH,DIELECTRIC ETCH VIA
valid_mosfet_seq_0671_60,MEASURE VIA CD,DEPOSIT BARRIER METAL,DEPOSIT METAL 1,MEASURE VIA RESISTANCE,DEPOSIT TOP METAL
valid_mosfet_seq_0671_80,PASSIVATION ETCH,PASSIVATION ETCH PAD OPENING,MEASURE PASSIVATION THICKNESS,MEASURE PASSIVATION QUALITY,SWITCHING TEST
valid_mosfet_seq_0672_60,MEASURE VIA CD,DEPOSIT BARRIER METAL,MEASURE GATE CD,MEASURE VIA RESISTANCE,DEPOSIT METAL 1
valid_mosfet_seq_0672_80,PASSIVATION ETCH,PASSIVATION ETCH PAD OPENING,SWITCHING TEST,MEASURE PASSIVATION THICKNESS,MEASURE PASSIVATION QUALITY
valid_mosfet_seq_0673_60,MEASURE VIA CD,DEPOSIT BARRIER METAL,MEASURE SHEET RESISTANCE,DEPOSIT METAL 1,SPIN COAT PHOTORESIST
valid_mosfet_seq_0673_80,STRIP PHOTORESIST,STRIP RESIST,HARD BAKE,DEVELOP PHOTORESIST,PARAMETRIC TEST
valid_mosfet_seq_0674_60,DEPOSIT BARRIER METAL,MEASURE VIA CD,BACKSIDE ETCH CLEAN,DEPOSIT PASSIVATION,IMPLANT WELL
valid_mosfet_seq_0674_80,CLEAN PAD OPENING,BACKSIDE GRIND,BACKSIDE ETCH CLEAN,MEASURE PAD OPENING,CLEAN AFTER VIA ETCH
valid_mosfet_seq_0675_60,MEASURE VIA CD,DEPOSIT BARRIER METAL,MEASURE GATE CD,DEPOSIT METAL 1,MEASURE SHEET RESISTANCE
valid_mosfet_seq_0675_80,PASSIVATION ETCH PAD OPENING,PASSIVATION ETCH,SWITCHING TEST,THRESHOLD VOLTAGE TEST,MEASURE PASSIVATION THICKNESS
valid_mosfet_seq_0676_60,DEPOSIT METAL SEED,BACKSIDE GRIND,POLYSILICON ANNEAL,BACKSIDE DRY,SHIP LOT
valid_mosfet_seq_0676_80,CLEAN PAD OPENING,BACKSIDE ETCH CLEAN,CLEAN AFTER ETCH,BACKSIDE GRIND,CLEAN AFTER METAL ETCH
valid_mosfet_seq_0677_60,CLEAN AFTER VIA ETCH,CLEAN AFTER ETCH,CLEAN PAD OPENING,CLEAN AFTER METAL ETCH,BACKSIDE ETCH CLEAN
valid_mosfet_seq_0677_80,STRIP PHOTORESIST,STRIP RESIST,HARD BAKE,DEVELOP PHOTORESIST,PARAMETRIC TEST
valid_mosfet_seq_0678_60,CLEAN AFTER VIA ETCH,CLEAN AFTER ETCH,CLEAN AFTER METAL ETCH,CLEAN PAD OPENING,BACKSIDE ETCH CLEAN
valid_mosfet_seq_0678_80,CLEAN PAD OPENING,BACKSIDE GRIND,BACKSIDE ETCH CLEAN,BACKSIDE RINSE,CLEAN AFTER ETCH
valid_mosfet_seq_0679_60,DEPOSIT METAL SEED,BACKSIDE GRIND,POLYSILICON ANNEAL,BACKSIDE DRY,SHIP LOT
valid_mosfet_seq_0679_80,PASSIVATION ETCH,PASSIVATION ETCH PAD OPENING,VIA ETCH THROUGH DIELECTRIC,OXIDE ETCH,SWITCHING TEST
valid_mosfet_seq_0680_60,CLEAN AFTER VIA ETCH,CLEAN AFTER ETCH,CLEAN PAD OPENING,CLEAN AFTER METAL ETCH,CLEAN AFTER POLY ETCH
valid_mosfet_seq_0680_80,STRIP PHOTORESIST,STRIP RESIST,HARD BAKE,DEVELOP PHOTORESIST,PARAMETRIC TEST
valid_mosfet_seq_0681_60,STRIP PHOTORESIST,STRIP RESIST,HARD BAKE,DEVELOP PHOTORESIST,RCA CLEAN 1
valid_mosfet_seq_0681_80,PASSIVATION ETCH PAD OPENING,PASSIVATION ETCH,VIA ETCH THROUGH DIELECTRIC,VIA ETCH,DIELECTRIC ETCH VIA
valid_mosfet_seq_0682_60,STRIP PHOTORESIST,STRIP RESIST,HARD BAKE,DEVELOP PHOTORESIST,PARAMETRIC TEST
valid_mosfet_seq_0682_80,PASSIVATION ETCH,PASSIVATION ETCH PAD OPENING,VIA ETCH THROUGH DIELECTRIC,VIA ETCH,DIELECTRIC ETCH VIA
valid_mosfet_seq_0683_60,DEPOSIT BARRIER METAL,MEASURE VIA CD,BACKSIDE ETCH CLEAN,DEPOSIT PASSIVATION,DEPOSIT PASSIVATION LAYER
valid_mosfet_seq_0683_80,PASSIVATION ETCH,PASSIVATION ETCH PAD OPENING,VIA ETCH THROUGH DIELECTRIC,VIA ETCH,DIELECTRIC ETCH VIA
valid_mosfet_seq_0684_60,CLEAN AFTER VIA ETCH,CLEAN AFTER ETCH,CLEAN AFTER METAL ETCH,CLEAN PAD OPENING,RCA CLEAN 2
valid_mosfet_seq_0684_80,PASSIVATION ETCH PAD OPENING,PASSIVATION ETCH,SWITCHING TEST,VIA ETCH THROUGH DIELECTRIC,VIA ETCH
valid_mosfet_seq_0685_60,MEASURE VIA CD,DEPOSIT BARRIER METAL,MEASURE GATE CD,MEASURE SHEET RESISTANCE,MEASURE OPENING CD
valid_mosfet_seq_0685_80,PASSIVATION ETCH,PASSIVATION ETCH PAD OPENING,SWITCHING TEST,MEASURE PASSIVATION THICKNESS,MEASURE PASSIVATION QUALITY
valid_mosfet_seq_0686_60,CLEAN AFTER VIA ETCH,CLEAN AFTER ETCH,BACKSIDE ETCH CLEAN,CLEAN PAD OPENING,CLEAN AFTER METAL ETCH
valid_mosfet_seq_0686_80,PASSIVATION ETCH,PASSIVATION ETCH PAD OPENING,SWITCHING TEST,MEASURE PASSIVATION THICKNESS,MEASURE PASSIVATION QUALITY
valid_mosfet_seq_0687_60,MEASURE VIA CD,DEPOSIT BARRIER METAL,MEASURE SHEET RESISTANCE,SPIN COAT PHOTORESIST,MEASURE GATE CD
valid_mosfet_seq_0687_80,CLEAN PAD OPENING,BACKSIDE ETCH CLEAN,BACKSIDE GRIND,CLEAN AFTER VIA ETCH,CLEAN AFTER ETCH
valid_mosfet_seq_0688_60,DEPOSIT BARRIER METAL,MEASURE VIA CD,BACKSIDE ETCH CLEAN,IMPLANT WELL,DEPOSIT METAL 1
valid_mosfet_seq_0688_80,CLEAN PAD OPENING,BACKSIDE ETCH CLEAN,BACKSIDE GRIND,CLEAN AFTER ETCH,MEASURE PAD OPENING
valid_mosfet_seq_0689_60,STRIP PHOTORESIST,STRIP RESIST,HARD BAKE,DEVELOP PHOTORESIST,PRE ANNEAL CHECK
valid_mosfet_seq_0689_80,DEVELOP PAD WINDOW,DEVELOP PHOTORESIST,POST EXPOSE BAKE,OPEN PAD WINDOW LITHO,PAD WINDOW LITHO
valid_mosfet_seq_0690_60,DEPOSIT BARRIER METAL,MEASURE VIA CD,BACKSIDE ETCH CLEAN,IMPLANT WELL,DEPOSIT PASSIVATION
valid_mosfet_seq_0690_80,STRIP RESIST,STRIP PHOTORESIST,DEVELOP PHOTORESIST,HARD BAKE,PARAMETRIC TEST
valid_mosfet_seq_0691_60,DEPOSIT BARRIER METAL,MEASURE VIA CD,DEPOSIT PASSIVATION,DEPOSIT METAL 1,DEPOSIT PASSIVATION LAYER
valid_mosfet_seq_0691_80,CLEAN PAD OPENING,BACKSIDE GRIND,BACKSIDE ETCH CLEAN,CLEAN AFTER VIA ETCH,CLEAN AFTER POLY ETCH
valid_mosfet_seq_0692_60,STRIP RESIST,STRIP PHOTORESIST,HARD BAKE,DEVELOP PHOTORESIST,RCA CLEAN 1
valid_mosfet_seq_0692_80,DEVELOP PHOTORESIST,DEVELOP PAD WINDOW,POST EXPOSE BAKE,OPEN PAD WINDOW LITHO,PAD WINDOW LITHO
valid_mosfet_seq_0693_60,MEASURE VIA CD,DEPOSIT BARRIER METAL,MEASURE OPENING CD,MEASURE GATE CD,SPIN COAT PHOTORESIST
valid_mosfet_seq_0693_80,PASSIVATION ETCH,PASSIVATION ETCH PAD OPENING,SWITCHING TEST,VIA ETCH THROUGH DIELECTRIC,VIA ETCH
valid_mosfet_seq_0694_60,VIA ETCH THROUGH DIELECTRIC,VIA ETCH,DIELECTRIC ETCH VIA,HARD BAKE,DEPOSIT INTERLAYER DIELECTRIC
valid_mosfet_seq_0694_80,STRIP PHOTORESIST,STRIP RESIST,HARD BAKE,DEVELOP PHOTORESIST,PARAMETRIC TEST
valid_mosfet_seq_0695_60,DEPOSIT METAL SEED,BACKSIDE GRIND,POLYSILICON ANNEAL,BACKSIDE DRY,DEPOSIT BARRIER METAL
valid_mosfet_seq_0695_80,PASSIVATION ETCH,PASSIVATION ETCH PAD OPENING,VIA ETCH,VIA ETCH THROUGH DIELECTRIC,DIELECTRIC ETCH VIA
valid_mosfet_seq_0696_60,MEASURE VIA CD,DEPOSIT BARRIER METAL,SPIN COAT PHOTORESIST,DEPOSIT METAL 1,MEASURE GATE CD
valid_mosfet_seq_0696_80,STRIP PHOTORESIST,STRIP RESIST,HARD BAKE,DEVELOP PHOTORESIST,BACKSIDE CLEAN
valid_mosfet_seq_0697_60,MEASURE VIA CD,DEPOSIT BARRIER METAL,MEASURE SHEET RESISTANCE,MEASURE GATE CD,SPIN COAT PHOTORESIST
valid_mosfet_seq_0697_80,STRIP RESIST,STRIP PHOTORESIST,DEVELOP PHOTORESIST,HARD BAKE,RCA CLEAN 1
valid_mosfet_seq_0698_60,CLEAN AFTER VIA ETCH,CLEAN AFTER ETCH,CLEAN PAD OPENING,CLEAN AFTER METAL ETCH,RCA CLEAN 2
valid_mosfet_seq_0698_80,PASSIVATION ETCH PAD OPENING,PASSIVATION ETCH,VIA ETCH THROUGH DIELECTRIC,VIA ETCH,DIELECTRIC ETCH VIA
valid_mosfet_seq_0699_60,MEASURE VIA CD,DEPOSIT BARRIER METAL,MEASURE GATE CD,SPIN COAT PHOTORESIST,MEASURE SHEET RESISTANCE
valid_mosfet_seq_0699_80,PASSIVATION ETCH PAD OPENING,PASSIVATION ETCH,SHIP LOT,SWITCHING TEST,OXIDE ETCH
valid_mosfet_seq_0700_60,DEPOSIT BARRIER METAL,MEASURE VIA CD,BACKSIDE ETCH CLEAN,IMPLANT WELL,DEPOSIT METAL 1
valid_mosfet_seq_0700_80,CLEAN PAD OPENING,BACKSIDE ETCH CLEAN,BACKSIDE GRIND,BACKSIDE RINSE,MEASURE PAD OPENING
valid_mosfet_seq_0701_60,MEASURE VIA CD,DEPOSIT BARRIER METAL,SPIN COAT PHOTORESIST,DEPOSIT METAL 1,MEASURE SHEET RESISTANCE
valid_mosfet_seq_0701_80,PASSIVATION ETCH,PASSIVATION ETCH PAD OPENING,SWITCHING TEST,VIA ETCH THROUGH DIELECTRIC,VIA ETCH
valid_mosfet_seq_0702_60,CLEAN AFTER VIA ETCH,CLEAN AFTER ETCH,CLEAN PAD OPENING,CLEAN AFTER METAL ETCH,ALIGN MASK LEVEL 3
valid_mosfet_seq_0702_80,DEVELOP PHOTORESIST,DEVELOP PAD WINDOW,POST EXPOSE BAKE,OPEN PAD WINDOW LITHO,HARD BAKE
valid_mosfet_seq_0703_60,MEASURE VIA CD,DEPOSIT BARRIER METAL,MEASURE SHEET RESISTANCE,SPIN COAT PHOTORESIST,DEPOSIT METAL 1
valid_mosfet_seq_0703_80,PASSIVATION ETCH,PASSIVATION ETCH PAD OPENING,VIA ETCH,VIA ETCH THROUGH DIELECTRIC,DIELECTRIC ETCH VIA
valid_mosfet_seq_0704_60,MEASURE VIA CD,DEPOSIT BARRIER METAL,SPIN COAT PHOTORESIST,DEPOSIT METAL 1,MEASURE METAL THICKNESS
valid_mosfet_seq_0704_80,STRIP PHOTORESIST,STRIP RESIST,HARD BAKE,DEVELOP PHOTORESIST,PARAMETRIC TEST
valid_mosfet_seq_0705_60,DEPOSIT BARRIER METAL,MEASURE VIA CD,BACKSIDE ETCH CLEAN,DEPOSIT METAL 1,DEPOSIT PASSIVATION
valid_mosfet_seq_0705_80,STRIP RESIST,STRIP PHOTORESIST,DEVELOP PHOTORESIST,HARD BAKE,PARAMETRIC TEST
valid_mosfet_seq_0706_60,DEPOSIT BARRIER METAL,MEASURE VIA CD,BACKSIDE ETCH CLEAN,DEPOSIT PASSIVATION,DEPOSIT PASSIVATION LAYER
valid_mosfet_seq_0706_80,STRIP PHOTORESIST,STRIP RESIST,HARD BAKE,DEVELOP PHOTORESIST,PARAMETRIC TEST
valid_mosfet_seq_0707_60,STRIP PHOTORESIST,STRIP RESIST,HARD BAKE,DEVELOP PHOTORESIST,PARAMETRIC TEST
valid_mosfet_seq_0707_80,PASSIVATION ETCH,PASSIVATION ETCH PAD OPENING,SWITCHING TEST,VIA ETCH THROUGH DIELECTRIC,VIA ETCH
valid_mosfet_seq_0708_60,CLEAN AFTER VIA ETCH,CLEAN AFTER ETCH,CLEAN PAD OPENING,WET CLEAN RCA2,RCA CLEAN 2
valid_mosfet_seq_0708_80,STRIP RESIST,STRIP PHOTORESIST,HARD BAKE,DEVELOP PHOTORESIST,PARAMETRIC TEST
valid_mosfet_seq_0709_60,STRIP PHOTORESIST,STRIP RESIST,HARD BAKE,DEVELOP PHOTORESIST,BACKSIDE CLEAN
valid_mosfet_seq_0709_80,DEVELOP PAD WINDOW,DEVELOP PHOTORESIST,POST EXPOSE BAKE,OPEN PAD WINDOW LITHO,PAD WINDOW LITHO
valid_mosfet_seq_0710_60,CLEAN AFTER VIA ETCH,CLEAN AFTER ETCH,CLEAN AFTER METAL ETCH,BACKSIDE ETCH CLEAN,CLEAN PAD OPENING
valid_mosfet_seq_0710_80,PASSIVATION ETCH,PASSIVATION ETCH PAD OPENING,SWITCHING TEST,VIA ETCH THROUGH DIELECTRIC,VIA ETCH
valid_mosfet_seq_0711_60,DEPOSIT BARRIER METAL,MEASURE VIA CD,BACKSIDE ETCH CLEAN,IMPLANT WELL,DEPOSIT METAL 1
valid_mosfet_seq_0711_80,STRIP PHOTORESIST,STRIP RESIST,HARD BAKE,DEVELOP PHOTORESIST,PRE ANNEAL CHECK
valid_mosfet_seq_0712_60,MEASURE VIA CD,DEPOSIT BARRIER METAL,MEASURE GATE CD,MEASURE VIA RESISTANCE,DEPOSIT METAL 1
valid_mosfet_seq_0712_80,DEVELOP PAD WINDOW,DEVELOP PHOTORESIST,POST EXPOSE BAKE,OPEN PAD WINDOW LITHO,PARAMETRIC TEST
valid_mosfet_seq_0713_60,STRIP PHOTORESIST,STRIP RESIST,HARD BAKE,DEVELOP PHOTORESIST,PRE ANNEAL CHECK
valid_mosfet_seq_0713_80,DEVELOP PHOTORESIST,DEVELOP PAD WINDOW,POST EXPOSE BAKE,OPEN PAD WINDOW LITHO,PAD WINDOW LITHO
valid_mosfet_seq_0714_60,CLEAN AFTER VIA ETCH,CLEAN AFTER ETCH,CLEAN PAD OPENING,RCA CLEAN 2,WET CLEAN RCA2
valid_mosfet_seq_0714_80,CLEAN PAD OPENING,BACKSIDE GRIND,CLEAN AFTER VIA ETCH,BACKSIDE ETCH CLEAN,CLEAN AFTER POLY ETCH
valid_mosfet_seq_0715_60,MEASURE VIA CD,DEPOSIT BARRIER METAL,MEASURE GATE CD,SPIN COAT PHOTORESIST,MEASURE OPENING CD
valid_mosfet_seq_0715_80,STRIP RESIST,STRIP PHOTORESIST,DEVELOP PHOTORESIST,HARD BAKE,PARAMETRIC TEST
valid_mosfet_seq_0716_60,STRIP PHOTORESIST,STRIP RESIST,HARD BAKE,DEVELOP PHOTORESIST,PRE ANNEAL CHECK
valid_mosfet_seq_0716_80,STRIP PHOTORESIST,STRIP RESIST,HARD BAKE,DEVELOP PHOTORESIST,PRE ANNEAL CHECK
valid_mosfet_seq_0717_60,CLEAN AFTER VIA ETCH,CLEAN AFTER ETCH,RCA CLEAN 2,WET CLEAN RCA2,CLEAN PAD OPENING
valid_mosfet_seq_0717_80,PASSIVATION ETCH,PASSIVATION ETCH PAD OPENING,MEASURE PASSIVATION THICKNESS,MEASURE PASSIVATION QUALITY,VIA ETCH THROUGH DIELECTRIC
valid_mosfet_seq_0718_60,CLEAN AFTER VIA ETCH,CLEAN AFTER ETCH,CLEAN AFTER METAL ETCH,CLEAN PAD OPENING,RCA CLEAN 2
valid_mosfet_seq_0718_80,DEVELOP PHOTORESIST,DEVELOP PAD WINDOW,POST EXPOSE BAKE,OPEN PAD WINDOW LITHO,PAD WINDOW LITHO
valid_mosfet_seq_0719_60,MEASURE VIA CD,DEPOSIT BARRIER METAL,MEASURE GATE CD,MEASURE SHEET RESISTANCE,MEASURE OPENING CD
valid_mosfet_seq_0719_80,STRIP PHOTORESIST,STRIP RESIST,HARD BAKE,DEVELOP PHOTORESIST,PARAMETRIC TEST
valid_mosfet_seq_0720_60,STRIP PHOTORESIST,STRIP RESIST,HARD BAKE,DEVELOP PHOTORESIST,PRE ANNEAL CHECK
valid_mosfet_seq_0720_80,PASSIVATION ETCH PAD OPENING,PASSIVATION ETCH,VIA ETCH THROUGH DIELECTRIC,VIA ETCH,DIELECTRIC ETCH VIA
valid_mosfet_seq_0721_60,STRIP PHOTORESIST,STRIP RESIST,HARD BAKE,DEVELOP PHOTORESIST,PRE ANNEAL CHECK
valid_mosfet_seq_0721_80,PASSIVATION ETCH,PASSIVATION ETCH PAD OPENING,MEASURE PASSIVATION THICKNESS,VIA ETCH THROUGH DIELECTRIC,SWITCHING TEST
valid_mosfet_seq_0722_60,MEASURE VIA CD,DEPOSIT BARRIER METAL,SPIN COAT PHOTORESIST,DEPOSIT METAL 1,MEASURE GATE CD
valid_mosfet_seq_0722_80,CLEAN PAD OPENING,BACKSIDE GRIND,BACKSIDE ETCH CLEAN,CLEAN AFTER ETCH,MEASURE PAD OPENING
valid_mosfet_seq_0723_60,DEPOSIT BARRIER METAL,MEASURE VIA CD,DEPOSIT METAL 1,IMPLANT WELL,BACKSIDE ETCH CLEAN
valid_mosfet_seq_0723_80,STRIP PHOTORESIST,STRIP RESIST,HARD BAKE,DEVELOP PHOTORESIST,PRE ANNEAL CHECK
valid_mosfet_seq_0724_60,CLEAN AFTER VIA ETCH,CLEAN AFTER ETCH,CLEAN PAD OPENING,BACKSIDE ETCH CLEAN,ALIGN MASK LEVEL 3
valid_mosfet_seq_0724_80,PASSIVATION ETCH,PASSIVATION ETCH PAD OPENING,MEASURE PASSIVATION THICKNESS,MEASURE PASSIVATION QUALITY,SWITCHING TEST
valid_mosfet_seq_0725_60,MEASURE VIA CD,DEPOSIT BARRIER METAL,MEASURE GATE CD,MEASURE SHEET RESISTANCE,MEASURE VIA RESISTANCE
valid_mosfet_seq_0725_80,PASSIVATION ETCH,PASSIVATION ETCH PAD OPENING,MEASURE PASSIVATION THICKNESS,SWITCHING TEST,MEASURE PASSIVATION QUALITY
valid_mosfet_seq_0726_60,MEASURE VIA CD,DEPOSIT BARRIER METAL,DEPOSIT METAL 1,MEASURE LINE WIDTH,DEPOSIT PASSIVATION
valid_mosfet_seq_0726_80,CLEAN PAD OPENING,BACKSIDE GRIND,BACKSIDE ETCH CLEAN,MEASURE PAD OPENING,CLEAN AFTER VIA ETCH
valid_mosfet_seq_0727_60,CLEAN AFTER VIA ETCH,CLEAN AFTER ETCH,CLEAN PAD OPENING,CLEAN AFTER METAL ETCH,RCA CLEAN 2
valid_mosfet_seq_0727_80,PASSIVATION ETCH,PASSIVATION ETCH PAD OPENING,SWITCHING TEST,VIA ETCH THROUGH DIELECTRIC,VIA ETCH
valid_mosfet_seq_0728_60,STRIP PHOTORESIST,STRIP RESIST,HARD BAKE,DEVELOP PHOTORESIST,PRE ANNEAL CHECK
valid_mosfet_seq_0728_80,PASSIVATION ETCH,PASSIVATION ETCH PAD OPENING,OXIDE ETCH,VIA ETCH,DIELECTRIC ETCH VIA
valid_mosfet_seq_0729_60,MEASURE VIA CD,DEPOSIT BARRIER METAL,SPIN COAT PHOTORESIST,DEPOSIT METAL 1,MEASURE VIA RESISTANCE
valid_mosfet_seq_0729_80,PASSIVATION ETCH,PASSIVATION ETCH PAD OPENING,MEASURE PASSIVATION THICKNESS,MEASURE PASSIVATION QUALITY,SWITCHING TEST
valid_mosfet_seq_0730_60,CLEAN AFTER VIA ETCH,CLEAN AFTER ETCH,CLEAN AFTER METAL ETCH,CLEAN PAD OPENING,EPITAXY PREP
valid_mosfet_seq_0730_80,STRIP RESIST,STRIP PHOTORESIST,HARD BAKE,DEVELOP PHOTORESIST,PRE ANNEAL CHECK
valid_mosfet_seq_0731_60,DEPOSIT BARRIER METAL,MEASURE VIA CD,DEPOSIT PASSIVATION,DEPOSIT POLYSILICON,IMPLANT WELL
valid_mosfet_seq_0731_80,STRIP PHOTORESIST,STRIP RESIST,HARD BAKE,DEVELOP PHOTORESIST,PRE ANNEAL CHECK
valid_mosfet_seq_0732_60,CLEAN AFTER VIA ETCH,CLEAN AFTER ETCH,ALIGN MASK LEVEL 3,CLEAN PAD OPENING,CLEAN AFTER METAL ETCH
valid_mosfet_seq_0732_80,PASSIVATION ETCH PAD OPENING,PASSIVATION ETCH,VIA ETCH THROUGH DIELECTRIC,VIA ETCH,DIELECTRIC ETCH VIA
valid_mosfet_seq_0733_60,CLEAN AFTER VIA ETCH,CLEAN AFTER ETCH,CLEAN AFTER METAL ETCH,CLEAN PAD OPENING,CLEAN AFTER POLY ETCH
valid_mosfet_seq_0733_80,STRIP PHOTORESIST,STRIP RESIST,HARD BAKE,DEVELOP PHOTORESIST,PARAMETRIC TEST
valid_mosfet_seq_0734_60,MEASURE VIA CD,DEPOSIT BARRIER METAL,MEASURE GATE CD,MEASURE OPENING CD,SPIN COAT PHOTORESIST
valid_mosfet_seq_0734_80,PASSIVATION ETCH PAD OPENING,PASSIVATION ETCH,MEASURE PASSIVATION THICKNESS,MEASURE PASSIVATION QUALITY,VIA ETCH THROUGH DIELECTRIC
valid_mosfet_seq_0735_60,MEASURE VIA CD,DEPOSIT BARRIER METAL,MEASURE OPENING CD,MEASURE GATE CD,DEPOSIT METAL 1
valid_mosfet_seq_0735_80,STRIP RESIST,STRIP PHOTORESIST,HARD BAKE,DEVELOP PHOTORESIST,PARAMETRIC TEST
valid_mosfet_seq_0736_60,STRIP RESIST,STRIP PHOTORESIST,HARD BAKE,DEVELOP PHOTORESIST,PRE ANNEAL CHECK
valid_mosfet_seq_0736_80,PASSIVATION ETCH,PASSIVATION ETCH PAD OPENING,DIELECTRIC ETCH VIA,VIA ETCH THROUGH DIELECTRIC,VIA ETCH
valid_mosfet_seq_0737_60,MEASURE VIA CD,DEPOSIT BARRIER METAL,SPIN COAT PHOTORESIST,MEASURE METAL THICKNESS,DEPOSIT METAL 1
valid_mosfet_seq_0737_80,CLEAN PAD OPENING,BACKSIDE ETCH CLEAN,BACKSIDE GRIND,CLEAN AFTER POLY ETCH,CLEAN AFTER VIA ETCH
valid_mosfet_seq_0738_60,MEASURE VIA CD,DEPOSIT BARRIER METAL,MEASURE SHEET RESISTANCE,SPIN COAT PHOTORESIST,MEASURE GATE CD
valid_mosfet_seq_0738_80,PASSIVATION ETCH PAD OPENING,PASSIVATION ETCH,SWITCHING TEST,MEASURE PASSIVATION THICKNESS,VIA ETCH THROUGH DIELECTRIC
valid_mosfet_seq_0739_60,CLEAN AFTER VIA ETCH,CLEAN AFTER ETCH,CLEAN AFTER METAL ETCH,BACKSIDE ETCH CLEAN,CLEAN PAD OPENING
valid_mosfet_seq_0739_80,DEVELOP PHOTORESIST,DEVELOP PAD WINDOW,POST EXPOSE BAKE,FINAL PARTICLE INSPECTION,FINAL GEOMETRY CHECK
valid_mosfet_seq_0740_60,MEASURE VIA CD,DEPOSIT BARRIER METAL,SPIN COAT PHOTORESIST,MEASURE METAL THICKNESS,MEASURE VIA RESISTANCE
valid_mosfet_seq_0740_80,CLEAN PAD OPENING,BACKSIDE GRIND,BACKSIDE ETCH CLEAN,CLEAN AFTER VIA ETCH,CLEAN AFTER ETCH
valid_mosfet_seq_0741_60,MEASURE VIA CD,DEPOSIT BARRIER METAL,SPIN COAT PHOTORESIST,DEPOSIT METAL 1,MEASURE SHEET RESISTANCE
valid_mosfet_seq_0741_80,STRIP PHOTORESIST,STRIP RESIST,HARD BAKE,DEVELOP PHOTORESIST,PARAMETRIC TEST
valid_mosfet_seq_0742_60,CLEAN AFTER VIA ETCH,CLEAN AFTER ETCH,DEPOSIT METAL SEED,CLEAN AFTER METAL ETCH,CLEAN PAD OPENING
valid_mosfet_seq_0742_80,PASSIVATION ETCH,PASSIVATION ETCH PAD OPENING,MEASURE PASSIVATION THICKNESS,MEASURE PASSIVATION QUALITY,VIA ETCH THROUGH DIELECTRIC
valid_mosfet_seq_0743_60,FILL VIA METAL,EXPOSE LITHO LEVEL 4,MEASURE GATE OXIDE THICKNESS,DEPOSIT BACKSIDE METAL,BACKSIDE ANNEAL
valid_mosfet_seq_0743_80,STRIP PHOTORESIST,STRIP RESIST,HARD BAKE,DEVELOP PHOTORESIST,PARAMETRIC TEST
valid_mosfet_seq_0744_60,CLEAN AFTER VIA ETCH,CLEAN AFTER ETCH,CLEAN AFTER METAL ETCH,CLEAN PAD OPENING,CLEAN AFTER POLY ETCH
valid_mosfet_seq_0744_80,STRIP RESIST,STRIP PHOTORESIST,HARD BAKE,DEVELOP PHOTORESIST,PARAMETRIC TEST
valid_mosfet_seq_0745_60,DEPOSIT METAL SEED,BACKSIDE GRIND,POLYSILICON ANNEAL,BACKSIDE DRY,CURE PASSIVATION
valid_mosfet_seq_0745_80,PASSIVATION ETCH,PASSIVATION ETCH PAD OPENING,MEASURE PASSIVATION THICKNESS,MEASURE PASSIVATION QUALITY,SWITCHING TEST
valid_mosfet_seq_0746_60,DEPOSIT BARRIER METAL,MEASURE VIA CD,BACKSIDE ETCH CLEAN,IMPLANT WELL,DEPOSIT POLYSILICON
valid_mosfet_seq_0746_80,PASSIVATION ETCH,PASSIVATION ETCH PAD OPENING,VIA ETCH,VIA ETCH THROUGH DIELECTRIC,DIELECTRIC ETCH VIA
valid_mosfet_seq_0747_60,STRIP PHOTORESIST,STRIP RESIST,HARD BAKE,DEVELOP PHOTORESIST,PRE ANNEAL CHECK
valid_mosfet_seq_0747_80,PASSIVATION ETCH,PASSIVATION ETCH PAD OPENING,MEASURE PASSIVATION THICKNESS,MEASURE PASSIVATION QUALITY,SWITCHING TEST
valid_mosfet_seq_0748_60,CLEAN AFTER VIA ETCH,CLEAN AFTER ETCH,CLEAN PAD OPENING,CLEAN AFTER METAL ETCH,ALIGN MASK LEVEL 3
valid_mosfet_seq_0748_80,PASSIVATION ETCH,PASSIVATION ETCH PAD OPENING,OXIDE ETCH,VIA ETCH THROUGH DIELECTRIC,VIA ETCH
valid_mosfet_seq_0749_60,MEASURE VIA CD,DEPOSIT BARRIER METAL,SPIN COAT PHOTORESIST,MEASURE GATE CD,DEPOSIT METAL 1
valid_mosfet_seq_0749_80,PASSIVATION ETCH PAD OPENING,PASSIVATION ETCH,SWITCHING TEST,VIA ETCH THROUGH DIELECTRIC,VIA ETCH
valid_mosfet_seq_0750_60,DEPOSIT BARRIER METAL,MEASURE VIA CD,BACKSIDE ETCH CLEAN,IMPLANT WELL,DEPOSIT METAL 1
valid_mosfet_seq_0750_80,STRIP PHOTORESIST,STRIP RESIST,HARD BAKE,DEVELOP PHOTORESIST,PARAMETRIC TEST
valid_mosfet_seq_0751_60,DEPOSIT BARRIER METAL,MEASURE VIA CD,DEPOSIT PASSIVATION,DEPOSIT METAL 1,BACKSIDE ETCH CLEAN
valid_mosfet_seq_0751_80,PASSIVATION ETCH,PASSIVATION ETCH PAD OPENING,VIA ETCH THROUGH DIELECTRIC,VIA ETCH,DIELECTRIC ETCH VIA
valid_mosfet_seq_0752_60,CLEAN AFTER VIA ETCH,CLEAN AFTER ETCH,CLEAN AFTER METAL ETCH,CLEAN PAD OPENING,CLEAN AFTER POLY ETCH
valid_mosfet_seq_0752_80,STRIP PHOTORESIST,STRIP RESIST,HARD BAKE,DEVELOP PHOTORESIST,PARAMETRIC TEST
valid_mosfet_seq_0753_60,MEASURE VIA CD,DEPOSIT BARRIER METAL,SPIN COAT PHOTORESIST,MEASURE GATE CD,DEPOSIT METAL 1
valid_mosfet_seq_0753_80,PASSIVATION ETCH PAD OPENING,PASSIVATION ETCH,VIA ETCH THROUGH DIELECTRIC,VIA ETCH,DIELECTRIC ETCH VIA
valid_mosfet_seq_0754_60,CLEAN AFTER VIA ETCH,CLEAN AFTER ETCH,CLEAN AFTER METAL ETCH,BACKSIDE ETCH CLEAN,CLEAN PAD OPENING
valid_mosfet_seq_0754_80,PASSIVATION ETCH PAD OPENING,PASSIVATION ETCH,VIA ETCH THROUGH DIELECTRIC,VIA ETCH,DIELECTRIC ETCH VIA
valid_mosfet_seq_0755_60,CLEAN AFTER VIA ETCH,CLEAN AFTER ETCH,CLEAN AFTER METAL ETCH,CLEAN PAD OPENING,CLEAN AFTER POLY ETCH
valid_mosfet_seq_0755_80,PASSIVATION ETCH,PASSIVATION ETCH PAD OPENING,VIA ETCH THROUGH DIELECTRIC,SWITCHING TEST,OXIDE ETCH
valid_mosfet_seq_0756_60,MEASURE VIA CD,DEPOSIT BARRIER METAL,SPIN COAT PHOTORESIST,MEASURE GATE CD,MEASURE SHEET RESISTANCE
valid_mosfet_seq_0756_80,CLEAN PAD OPENING,BACKSIDE ETCH CLEAN,BACKSIDE GRIND,CLEAN AFTER VIA ETCH,CLEAN AFTER POLY ETCH
valid_mosfet_seq_0757_60,DEPOSIT METAL SEED,BACKSIDE GRIND,BACKSIDE DRY,POLYSILICON ANNEAL,SHIP LOT
valid_mosfet_seq_0757_80,STRIP PHOTORESIST,STRIP RESIST,HARD BAKE,DEVELOP PHOTORESIST,PARAMETRIC TEST
valid_mosfet_seq_0758_60,DEPOSIT BARRIER METAL,MEASURE VIA CD,BACKSIDE ETCH CLEAN,DEPOSIT METAL 1,IMPLANT WELL
valid_mosfet_seq_0758_80,STRIP RESIST,STRIP PHOTORESIST,DEVELOP PHOTORESIST,HARD BAKE,PARAMETRIC TEST
valid_mosfet_seq_0759_60,MEASURE VIA CD,DEPOSIT BARRIER METAL,MEASURE VIA RESISTANCE,SPIN COAT PHOTORESIST,DEPOSIT METAL 1
valid_mosfet_seq_0759_80,STRIP PHOTORESIST,STRIP RESIST,HARD BAKE,DEVELOP PHOTORESIST,PRE ANNEAL CHECK
valid_mosfet_seq_0760_60,CLEAN AFTER VIA ETCH,CLEAN AFTER ETCH,CLEAN AFTER METAL ETCH,CLEAN PAD OPENING,CLEAN AFTER POLY ETCH
valid_mosfet_seq_0760_80,PASSIVATION ETCH PAD OPENING,PASSIVATION ETCH,SWITCHING TEST,VIA ETCH THROUGH DIELECTRIC,VIA ETCH
valid_mosfet_seq_0761_60,MEASURE VIA CD,DEPOSIT BARRIER METAL,MEASURE GATE CD,SPIN COAT PHOTORESIST,MEASURE METAL THICKNESS
valid_mosfet_seq_0761_80,DEVELOP PHOTORESIST,DEVELOP PAD WINDOW,POST EXPOSE BAKE,OPEN PAD WINDOW LITHO,PARAMETRIC TEST
valid_mosfet_seq_0762_60,DEPOSIT BARRIER METAL,MEASURE VIA CD,BACKSIDE ETCH CLEAN,IMPLANT WELL,DEPOSIT PASSIVATION
valid_mosfet_seq_0762_80,STRIP PHOTORESIST,STRIP RESIST,DEVELOP PHOTORESIST,HARD BAKE,PARAMETRIC TEST
valid_mosfet_seq_0763_60,CLEAN AFTER VIA ETCH,CLEAN AFTER ETCH,CLEAN AFTER METAL ETCH,CLEAN PAD OPENING,CLEAN AFTER POLY ETCH
valid_mosfet_seq_0763_80,DEVELOP PAD WINDOW,DEVELOP PHOTORESIST,POST EXPOSE BAKE,PARAMETRIC TEST,OPEN PAD WINDOW LITHO
valid_mosfet_seq_0764_60,DEPOSIT BARRIER METAL,MEASURE VIA CD,DEPOSIT POLYSILICON,IMPLANT WELL,DEPOSIT PASSIVATION
valid_mosfet_seq_0764_80,STRIP PHOTORESIST,STRIP RESIST,HARD BAKE,DEVELOP PHOTORESIST,PARAMETRIC TEST
valid_mosfet_seq_0765_60,DEPOSIT METAL SEED,POLYSILICON ANNEAL,BACKSIDE GRIND,BACKSIDE DRY,CLEAN AFTER VIA ETCH
valid_mosfet_seq_0765_80,CLEAN PAD OPENING,BACKSIDE GRIND,BACKSIDE ETCH CLEAN,MEASURE PAD OPENING,CLEAN AFTER VIA ETCH
valid_mosfet_seq_0766_60,CLEAN AFTER VIA ETCH,CLEAN AFTER ETCH,ALIGN MASK LEVEL 3,BACKSIDE ETCH CLEAN,CLEAN PAD OPENING
valid_mosfet_seq_0766_80,STRIP PHOTORESIST,STRIP RESIST,HARD BAKE,DEVELOP PHOTORESIST,PARAMETRIC TEST
valid_mosfet_seq_0767_60,DEPOSIT BARRIER METAL,MEASURE VIA CD,DEPOSIT POLYSILICON,IMPLANT WELL,BACKSIDE ETCH CLEAN
valid_mosfet_seq_0767_80,STRIP PHOTORESIST,STRIP RESIST,HARD BAKE,DEVELOP PHOTORESIST,PARAMETRIC TEST
valid_mosfet_seq_0768_60,MEASURE VIA CD,DEPOSIT BARRIER METAL,SPIN COAT PHOTORESIST,DEPOSIT METAL 1,MEASURE VIA RESISTANCE
valid_mosfet_seq_0768_80,CLEAN PAD OPENING,BACKSIDE ETCH CLEAN,CLEAN AFTER ETCH,CLEAN AFTER POLY ETCH,BACKSIDE GRIND
valid_mosfet_seq_0769_60,MEASURE VIA CD,DEPOSIT BARRIER METAL,SPIN COAT PHOTORESIST,MEASURE VIA RESISTANCE,MEASURE GATE CD
valid_mosfet_seq_0769_80,PASSIVATION ETCH,PASSIVATION ETCH PAD OPENING,VIA ETCH,VIA ETCH THROUGH DIELECTRIC,MEASURE PASSIVATION THICKNESS
valid_mosfet_seq_0770_60,CLEAN AFTER VIA ETCH,CLEAN AFTER ETCH,CLEAN AFTER METAL ETCH,CLEAN PAD OPENING,CLEAN AFTER POLY ETCH
valid_mosfet_seq_0770_80,PASSIVATION ETCH PAD OPENING,PASSIVATION ETCH,VIA ETCH THROUGH DIELECTRIC,VIA ETCH,DIELECTRIC ETCH VIA
valid_mosfet_seq_0771_60,CLEAN AFTER VIA ETCH,CLEAN AFTER ETCH,CLEAN AFTER METAL ETCH,CLEAN PAD OPENING,CLEAN AFTER POLY ETCH
valid_mosfet_seq_0771_80,STRIP PHOTORESIST,STRIP RESIST,HARD BAKE,DEVELOP PHOTORESIST,PARAMETRIC TEST
valid_mosfet_seq_0772_60,MEASURE VIA CD,DEPOSIT BARRIER METAL,SPIN COAT PHOTORESIST,MEASURE OPENING CD,DEPOSIT METAL 1
valid_mosfet_seq_0772_80,PASSIVATION ETCH PAD OPENING,PASSIVATION ETCH,SWITCHING TEST,VIA ETCH THROUGH DIELECTRIC,OXIDE ETCH
valid_mosfet_seq_0773_60,STRIP RESIST,STRIP PHOTORESIST,HARD BAKE,DEVELOP PHOTORESIST,PARAMETRIC TEST
valid_mosfet_seq_0773_80,PASSIVATION ETCH PAD OPENING,PASSIVATION ETCH,DIELECTRIC ETCH VIA,VIA ETCH THROUGH DIELECTRIC,VIA ETCH
valid_mosfet_seq_0774_60,CLEAN AFTER VIA ETCH,CLEAN AFTER ETCH,CLEAN PAD OPENING,CLEAN AFTER METAL ETCH,RCA CLEAN 2
valid_mosfet_seq_0774_80,PASSIVATION ETCH,PASSIVATION ETCH PAD OPENING,SWITCHING TEST,MEASURE PASSIVATION QUALITY,MEASURE PASSIVATION THICKNESS
valid_mosfet_seq_0775_60,STRIP PHOTORESIST,STRIP RESIST,HARD BAKE,DEVELOP PHOTORESIST,PRE ANNEAL CHECK
valid_mosfet_seq_0775_80,STRIP PHOTORESIST,STRIP RESIST,HARD BAKE,DEVELOP PHOTORESIST,PRE ANNEAL CHECK
valid_mosfet_seq_0776_60,CLEAN AFTER VIA ETCH,CLEAN AFTER ETCH,CLEAN AFTER METAL ETCH,CLEAN PAD OPENING,BACKSIDE ETCH CLEAN
valid_mosfet_seq_0776_80,OPEN PAD WINDOW LITHO,PAD WINDOW LITHO,DEVELOP PAD WINDOW,OPEN BOND PAD WINDOW,OPEN PAD WINDOW
valid_mosfet_seq_0777_60,CLEAN AFTER VIA ETCH,CLEAN AFTER ETCH,CLEAN AFTER METAL ETCH,CLEAN PAD OPENING,RCA CLEAN 2
valid_mosfet_seq_0777_80,DEVELOP PHOTORESIST,DEVELOP PAD WINDOW,POST EXPOSE BAKE,OPEN PAD WINDOW LITHO,PAD WINDOW LITHO
valid_mosfet_seq_0778_60,DEPOSIT BARRIER METAL,MEASURE VIA CD,BACKSIDE ETCH CLEAN,IMPLANT WELL,DEPOSIT METAL 1
valid_mosfet_seq_0778_80,STRIP PHOTORESIST,STRIP RESIST,HARD BAKE,DEVELOP PHOTORESIST,PARAMETRIC TEST
valid_mosfet_seq_0779_60,MEASURE VIA CD,DEPOSIT BARRIER METAL,SPIN COAT PHOTORESIST,MEASURE GATE CD,MEASURE METAL THICKNESS
valid_mosfet_seq_0779_80,PASSIVATION ETCH PAD OPENING,PASSIVATION ETCH,VIA ETCH THROUGH DIELECTRIC,MEASURE PASSIVATION THICKNESS,DIELECTRIC ETCH VIA
valid_mosfet_seq_0780_60,DEPOSIT BARRIER METAL,MEASURE VIA CD,BACKSIDE ETCH CLEAN,DEPOSIT METAL 1,IMPLANT WELL
valid_mosfet_seq_0780_80,STRIP PHOTORESIST,STRIP RESIST,HARD BAKE,DEVELOP PHOTORESIST,PARAMETRIC TEST
valid_mosfet_seq_0781_60,HARD BAKE,VIA ETCH THROUGH DIELECTRIC,VIA ETCH,DIELECTRIC ETCH VIA,POLYSILICON ETCH
valid_mosfet_seq_0781_80,DEVELOP PHOTORESIST,DEVELOP PAD WINDOW,POST EXPOSE BAKE,OPEN PAD WINDOW LITHO,PAD WINDOW LITHO
valid_mosfet_seq_0782_60,FILL VIA METAL,EXPOSE LITHO LEVEL 4,DEPOSIT BACKSIDE METAL,BACKSIDE METALLIZATION PREP,BACKSIDE ANNEAL
valid_mosfet_seq_0782_80,CLEAN PAD OPENING,BACKSIDE ETCH CLEAN,BACKSIDE GRIND,BACKSIDE RINSE,CLEAN AFTER ETCH
valid_mosfet_seq_0783_60,MEASURE VIA CD,DEPOSIT BARRIER METAL,DEPOSIT METAL 1,SPIN COAT PHOTORESIST,MEASURE GATE CD
valid_mosfet_seq_0783_80,STRIP PHOTORESIST,STRIP RESIST,HARD BAKE,DEVELOP PHOTORESIST,PARAMETRIC TEST
valid_mosfet_seq_0784_60,STRIP RESIST,STRIP PHOTORESIST,HARD BAKE,DEVELOP PHOTORESIST,RCA CLEAN 1
valid_mosfet_seq_0784_80,DEVELOP PHOTORESIST,DEVELOP PAD WINDOW,POST EXPOSE BAKE,OPEN PAD WINDOW LITHO,PARAMETRIC TEST
valid_mosfet_seq_0785_60,MEASURE VIA CD,DEPOSIT BARRIER METAL,SPIN COAT PHOTORESIST,DEPOSIT METAL 1,MEASURE VIA RESISTANCE
valid_mosfet_seq_0785_80,PASSIVATION ETCH PAD OPENING,PASSIVATION ETCH,SWITCHING TEST,VIA ETCH THROUGH DIELECTRIC,DIELECTRIC ETCH VIA
valid_mosfet_seq_0786_60,DEPOSIT BARRIER METAL,MEASURE VIA CD,BACKSIDE ETCH CLEAN,IMPLANT WELL,DEPOSIT POLYSILICON
valid_mosfet_seq_0786_80,PASSIVATION ETCH PAD OPENING,PASSIVATION ETCH,DEPOSIT PASSIVATION LAYER,VIA ETCH THROUGH DIELECTRIC,SWITCHING TEST
valid_mosfet_seq_0787_60,MEASURE VIA CD,DEPOSIT BARRIER METAL,MEASURE GATE CD,MEASURE OPENING CD,SPIN COAT PHOTORESIST
valid_mosfet_seq_0787_80,STRIP RESIST,STRIP PHOTORESIST,DEVELOP PHOTORESIST,HARD BAKE,PARAMETRIC TEST
valid_mosfet_seq_0788_60,DEPOSIT BARRIER METAL,MEASURE VIA CD,DEPOSIT POLYSILICON,DEPOSIT PASSIVATION,IMPLANT WELL
valid_mosfet_seq_0788_80,STRIP PHOTORESIST,STRIP RESIST,HARD BAKE,DEVELOP PHOTORESIST,PARAMETRIC TEST
valid_mosfet_seq_0789_60,CLEAN AFTER VIA ETCH,CLEAN AFTER ETCH,RCA CLEAN 2,WET CLEAN RCA2,CLEAN PAD OPENING
valid_mosfet_seq_0789_80,STRIP RESIST,STRIP PHOTORESIST,HARD BAKE,DEVELOP PHOTORESIST,PARAMETRIC TEST
valid_mosfet_seq_0790_60,MEASURE VIA CD,DEPOSIT BARRIER METAL,MEASURE VIA RESISTANCE,DEPOSIT METAL 1,MEASURE SHEET RESISTANCE
valid_mosfet_seq_0790_80,STRIP PHOTORESIST,STRIP RESIST,HARD BAKE,DEVELOP PHOTORESIST,PARAMETRIC TEST
valid_mosfet_seq_0791_60,MEASURE VIA CD,DEPOSIT BARRIER METAL,MEASURE GATE CD,SPIN COAT PHOTORESIST,DEPOSIT METAL 1
valid_mosfet_seq_0791_80,STRIP PHOTORESIST,STRIP RESIST,HARD BAKE,DEVELOP PHOTORESIST,PARAMETRIC TEST
valid_mosfet_seq_0792_60,MEASURE VIA CD,DEPOSIT BARRIER METAL,MEASURE LINE WIDTH,DEPOSIT PASSIVATION,DEPOSIT METAL 1
valid_mosfet_seq_0792_80,PASSIVATION ETCH,PASSIVATION ETCH PAD OPENING,MEASURE PASSIVATION THICKNESS,MEASURE PASSIVATION QUALITY,SWITCHING TEST
valid_mosfet_seq_0793_60,DEPOSIT BARRIER METAL,MEASURE VIA CD,BACKSIDE ETCH CLEAN,IMPLANT WELL,DEPOSIT PASSIVATION
valid_mosfet_seq_0793_80,STRIP RESIST,STRIP PHOTORESIST,HARD BAKE,DEVELOP PHOTORESIST,PARAMETRIC TEST
valid_mosfet_seq_0794_60,MEASURE VIA CD,DEPOSIT BARRIER METAL,MEASURE OPENING CD,MEASURE GATE CD,DEPOSIT PASSIVATION
valid_mosfet_seq_0794_80,PASSIVATION ETCH PAD OPENING,PASSIVATION ETCH,VIA ETCH THROUGH DIELECTRIC,SWITCHING TEST,MEASURE PASSIVATION THICKNESS
valid_mosfet_seq_0795_60,STRIP PHOTORESIST,STRIP RESIST,HARD BAKE,DEVELOP PHOTORESIST,PRE ANNEAL CHECK
valid_mosfet_seq_0795_80,STRIP PHOTORESIST,STRIP RESIST,HARD BAKE,DEVELOP PHOTORESIST,PARAMETRIC TEST
valid_mosfet_seq_0796_60,DEPOSIT BARRIER METAL,MEASURE VIA CD,BACKSIDE ETCH CLEAN,IMPLANT WELL,DEPOSIT METAL 1
valid_mosfet_seq_0796_80,PASSIVATION ETCH PAD OPENING,PASSIVATION ETCH,SWITCHING TEST,VIA ETCH THROUGH DIELECTRIC,VIA ETCH
valid_mosfet_seq_0797_60,STRIP PHOTORESIST,STRIP RESIST,HARD BAKE,DEVELOP PHOTORESIST,PRE ANNEAL CHECK
valid_mosfet_seq_0797_80,PASSIVATION ETCH PAD OPENING,PASSIVATION ETCH,MEASURE PASSIVATION THICKNESS,SWITCHING TEST,MEASURE PASSIVATION QUALITY
valid_mosfet_seq_0798_60,DEPOSIT BARRIER METAL,MEASURE VIA CD,DEPOSIT POLYSILICON,IMPLANT WELL,BACKSIDE ETCH CLEAN
valid_mosfet_seq_0798_80,PASSIVATION ETCH PAD OPENING,PASSIVATION ETCH,VIA ETCH THROUGH DIELECTRIC,VIA ETCH,SWITCHING TEST
valid_mosfet_seq_0799_60,CLEAN AFTER VIA ETCH,CLEAN AFTER ETCH,RCA CLEAN 2,WET CLEAN RCA2,DEPOSIT BARRIER METAL
valid_mosfet_seq_0799_80,STRIP PHOTORESIST,STRIP RESIST,HARD BAKE,DEVELOP PHOTORESIST,PARAMETRIC TEST
valid_mosfet_seq_0800_60,DEPOSIT METAL SEED,POLYSILICON ANNEAL,BACKSIDE GRIND,BACKSIDE DRY,SHIP LOT
valid_mosfet_seq_0800_80,PASSIVATION ETCH PAD OPENING,PASSIVATION ETCH,MEASURE PASSIVATION THICKNESS,MEASURE PASSIVATION QUALITY,SWITCHING TEST
valid_mosfet_seq_0801_60,CLEAN AFTER VIA ETCH,CLEAN AFTER ETCH,CLEAN PAD OPENING,CLEAN AFTER METAL ETCH,RCA CLEAN 2
valid_mosfet_seq_0801_80,STRIP RESIST,STRIP PHOTORESIST,HARD BAKE,DEVELOP PHOTORESIST,PARAMETRIC TEST
valid_mosfet_seq_0802_60,DEPOSIT BARRIER METAL,MEASURE VIA CD,BACKSIDE ETCH CLEAN,DEPOSIT METAL 1,DEPOSIT POLYSILICON
valid_mosfet_seq_0802_80,STRIP PHOTORESIST,STRIP RESIST,DEVELOP PHOTORESIST,HARD BAKE,PARAMETRIC TEST
valid_mosfet_seq_0803_60,CLEAN AFTER VIA ETCH,CLEAN AFTER ETCH,CLEAN PAD OPENING,CLEAN AFTER METAL ETCH,RCA CLEAN 2
valid_mosfet_seq_0803_80,STRIP RESIST,STRIP PHOTORESIST,DEVELOP PHOTORESIST,HARD BAKE,PARAMETRIC TEST
valid_mosfet_seq_0804_60,MEASURE VIA CD,DEPOSIT BARRIER METAL,SPIN COAT PHOTORESIST,MEASURE METAL THICKNESS,DEPOSIT METAL 1
valid_mosfet_seq_0804_80,STRIP RESIST,STRIP PHOTORESIST,DEVELOP PHOTORESIST,HARD BAKE,PARAMETRIC TEST
valid_mosfet_seq_0805_60,MEASURE VIA CD,DEPOSIT BARRIER METAL,DEPOSIT METAL 1,MEASURE VIA RESISTANCE,DEPOSIT TOP METAL
valid_mosfet_seq_0805_80,DEVELOP PAD WINDOW,DEVELOP PHOTORESIST,POST EXPOSE BAKE,HARD BAKE,OPEN PAD WINDOW LITHO
valid_mosfet_seq_0806_60,MEASURE VIA CD,DEPOSIT BARRIER METAL,DEPOSIT METAL 1,MEASURE VIA RESISTANCE,DEPOSIT TOP METAL
valid_mosfet_seq_0806_80,PASSIVATION ETCH PAD OPENING,PASSIVATION ETCH,VIA ETCH THROUGH DIELECTRIC,VIA ETCH,DIELECTRIC ETCH VIA
valid_mosfet_seq_0807_60,CLEAN AFTER VIA ETCH,CLEAN AFTER ETCH,CLEAN AFTER METAL ETCH,BACKSIDE ETCH CLEAN,CLEAN PAD OPENING
valid_mosfet_seq_0807_80,PASSIVATION ETCH,PASSIVATION ETCH PAD OPENING,SWITCHING TEST,VIA ETCH THROUGH DIELECTRIC,VIA ETCH
valid_mosfet_seq_0808_60,CLEAN AFTER VIA ETCH,CLEAN AFTER ETCH,CLEAN AFTER METAL ETCH,CLEAN PAD OPENING,CLEAN AFTER POLY ETCH
valid_mosfet_seq_0808_80,STRIP PHOTORESIST,STRIP RESIST,HARD BAKE,DEVELOP PHOTORESIST,PARAMETRIC TEST
valid_mosfet_seq_0809_60,DEPOSIT METAL SEED,BACKSIDE GRIND,POLYSILICON ANNEAL,BACKSIDE DRY,SHIP LOT
valid_mosfet_seq_0809_80,CLEAN PAD OPENING,BACKSIDE GRIND,BACKSIDE ETCH CLEAN,CLEAN AFTER VIA ETCH,CLEAN AFTER POLY ETCH
valid_mosfet_seq_0810_60,CLEAN AFTER VIA ETCH,CLEAN AFTER ETCH,CLEAN AFTER METAL ETCH,CLEAN PAD OPENING,DEPOSIT METAL SEED
valid_mosfet_seq_0810_80,STRIP RESIST,STRIP PHOTORESIST,HARD BAKE,DEVELOP PHOTORESIST,PARAMETRIC TEST
valid_mosfet_seq_0811_60,DEPOSIT BARRIER METAL,MEASURE VIA CD,BACKSIDE ETCH CLEAN,IMPLANT WELL,DEPOSIT METAL 1
valid_mosfet_seq_0811_80,CLEAN PAD OPENING,BACKSIDE GRIND,BACKSIDE ETCH CLEAN,CLEAN AFTER VIA ETCH,CLEAN AFTER ETCH
valid_mosfet_seq_0812_60,DEPOSIT BARRIER METAL,MEASURE VIA CD,DEPOSIT POLYSILICON,IMPLANT WELL,BACKSIDE ETCH CLEAN
valid_mosfet_seq_0812_80,PASSIVATION ETCH,PASSIVATION ETCH PAD OPENING,SWITCHING TEST,MEASURE PASSIVATION THICKNESS,VIA ETCH THROUGH DIELECTRIC
valid_mosfet_seq_0813_60,CLEAN AFTER VIA ETCH,CLEAN AFTER ETCH,CLEAN AFTER METAL ETCH,RCA CLEAN 2,WET CLEAN RCA2
valid_mosfet_seq_0813_80,STRIP PHOTORESIST,STRIP RESIST,HARD BAKE,DEVELOP PHOTORESIST,PARAMETRIC TEST
valid_mosfet_seq_0814_60,MEASURE VIA CD,DEPOSIT BARRIER METAL,MEASURE VIA RESISTANCE,SPIN COAT PHOTORESIST,DEPOSIT METAL 1
valid_mosfet_seq_0814_80,PASSIVATION ETCH PAD OPENING,PASSIVATION ETCH,VIA ETCH THROUGH DIELECTRIC,VIA ETCH,SWITCHING TEST
valid_mosfet_seq_0815_60,CLEAN AFTER VIA ETCH,CLEAN AFTER ETCH,CLEAN PAD OPENING,WET CLEAN RCA2,RCA CLEAN 2
valid_mosfet_seq_0815_80,STRIP PHOTORESIST,STRIP RESIST,HARD BAKE,DEVELOP PHOTORESIST,PARAMETRIC TEST
valid_mosfet_seq_0816_60,STRIP RESIST,STRIP PHOTORESIST,HARD BAKE,DEVELOP PHOTORESIST,PRE ANNEAL CHECK
valid_mosfet_seq_0816_80,DEVELOP PHOTORESIST,DEVELOP PAD WINDOW,POST EXPOSE BAKE,OPEN PAD WINDOW LITHO,PAD WINDOW LITHO
valid_mosfet_seq_0817_60,CLEAN AFTER VIA ETCH,CLEAN AFTER ETCH,CLEAN PAD OPENING,CLEAN AFTER METAL ETCH,ALIGN MASK LEVEL 3
valid_mosfet_seq_0817_80,PASSIVATION ETCH PAD OPENING,PASSIVATION ETCH,SWITCHING TEST,MEASURE PASSIVATION THICKNESS,MEASURE PASSIVATION QUALITY
valid_mosfet_seq_0818_60,MEASURE VIA CD,DEPOSIT BARRIER METAL,MEASURE OPENING CD,MEASURE SHEET RESISTANCE,DEPOSIT METAL 1
valid_mosfet_seq_0818_80,PASSIVATION ETCH,PASSIVATION ETCH PAD OPENING,MEASURE PASSIVATION THICKNESS,MEASURE PASSIVATION QUALITY,SWITCHING TEST
valid_mosfet_seq_0819_60,MEASURE VIA CD,DEPOSIT BARRIER METAL,DEPOSIT METAL 1,MEASURE VIA RESISTANCE,MEASURE CONTACT RESISTANCE
valid_mosfet_seq_0819_80,PASSIVATION ETCH,PASSIVATION ETCH PAD OPENING,SWITCHING TEST,MEASURE PASSIVATION THICKNESS,MEASURE PASSIVATION QUALITY
valid_mosfet_seq_0820_60,CLEAN AFTER VIA ETCH,CLEAN AFTER ETCH,CLEAN PAD OPENING,CLEAN AFTER METAL ETCH,ALIGN MASK LEVEL 3
valid_mosfet_seq_0820_80,PASSIVATION ETCH,PASSIVATION ETCH PAD OPENING,MEASURE PASSIVATION THICKNESS,MEASURE PASSIVATION QUALITY,SWITCHING TEST
valid_mosfet_seq_0821_60,MEASURE VIA CD,DEPOSIT BARRIER METAL,SPIN COAT PHOTORESIST,DEPOSIT METAL 1,MEASURE GATE CD
valid_mosfet_seq_0821_80,STRIP PHOTORESIST,STRIP RESIST,HARD BAKE,DEVELOP PHOTORESIST,PARAMETRIC TEST
valid_mosfet_seq_0822_60,CLEAN AFTER VIA ETCH,CLEAN AFTER ETCH,RCA CLEAN 2,WET CLEAN RCA2,CLEAN AFTER METAL ETCH
valid_mosfet_seq_0822_80,PASSIVATION ETCH,PASSIVATION ETCH PAD OPENING,SWITCHING TEST,MEASURE PASSIVATION THICKNESS,MEASURE PASSIVATION QUALITY
valid_mosfet_seq_0823_60,MEASURE VIA CD,DEPOSIT BARRIER METAL,DEPOSIT METAL 1,MEASURE VIA RESISTANCE,DEPOSIT TOP METAL
valid_mosfet_seq_0823_80,PASSIVATION ETCH PAD OPENING,PASSIVATION ETCH,SWITCHING TEST,THRESHOLD VOLTAGE TEST,MEASURE PASSIVATION THICKNESS
valid_mosfet_seq_0824_60,CLEAN AFTER VIA ETCH,CLEAN AFTER ETCH,CLEAN PAD OPENING,CLEAN AFTER METAL ETCH,RCA CLEAN 2
valid_mosfet_seq_0824_80,STRIP RESIST,STRIP PHOTORESIST,HARD BAKE,DEVELOP PHOTORESIST,PARAMETRIC TEST
valid_mosfet_seq_0825_60,DEPOSIT BARRIER METAL,MEASURE VIA CD,BACKSIDE ETCH CLEAN,IMPLANT WELL,DEPOSIT POLYSILICON
valid_mosfet_seq_0825_80,STRIP PHOTORESIST,STRIP RESIST,HARD BAKE,DEVELOP PHOTORESIST,PARAMETRIC TEST
valid_mosfet_seq_0826_60,MEASURE VIA CD,DEPOSIT BARRIER METAL,MEASURE LINE WIDTH,DEPOSIT PASSIVATION,MEASURE SHEET RESISTANCE
valid_mosfet_seq_0826_80,STRIP PHOTORESIST,STRIP RESIST,HARD BAKE,DEVELOP PHOTORESIST,PARAMETRIC TEST
valid_mosfet_seq_0827_60,CLEAN AFTER VIA ETCH,CLEAN AFTER ETCH,RCA CLEAN 2,WET CLEAN RCA2,CLEAN PAD OPENING
valid_mosfet_seq_0827_80,PASSIVATION ETCH,PASSIVATION ETCH PAD OPENING,SWITCHING TEST,MEASURE PASSIVATION THICKNESS,MEASURE PASSIVATION QUALITY
valid_mosfet_seq_0828_60,MEASURE VIA CD,DEPOSIT BARRIER METAL,MEASURE VIA RESISTANCE,MEASURE GATE CD,DEPOSIT METAL 1
valid_mosfet_seq_0828_80,PASSIVATION ETCH,PASSIVATION ETCH PAD OPENING,SWITCHING TEST,VIA ETCH,VIA ETCH THROUGH DIELECTRIC
valid_mosfet_seq_0829_60,DEPOSIT METAL SEED,BACKSIDE GRIND,POLYSILICON ANNEAL,BACKSIDE DRY,SHIP LOT
valid_mosfet_seq_0829_80,STRIP PHOTORESIST,STRIP RESIST,HARD BAKE,DEVELOP PHOTORESIST,PARAMETRIC TEST
valid_mosfet_seq_0830_60,DEPOSIT BARRIER METAL,MEASURE VIA CD,BACKSIDE ETCH CLEAN,IMPLANT WELL,DEPOSIT POLYSILICON
valid_mosfet_seq_0830_80,STRIP PHOTORESIST,STRIP RESIST,HARD BAKE,DEVELOP PHOTORESIST,PARAMETRIC TEST
valid_mosfet_seq_0831_60,MEASURE VIA CD,DEPOSIT BARRIER METAL,MEASURE GATE CD,SPIN COAT PHOTORESIST,MEASURE OPENING CD
valid_mosfet_seq_0831_80,DEVELOP PAD WINDOW,DEVELOP PHOTORESIST,POST EXPOSE BAKE,PAD WINDOW LITHO,OPEN PAD WINDOW LITHO
valid_mosfet_seq_0832_60,DEPOSIT BARRIER METAL,MEASURE VIA CD,DEPOSIT PASSIVATION,IMPLANT WELL,DEPOSIT POLYSILICON
valid_mosfet_seq_0832_80,STRIP PHOTORESIST,STRIP RESIST,HARD BAKE,DEVELOP PHOTORESIST,PRE ANNEAL CHECK
valid_mosfet_seq_0833_60,DEPOSIT BARRIER METAL,MEASURE VIA CD,IMPLANT WELL,DEPOSIT POLYSILICON,DEPOSIT METAL 1
valid_mosfet_seq_0833_80,STRIP PHOTORESIST,STRIP RESIST,DEVELOP PHOTORESIST,HARD BAKE,PARAMETRIC TEST
valid_mosfet_seq_0834_60,MEASURE VIA CD,DEPOSIT BARRIER METAL,DEPOSIT METAL 1,MEASURE GATE CD,DEPOSIT TOP METAL
valid_mosfet_seq_0834_80,STRIP PHOTORESIST,STRIP RESIST,DEVELOP PHOTORESIST,HARD BAKE,PRE ANNEAL CHECK
valid_mosfet_seq_0835_60,CLEAN AFTER VIA ETCH,CLEAN AFTER ETCH,CLEAN AFTER METAL ETCH,BACKSIDE ETCH CLEAN,CLEAN PAD OPENING
valid_mosfet_seq_0835_80,PASSIVATION ETCH,PASSIVATION ETCH PAD OPENING,VIA ETCH THROUGH DIELECTRIC,VIA ETCH,MEASURE PASSIVATION THICKNESS
valid_mosfet_seq_0836_60,STRIP PHOTORESIST,STRIP RESIST,HARD BAKE,DEVELOP PHOTORESIST,DENSIFY DIELECTRIC
valid_mosfet_seq_0836_80,STRIP PHOTORESIST,STRIP RESIST,HARD BAKE,DEVELOP PHOTORESIST,PARAMETRIC TEST
valid_mosfet_seq_0837_60,MEASURE VIA CD,DEPOSIT BARRIER METAL,SPIN COAT PHOTORESIST,MEASURE GATE CD,MEASURE METAL THICKNESS
valid_mosfet_seq_0837_80,DEVELOP PAD WINDOW,DEVELOP PHOTORESIST,POST EXPOSE BAKE,PARAMETRIC TEST,PAD WINDOW LITHO
valid_mosfet_seq_0838_60,DEPOSIT METAL SEED,BACKSIDE GRIND,POLYSILICON ANNEAL,BACKSIDE DRY,CLEAN AFTER VIA ETCH
valid_mosfet_seq_0838_80,CLEAN PAD OPENING,BACKSIDE GRIND,BACKSIDE ETCH CLEAN,CLEAN AFTER VIA ETCH,CLEAN AFTER ETCH
valid_mosfet_seq_0839_60,MEASURE VIA CD,DEPOSIT BARRIER METAL,MEASURE GATE CD,MEASURE SHEET RESISTANCE,DEPOSIT METAL 1
valid_mosfet_seq_0839_80,PASSIVATION ETCH PAD OPENING,PASSIVATION ETCH,VIA ETCH,VIA ETCH THROUGH DIELECTRIC,DIELECTRIC ETCH VIA
valid_mosfet_seq_0840_60,STRIP PHOTORESIST,STRIP RESIST,HARD BAKE,DEVELOP PHOTORESIST,PRE ANNEAL CHECK
valid_mosfet_seq_0840_80,PASSIVATION ETCH PAD OPENING,PASSIVATION ETCH,VIA ETCH,VIA ETCH THROUGH DIELECTRIC,DIELECTRIC ETCH VIA
valid_mosfet_seq_0841_60,MEASURE VIA CD,DEPOSIT BARRIER METAL,SPIN COAT PHOTORESIST,MEASURE GATE CD,MEASURE SHEET RESISTANCE
valid_mosfet_seq_0841_80,DEVELOP PAD WINDOW,DEVELOP PHOTORESIST,POST EXPOSE BAKE,STRIP RESIST,PARAMETRIC TEST
valid_mosfet_seq_0842_60,CLEAN AFTER VIA ETCH,CLEAN AFTER ETCH,CLEAN AFTER METAL ETCH,CLEAN PAD OPENING,CLEAN AFTER POLY ETCH
valid_mosfet_seq_0842_80,STRIP PHOTORESIST,STRIP RESIST,DEVELOP PHOTORESIST,HARD BAKE,PARAMETRIC TEST
valid_mosfet_seq_0843_60,DEPOSIT METAL SEED,BACKSIDE GRIND,POLYSILICON ANNEAL,BACKSIDE DRY,CLEAN AFTER VIA ETCH
valid_mosfet_seq_0843_80,CLEAN PAD OPENING,BACKSIDE ETCH CLEAN,CLEAN AFTER ETCH,BACKSIDE RINSE,BACKSIDE GRIND
valid_mosfet_seq_0844_60,DEPOSIT METAL SEED,BACKSIDE GRIND,BACKSIDE DRY,POLYSILICON ANNEAL,DEPOSIT BARRIER METAL
valid_mosfet_seq_0844_80,PASSIVATION ETCH,PASSIVATION ETCH PAD OPENING,SWITCHING TEST,MEASURE PASSIVATION THICKNESS,MEASURE PASSIVATION QUALITY
valid_mosfet_seq_0845_60,DEPOSIT BARRIER METAL,MEASURE VIA CD,DEPOSIT METAL 1,BACKSIDE ETCH CLEAN,DEPOSIT PASSIVATION
valid_mosfet_seq_0845_80,PASSIVATION ETCH PAD OPENING,PASSIVATION ETCH,VIA ETCH THROUGH DIELECTRIC,MEASURE PASSIVATION THICKNESS,VIA ETCH
valid_mosfet_seq_0846_60,MEASURE VIA CD,DEPOSIT BARRIER METAL,SPIN COAT PHOTORESIST,DEPOSIT METAL 1,MEASURE GATE CD
valid_mosfet_seq_0846_80,PASSIVATION ETCH,PASSIVATION ETCH PAD OPENING,SWITCHING TEST,OXIDE ETCH,VIA ETCH THROUGH DIELECTRIC
valid_mosfet_seq_0847_60,HARD BAKE,DIELECTRIC ETCH VIA,VIA ETCH,VIA ETCH THROUGH DIELECTRIC,METAL ETCH
valid_mosfet_seq_0847_80,OPEN PAD WINDOW LITHO,PAD WINDOW LITHO,DEVELOP PAD WINDOW,OPEN BOND PAD WINDOW,OPEN PAD WINDOW
valid_mosfet_seq_0848_60,MEASURE VIA CD,DEPOSIT BARRIER METAL,DEPOSIT METAL 1,SPIN COAT PHOTORESIST,MEASURE VIA RESISTANCE
valid_mosfet_seq_0848_80,DEVELOP PAD WINDOW,DEVELOP PHOTORESIST,POST EXPOSE BAKE,OPEN PAD WINDOW LITHO,PARAMETRIC TEST
valid_mosfet_seq_0849_60,DEPOSIT BARRIER METAL,MEASURE VIA CD,IMPLANT WELL,BACKSIDE ETCH CLEAN,DEPOSIT POLYSILICON
valid_mosfet_seq_0849_80,STRIP PHOTORESIST,STRIP RESIST,HARD BAKE,DEVELOP PHOTORESIST,PARAMETRIC TEST
valid_mosfet_seq_0850_60,STRIP PHOTORESIST,STRIP RESIST,HARD BAKE,DEVELOP PHOTORESIST,PARAMETRIC TEST
valid_mosfet_seq_0850_80,DEVELOP PHOTORESIST,DEVELOP PAD WINDOW,POST EXPOSE BAKE,OPEN PAD WINDOW LITHO,PAD WINDOW LITHO
valid_mosfet_seq_0851_60,STRIP PHOTORESIST,STRIP RESIST,HARD BAKE,DEVELOP PHOTORESIST,PRE ANNEAL CHECK
valid_mosfet_seq_0851_80,PASSIVATION ETCH,PASSIVATION ETCH PAD OPENING,SWITCHING TEST,MEASURE PASSIVATION THICKNESS,MEASURE PASSIVATION QUALITY
valid_mosfet_seq_0852_60,CLEAN AFTER VIA ETCH,CLEAN AFTER ETCH,CLEAN AFTER METAL ETCH,CLEAN PAD OPENING,CLEAN AFTER POLY ETCH
valid_mosfet_seq_0852_80,STRIP PHOTORESIST,STRIP RESIST,HARD BAKE,DEVELOP PHOTORESIST,PRE ANNEAL CHECK
valid_mosfet_seq_0853_60,DEPOSIT BARRIER METAL,MEASURE VIA CD,BACKSIDE ETCH CLEAN,DEPOSIT METAL 1,IMPLANT WELL
valid_mosfet_seq_0853_80,STRIP PHOTORESIST,STRIP RESIST,DEVELOP PHOTORESIST,HARD BAKE,PARAMETRIC TEST
valid_mosfet_seq_0854_60,MEASURE VIA CD,DEPOSIT BARRIER METAL,MEASURE GATE CD,MEASURE SHEET RESISTANCE,MEASURE VIA RESISTANCE
valid_mosfet_seq_0854_80,STRIP PHOTORESIST,STRIP RESIST,DEVELOP PHOTORESIST,HARD BAKE,PARAMETRIC TEST
valid_mosfet_seq_0855_60,DEPOSIT BARRIER METAL,MEASURE VIA CD,BACKSIDE ETCH CLEAN,DEPOSIT PASSIVATION,DEPOSIT PASSIVATION LAYER
valid_mosfet_seq_0855_80,STRIP PHOTORESIST,STRIP RESIST,HARD BAKE,DEVELOP PHOTORESIST,PARAMETRIC TEST
valid_mosfet_seq_0856_60,DEPOSIT BARRIER METAL,MEASURE VIA CD,DEPOSIT POLYSILICON,IMPLANT WELL,DEPOSIT PASSIVATION
valid_mosfet_seq_0856_80,STRIP PHOTORESIST,STRIP RESIST,HARD BAKE,DEVELOP PHOTORESIST,PARAMETRIC TEST
valid_mosfet_seq_0857_60,DEPOSIT METAL SEED,POLYSILICON ANNEAL,BACKSIDE GRIND,BACKSIDE DRY,CLEAN AFTER VIA ETCH
valid_mosfet_seq_0857_80,CLEAN PAD OPENING,CLEAN AFTER VIA ETCH,BACKSIDE GRIND,BACKSIDE ETCH CLEAN,CLEAN AFTER POLY ETCH
valid_mosfet_seq_0858_60,CLEAN AFTER VIA ETCH,CLEAN AFTER ETCH,CLEAN PAD OPENING,CLEAN AFTER POLY ETCH,CLEAN AFTER METAL ETCH
valid_mosfet_seq_0858_80,STRIP RESIST,STRIP PHOTORESIST,HARD BAKE,DEVELOP PHOTORESIST,PRE ANNEAL CHECK
valid_mosfet_seq_0859_60,CLEAN AFTER VIA ETCH,CLEAN AFTER ETCH,ALIGN MASK LEVEL 3,CLEAN PAD OPENING,RCA CLEAN 2
valid_mosfet_seq_0859_80,PASSIVATION ETCH,PASSIVATION ETCH PAD OPENING,SWITCHING TEST,VIA ETCH THROUGH DIELECTRIC,VIA ETCH
valid_mosfet_seq_0860_60,DEPOSIT BARRIER METAL,MEASURE VIA CD,DEPOSIT POLYSILICON,DEPOSIT PASSIVATION,DEPOSIT PASSIVATION LAYER
valid_mosfet_seq_0860_80,CLEAN PAD OPENING,BACKSIDE GRIND,BACKSIDE ETCH CLEAN,MEASURE PAD OPENING,CLEAN AFTER VIA ETCH
valid_mosfet_seq_0861_60,HARD BAKE,VIA ETCH THROUGH DIELECTRIC,VIA ETCH,DIELECTRIC ETCH VIA,METAL ETCH
valid_mosfet_seq_0861_80,PASSIVATION ETCH PAD OPENING,PASSIVATION ETCH,VIA ETCH,VIA ETCH THROUGH DIELECTRIC,MEASURE PASSIVATION THICKNESS
valid_mosfet_seq_0862_60,DEPOSIT BARRIER METAL,MEASURE VIA CD,DEPOSIT PASSIVATION,BACKSIDE ETCH CLEAN,DEPOSIT METAL 1
valid_mosfet_seq_0862_80,STRIP PHOTORESIST,STRIP RESIST,HARD BAKE,DEVELOP PHOTORESIST,PARAMETRIC TEST
valid_mosfet_seq_0863_60,MEASURE VIA CD,DEPOSIT BARRIER METAL,MEASURE GATE CD,MEASURE VIA RESISTANCE,SPIN COAT PHOTORESIST
valid_mosfet_seq_0863_80,PASSIVATION ETCH PAD OPENING,PASSIVATION ETCH,VIA ETCH THROUGH DIELECTRIC,VIA ETCH,OXIDE ETCH
valid_mosfet_seq_0864_60,FILL VIA METAL,BACKSIDE METALLIZATION PREP,DEPOSIT BACKSIDE METAL,MEASURE GATE OXIDE THICKNESS,LOT IDENTIFICATION
valid_mosfet_seq_0864_80,CLEAN PAD OPENING,BACKSIDE GRIND,BACKSIDE ETCH CLEAN,CLEAN AFTER POLY ETCH,CLEAN AFTER ETCH
valid_mosfet_seq_0865_60,DEPOSIT BARRIER METAL,MEASURE VIA CD,BACKSIDE ETCH CLEAN,DEPOSIT METAL 1,DEPOSIT POLYSILICON
valid_mosfet_seq_0865_80,STRIP PHOTORESIST,STRIP RESIST,HARD BAKE,DEVELOP PHOTORESIST,PARAMETRIC TEST
valid_mosfet_seq_0866_60,CLEAN AFTER VIA ETCH,CLEAN AFTER ETCH,RCA CLEAN 2,WET CLEAN RCA2,CLEAN PAD OPENING
valid_mosfet_seq_0866_80,PASSIVATION ETCH,PASSIVATION ETCH PAD OPENING,MEASURE PASSIVATION THICKNESS,VIA ETCH THROUGH DIELECTRIC,MEASURE PASSIVATION QUALITY
valid_mosfet_seq_0867_60,CLEAN AFTER VIA ETCH,CLEAN AFTER ETCH,CLEAN PAD OPENING,CLEAN AFTER METAL ETCH,CLEAN AFTER POLY ETCH
valid_mosfet_seq_0867_80,DEVELOP PAD WINDOW,DEVELOP PHOTORESIST,POST EXPOSE BAKE,PARAMETRIC TEST,OPEN PAD WINDOW LITHO
valid_mosfet_seq_0868_60,MEASURE VIA CD,DEPOSIT BARRIER METAL,DEPOSIT METAL 1,MEASURE VIA RESISTANCE,DEPOSIT TOP METAL
valid_mosfet_seq_0868_80,STRIP PHOTORESIST,STRIP RESIST,HARD BAKE,DEVELOP PHOTORESIST,PARAMETRIC TEST
valid_mosfet_seq_0869_60,MEASURE VIA CD,DEPOSIT BARRIER METAL,DEPOSIT METAL 1,MEASURE VIA RESISTANCE,MEASURE OPENING CD
valid_mosfet_seq_0869_80,STRIP RESIST,STRIP PHOTORESIST,DEVELOP PHOTORESIST,HARD BAKE,PARAMETRIC TEST
valid_mosfet_seq_0870_60,MEASURE VIA CD,DEPOSIT BARRIER METAL,SPIN COAT PHOTORESIST,DEPOSIT METAL 1,MEASURE VIA RESISTANCE
valid_mosfet_seq_0870_80,STRIP PHOTORESIST,STRIP RESIST,HARD BAKE,DEVELOP PHOTORESIST,PARAMETRIC TEST
valid_mosfet_seq_0871_60,DEPOSIT BARRIER METAL,MEASURE VIA CD,BACKSIDE ETCH CLEAN,DEPOSIT METAL 1,DEPOSIT TOP METAL
valid_mosfet_seq_0871_80,PASSIVATION ETCH PAD OPENING,PASSIVATION ETCH,VIA ETCH THROUGH DIELECTRIC,VIA ETCH,DIELECTRIC ETCH VIA
valid_mosfet_seq_0872_60,STRIP PHOTORESIST,STRIP RESIST,HARD BAKE,DEVELOP PHOTORESIST,POST EXPOSE BAKE
valid_mosfet_seq_0872_80,STRIP PHOTORESIST,STRIP RESIST,HARD BAKE,DEVELOP PHOTORESIST,PARAMETRIC TEST
valid_mosfet_seq_0873_60,DEPOSIT BARRIER METAL,MEASURE VIA CD,DEPOSIT POLYSILICON,IMPLANT WELL,DEPOSIT PASSIVATION
valid_mosfet_seq_0873_80,STRIP PHOTORESIST,STRIP RESIST,HARD BAKE,DEVELOP PHOTORESIST,PARAMETRIC TEST
valid_mosfet_seq_0874_60,MEASURE VIA CD,DEPOSIT BARRIER METAL,MEASURE OPENING CD,MEASURE GATE CD,SPIN COAT PHOTORESIST
valid_mosfet_seq_0874_80,CLEAN PAD OPENING,BACKSIDE GRIND,BACKSIDE RINSE,BACKSIDE ETCH CLEAN,BACKSIDE DRY
valid_mosfet_seq_0875_60,MEASURE VIA CD,DEPOSIT BARRIER METAL,MEASURE LINE WIDTH,DEPOSIT PASSIVATION,DEPOSIT PASSIVATION LAYER
valid_mosfet_seq_0875_80,STRIP PHOTORESIST,STRIP RESIST,HARD BAKE,DEVELOP PHOTORESIST,PARAMETRIC TEST
valid_mosfet_seq_0876_60,CLEAN AFTER VIA ETCH,CLEAN AFTER ETCH,CLEAN PAD OPENING,ALIGN MASK LEVEL 3,RCA CLEAN 2
valid_mosfet_seq_0876_80,PASSIVATION ETCH,PASSIVATION ETCH PAD OPENING,MEASURE PASSIVATION THICKNESS,MEASURE PASSIVATION QUALITY,VIA ETCH THROUGH DIELECTRIC
valid_mosfet_seq_0877_60,CLEAN AFTER VIA ETCH,CLEAN AFTER ETCH,ALIGN MASK LEVEL 3,CLEAN PAD OPENING,CLEAN AFTER METAL ETCH
valid_mosfet_seq_0877_80,PASSIVATION ETCH,PASSIVATION ETCH PAD OPENING,VIA ETCH,VIA ETCH THROUGH DIELECTRIC,MEASURE PASSIVATION THICKNESS
valid_mosfet_seq_0878_60,CLEAN AFTER VIA ETCH,CLEAN AFTER ETCH,CLEAN AFTER METAL ETCH,CLEAN PAD OPENING,CLEAN AFTER POLY ETCH
valid_mosfet_seq_0878_80,PASSIVATION ETCH PAD OPENING,PASSIVATION ETCH,SWITCHING TEST,OXIDE ETCH,THRESHOLD VOLTAGE TEST
valid_mosfet_seq_0879_60,CLEAN AFTER VIA ETCH,CLEAN AFTER ETCH,CLEAN AFTER METAL ETCH,CLEAN PAD OPENING,CLEAN AFTER POLY ETCH
valid_mosfet_seq_0879_80,DEVELOP PHOTORESIST,DEVELOP PAD WINDOW,POST EXPOSE BAKE,OPEN PAD WINDOW LITHO,PAD WINDOW LITHO
valid_mosfet_seq_0880_60,CLEAN AFTER VIA ETCH,CLEAN AFTER ETCH,ALIGN MASK LEVEL 3,CLEAN PAD OPENING,CLEAN AFTER METAL ETCH
valid_mosfet_seq_0880_80,CLEAN PAD OPENING,BACKSIDE GRIND,BACKSIDE ETCH CLEAN,CLEAN AFTER POLY ETCH,CLEAN AFTER ETCH
valid_mosfet_seq_0881_60,STRIP PHOTORESIST,STRIP RESIST,HARD BAKE,DEVELOP PHOTORESIST,PRE ANNEAL CHECK
valid_mosfet_seq_0881_80,DEVELOP PHOTORESIST,DEVELOP PAD WINDOW,POST EXPOSE BAKE,OPEN PAD WINDOW LITHO,PAD WINDOW LITHO
valid_mosfet_seq_0882_60,MEASURE VIA CD,DEPOSIT BARRIER METAL,MEASURE SHEET RESISTANCE,MEASURE OPENING CD,MEASURE GATE CD
valid_mosfet_seq_0882_80,STRIP RESIST,STRIP PHOTORESIST,HARD BAKE,DEVELOP PHOTORESIST,PARAMETRIC TEST
valid_mosfet_seq_0883_60,MEASURE VIA CD,DEPOSIT BARRIER METAL,SPIN COAT PHOTORESIST,MEASURE OPENING CD,MEASURE GATE CD
valid_mosfet_seq_0883_80,PASSIVATION ETCH,PASSIVATION ETCH PAD OPENING,MEASURE PASSIVATION THICKNESS,VIA ETCH THROUGH DIELECTRIC,MEASURE PASSIVATION QUALITY
valid_mosfet_seq_0884_60,DEPOSIT METAL SEED,BACKSIDE GRIND,POLYSILICON ANNEAL,BACKSIDE DRY,BACKSIDE RINSE
valid_mosfet_seq_0884_80,MEASURE PAD OPENING,HF DIP,ANISOTROPIC ETCH SPACER,GATE OXIDE GROWTH,EPITAXIAL DEPOSITION
valid_mosfet_seq_0885_60,MEASURE VIA CD,DEPOSIT BARRIER METAL,SPIN COAT PHOTORESIST,MEASURE GATE CD,DEPOSIT METAL 1
valid_mosfet_seq_0885_80,CLEAN PAD OPENING,BACKSIDE GRIND,BACKSIDE ETCH CLEAN,MEASURE PAD OPENING,CLEAN AFTER VIA ETCH
valid_mosfet_seq_0886_60,MEASURE VIA CD,DEPOSIT BARRIER METAL,MEASURE GATE CD,DEPOSIT METAL 1,MEASURE VIA RESISTANCE
valid_mosfet_seq_0886_80,STRIP RESIST,STRIP PHOTORESIST,HARD BAKE,DEVELOP PHOTORESIST,PARAMETRIC TEST
valid_mosfet_seq_0887_60,DEPOSIT BARRIER METAL,MEASURE VIA CD,DEPOSIT POLYSILICON,DEPOSIT METAL 1,IMPLANT WELL
valid_mosfet_seq_0887_80,STRIP PHOTORESIST,STRIP RESIST,HARD BAKE,DEVELOP PHOTORESIST,PARAMETRIC TEST
valid_mosfet_seq_0888_60,MEASURE VIA CD,DEPOSIT BARRIER METAL,SPIN COAT PHOTORESIST,DEPOSIT METAL 1,MEASURE OPENING CD
valid_mosfet_seq_0888_80,PASSIVATION ETCH,PASSIVATION ETCH PAD OPENING,MEASURE PASSIVATION THICKNESS,MEASURE PASSIVATION QUALITY,SWITCHING TEST
valid_mosfet_seq_0889_60,CLEAN AFTER VIA ETCH,CLEAN AFTER ETCH,CLEAN PAD OPENING,CLEAN AFTER METAL ETCH,ALIGN MASK LEVEL 3
valid_mosfet_seq_0889_80,PASSIVATION ETCH,PASSIVATION ETCH PAD OPENING,MEASURE PASSIVATION THICKNESS,MEASURE PASSIVATION QUALITY,SWITCHING TEST
valid_mosfet_seq_0890_60,CLEAN AFTER VIA ETCH,CLEAN AFTER ETCH,CLEAN AFTER METAL ETCH,CLEAN PAD OPENING,ALIGN MASK LEVEL 3
valid_mosfet_seq_0890_80,STRIP PHOTORESIST,STRIP RESIST,HARD BAKE,DEVELOP PHOTORESIST,PARAMETRIC TEST
valid_mosfet_seq_0891_60,MEASURE VIA CD,DEPOSIT BARRIER METAL,MEASURE OPENING CD,SPIN COAT PHOTORESIST,DEPOSIT METAL 1
valid_mosfet_seq_0891_80,STRIP RESIST,STRIP PHOTORESIST,HARD BAKE,DEVELOP PHOTORESIST,PARAMETRIC TEST
valid_mosfet_seq_0892_60,CLEAN AFTER VIA ETCH,CLEAN AFTER ETCH,CLEAN AFTER METAL ETCH,ALIGN MASK LEVEL 3,CLEAN PAD OPENING
valid_mosfet_seq_0892_80,PASSIVATION ETCH,PASSIVATION ETCH PAD OPENING,SWITCHING TEST,VIA ETCH,VIA ETCH THROUGH DIELECTRIC
valid_mosfet_seq_0893_60,MEASURE VIA CD,DEPOSIT BARRIER METAL,MEASURE OPENING CD,MEASURE VIA RESISTANCE,DEPOSIT METAL 1
valid_mosfet_seq_0893_80,STRIP PHOTORESIST,STRIP RESIST,HARD BAKE,DEVELOP PHOTORESIST,PARAMETRIC TEST
valid_mosfet_seq_0894_60,STRIP PHOTORESIST,STRIP RESIST,HARD BAKE,DEVELOP PHOTORESIST,PARAMETRIC TEST
valid_mosfet_seq_0894_80,PASSIVATION ETCH,PASSIVATION ETCH PAD OPENING,VIA ETCH THROUGH DIELECTRIC,VIA ETCH,DIELECTRIC ETCH VIA
valid_mosfet_seq_0895_60,MEASURE VIA CD,DEPOSIT BARRIER METAL,MEASURE OPENING CD,MEASURE GATE CD,DEPOSIT METAL 1
valid_mosfet_seq_0895_80,STRIP PHOTORESIST,STRIP RESIST,HARD BAKE,DEVELOP PHOTORESIST,PARAMETRIC TEST
valid_mosfet_seq_0896_60,CLEAN AFTER VIA ETCH,CLEAN AFTER ETCH,CLEAN AFTER METAL ETCH,CLEAN PAD OPENING,RCA CLEAN 2
valid_mosfet_seq_0896_80,CLEAN PAD OPENING,BACKSIDE GRIND,BACKSIDE ETCH CLEAN,BACKSIDE DRY,CLEAN AFTER ETCH
valid_mosfet_seq_0897_60,MEASURE VIA CD,DEPOSIT BARRIER METAL,MEASURE OPENING CD,MEASURE GATE CD,DEPOSIT METAL 1
valid_mosfet_seq_0897_80,PASSIVATION ETCH PAD OPENING,PASSIVATION ETCH,MEASURE PASSIVATION THICKNESS,MEASURE PASSIVATION QUALITY,SWITCHING TEST
valid_mosfet_seq_0898_60,CLEAN AFTER VIA ETCH,CLEAN AFTER ETCH,CLEAN PAD OPENING,CLEAN AFTER METAL ETCH,ALIGN MASK LEVEL 3
valid_mosfet_seq_0898_80,PASSIVATION ETCH PAD OPENING,PASSIVATION ETCH,SWITCHING TEST,OXIDE ETCH,THRESHOLD VOLTAGE TEST
valid_mosfet_seq_0899_60,MEASURE VIA CD,DEPOSIT BARRIER METAL,DEPOSIT METAL 1,MEASURE VIA RESISTANCE,MEASURE GATE CD
valid_mosfet_seq_0899_80,STRIP PHOTORESIST,STRIP RESIST,HARD BAKE,DEVELOP PHOTORESIST,PARAMETRIC TEST
valid_mosfet_seq_0900_60,DEPOSIT BARRIER METAL,MEASURE VIA CD,DEPOSIT POLYSILICON,IMPLANT WELL,DEPOSIT METAL 1
valid_mosfet_seq_0900_80,STRIP PHOTORESIST,STRIP RESIST,HARD BAKE,DEVELOP PHOTORESIST,RCA CLEAN 1
valid_mosfet_seq_0901_60,CLEAN AFTER VIA ETCH,CLEAN AFTER ETCH,ALIGN MASK LEVEL 3,BACKSIDE ETCH CLEAN,CLEAN PAD OPENING
valid_mosfet_seq_0901_80,PASSIVATION ETCH PAD OPENING,PASSIVATION ETCH,DEPOSIT PASSIVATION LAYER,VIA ETCH THROUGH DIELECTRIC,DIELECTRIC ETCH VIA
valid_mosfet_seq_0902_60,DEPOSIT BARRIER METAL,MEASURE VIA CD,BACKSIDE ETCH CLEAN,DEPOSIT PASSIVATION,DEPOSIT METAL 1
valid_mosfet_seq_0902_80,PASSIVATION ETCH PAD OPENING,PASSIVATION ETCH,VIA ETCH THROUGH DIELECTRIC,VIA ETCH,DIELECTRIC ETCH VIA
valid_mosfet_seq_0903_60,STRIP PHOTORESIST,STRIP RESIST,HARD BAKE,DEVELOP PHOTORESIST,PRE ANNEAL CHECK
valid_mosfet_seq_0903_80,PASSIVATION ETCH PAD OPENING,PASSIVATION ETCH,SWITCHING TEST,MEASURE PASSIVATION THICKNESS,MEASURE PASSIVATION QUALITY
valid_mosfet_seq_0904_60,MEASURE VIA CD,DEPOSIT BARRIER METAL,DEPOSIT METAL 1,MEASURE VIA RESISTANCE,SPIN COAT PHOTORESIST
valid_mosfet_seq_0904_80,STRIP PHOTORESIST,STRIP RESIST,HARD BAKE,DEVELOP PHOTORESIST,PARAMETRIC TEST
valid_mosfet_seq_0905_60,CLEAN AFTER VIA ETCH,CLEAN AFTER ETCH,CLEAN PAD OPENING,CLEAN AFTER METAL ETCH,RCA CLEAN 2
valid_mosfet_seq_0905_80,STRIP PHOTORESIST,STRIP RESIST,HARD BAKE,DEVELOP PHOTORESIST,PARAMETRIC TEST
valid_mosfet_seq_0906_60,DEPOSIT BARRIER METAL,MEASURE VIA CD,BACKSIDE ETCH CLEAN,DEPOSIT PASSIVATION,DEPOSIT METAL 1
valid_mosfet_seq_0906_80,STRIP RESIST,STRIP PHOTORESIST,DEVELOP PHOTORESIST,HARD BAKE,PARAMETRIC TEST
valid_mosfet_seq_0907_60,DEPOSIT METAL SEED,POLYSILICON ANNEAL,BACKSIDE GRIND,BACKSIDE DRY,DEPOSIT BARRIER METAL
valid_mosfet_seq_0907_80,STRIP PHOTORESIST,STRIP RESIST,HARD BAKE,DEVELOP PHOTORESIST,PARAMETRIC TEST
valid_mosfet_seq_0908_60,STRIP RESIST,STRIP PHOTORESIST,HARD BAKE,DEVELOP PHOTORESIST,PARAMETRIC TEST
valid_mosfet_seq_0908_80,STRIP PHOTORESIST,STRIP RESIST,HARD BAKE,DEVELOP PHOTORESIST,PARAMETRIC TEST
valid_mosfet_seq_0909_60,CLEAN AFTER VIA ETCH,CLEAN AFTER ETCH,CLEAN AFTER METAL ETCH,CLEAN PAD OPENING,BACKSIDE ETCH CLEAN
valid_mosfet_seq_0909_80,STRIP PHOTORESIST,STRIP RESIST,HARD BAKE,DEVELOP PHOTORESIST,PRE ANNEAL CHECK
valid_mosfet_seq_0910_60,STRIP RESIST,STRIP PHOTORESIST,HARD BAKE,DEVELOP PHOTORESIST,PRE ANNEAL CHECK
valid_mosfet_seq_0910_80,PASSIVATION ETCH PAD OPENING,PASSIVATION ETCH,VIA ETCH THROUGH DIELECTRIC,OXIDE ETCH,DIELECTRIC ETCH VIA
valid_mosfet_seq_0911_60,DEPOSIT METAL SEED,BACKSIDE GRIND,POLYSILICON ANNEAL,BACKSIDE DRY,CLEAN AFTER VIA ETCH
valid_mosfet_seq_0911_80,CLEAN PAD OPENING,BACKSIDE GRIND,MEASURE PAD OPENING,BACKSIDE ETCH CLEAN,CLEAN AFTER POLY ETCH
valid_mosfet_seq_0912_60,STRIP PHOTORESIST,STRIP RESIST,HARD BAKE,DEVELOP PHOTORESIST,PRE ANNEAL CHECK
valid_mosfet_seq_0912_80,STRIP PHOTORESIST,STRIP RESIST,HARD BAKE,DEVELOP PHOTORESIST,PARAMETRIC TEST
valid_mosfet_seq_0913_60,MEASURE VIA CD,DEPOSIT BARRIER METAL,SPIN COAT PHOTORESIST,MEASURE SHEET RESISTANCE,MEASURE GATE CD
valid_mosfet_seq_0913_80,STRIP RESIST,STRIP PHOTORESIST,HARD BAKE,DEVELOP PHOTORESIST,PARAMETRIC TEST
valid_mosfet_seq_0914_60,MEASURE VIA CD,DEPOSIT BARRIER METAL,SPIN COAT PHOTORESIST,DEPOSIT METAL 1,MEASURE GATE CD
valid_mosfet_seq_0914_80,STRIP PHOTORESIST,STRIP RESIST,HARD BAKE,DEVELOP PHOTORESIST,PARAMETRIC TEST
valid_mosfet_seq_0915_60,STRIP RESIST,STRIP PHOTORESIST,HARD BAKE,RCA CLEAN 1,WET CLEAN RCA1
valid_mosfet_seq_0915_80,DEVELOP PHOTORESIST,DEVELOP PAD WINDOW,POST EXPOSE BAKE,OPEN PAD WINDOW LITHO,FINAL PARTICLE INSPECTION
valid_mosfet_seq_0916_60,CLEAN AFTER VIA ETCH,CLEAN AFTER ETCH,RCA CLEAN 2,WET CLEAN RCA2,ALIGN MASK LEVEL 3
valid_mosfet_seq_0916_80,PASSIVATION ETCH,PASSIVATION ETCH PAD OPENING,MEASURE PASSIVATION THICKNESS,MEASURE PASSIVATION QUALITY,VIA ETCH THROUGH DIELECTRIC
valid_mosfet_seq_0917_60,CLEAN AFTER VIA ETCH,CLEAN AFTER ETCH,CLEAN AFTER METAL ETCH,RCA CLEAN 2,WET CLEAN RCA2
valid_mosfet_seq_0917_80,PASSIVATION ETCH PAD OPENING,PASSIVATION ETCH,VIA ETCH THROUGH DIELECTRIC,MEASURE PASSIVATION THICKNESS,DIELECTRIC ETCH VIA
valid_mosfet_seq_0918_60,STRIP RESIST,STRIP PHOTORESIST,HARD BAKE,DEVELOP PHOTORESIST,PARAMETRIC TEST
valid_mosfet_seq_0918_80,STRIP PHOTORESIST,STRIP RESIST,DEVELOP PHOTORESIST,HARD BAKE,PARAMETRIC TEST
valid_mosfet_seq_0919_60,CLEAN AFTER VIA ETCH,CLEAN AFTER ETCH,CLEAN AFTER METAL ETCH,CLEAN PAD OPENING,RCA CLEAN 2
valid_mosfet_seq_0919_80,STRIP RESIST,STRIP PHOTORESIST,DEVELOP PHOTORESIST,HARD BAKE,PARAMETRIC TEST
valid_mosfet_seq_0920_60,STRIP PHOTORESIST,STRIP RESIST,HARD BAKE,DEVELOP PHOTORESIST,PRE ANNEAL CHECK
valid_mosfet_seq_0920_80,PASSIVATION ETCH,PASSIVATION ETCH PAD OPENING,VIA ETCH THROUGH DIELECTRIC,MEASURE PASSIVATION THICKNESS,VIA ETCH
valid_mosfet_seq_0921_60,CLEAN AFTER VIA ETCH,CLEAN AFTER ETCH,CLEAN AFTER METAL ETCH,CLEAN PAD OPENING,CLEAN AFTER POLY ETCH
valid_mosfet_seq_0921_80,DEVELOP PHOTORESIST,DEVELOP PAD WINDOW,POST EXPOSE BAKE,OPEN PAD WINDOW LITHO,PAD WINDOW LITHO
valid_mosfet_seq_0922_60,DEPOSIT METAL SEED,BACKSIDE DRY,BACKSIDE GRIND,POLYSILICON ANNEAL,BACKSIDE RINSE
valid_mosfet_seq_0922_80,STRIP PHOTORESIST,STRIP RESIST,HARD BAKE,DEVELOP PHOTORESIST,PARAMETRIC TEST
valid_mosfet_seq_0923_60,DEPOSIT METAL SEED,POLYSILICON ANNEAL,BACKSIDE GRIND,BACKSIDE DRY,SHIP LOT
valid_mosfet_seq_0923_80,STRIP PHOTORESIST,STRIP RESIST,HARD BAKE,DEVELOP PHOTORESIST,PARAMETRIC TEST
valid_mosfet_seq_0924_60,CLEAN AFTER VIA ETCH,CLEAN AFTER ETCH,CLEAN AFTER METAL ETCH,CLEAN PAD OPENING,BACKSIDE ETCH CLEAN
valid_mosfet_seq_0924_80,DEVELOP PHOTORESIST,DEVELOP PAD WINDOW,POST EXPOSE BAKE,OPEN PAD WINDOW LITHO,PAD WINDOW LITHO
valid_mosfet_seq_0925_60,MEASURE VIA CD,DEPOSIT BARRIER METAL,DEPOSIT METAL 1,MEASURE VIA RESISTANCE,SPIN COAT PHOTORESIST
valid_mosfet_seq_0925_80,STRIP PHOTORESIST,STRIP RESIST,HARD BAKE,DEVELOP PHOTORESIST,PARAMETRIC TEST
valid_mosfet_seq_0926_60,MEASURE VIA CD,DEPOSIT BARRIER METAL,DEPOSIT METAL 1,SPIN COAT PHOTORESIST,MEASURE SHEET RESISTANCE
valid_mosfet_seq_0926_80,STRIP PHOTORESIST,STRIP RESIST,HARD BAKE,DEVELOP PHOTORESIST,PRE ANNEAL CHECK
valid_mosfet_seq_0927_60,DEPOSIT BARRIER METAL,MEASURE VIA CD,BACKSIDE ETCH CLEAN,IMPLANT WELL,DEPOSIT METAL 1
valid_mosfet_seq_0927_80,STRIP PHOTORESIST,STRIP RESIST,HARD BAKE,DEVELOP PHOTORESIST,PARAMETRIC TEST
valid_mosfet_seq_0928_60,DEPOSIT BARRIER METAL,MEASURE VIA CD,IMPLANT WELL,DEPOSIT POLYSILICON,BACKSIDE ETCH CLEAN
valid_mosfet_seq_0928_80,PASSIVATION ETCH,PASSIVATION ETCH PAD OPENING,SWITCHING TEST,MEASURE PASSIVATION THICKNESS,MEASURE PASSIVATION QUALITY
valid_mosfet_seq_0929_60,DEPOSIT BARRIER METAL,MEASURE VIA CD,BACKSIDE ETCH CLEAN,DEPOSIT PASSIVATION,DEPOSIT PASSIVATION LAYER
valid_mosfet_seq_0929_80,PASSIVATION ETCH PAD OPENING,PASSIVATION ETCH,VIA ETCH THROUGH DIELECTRIC,VIA ETCH,DIELECTRIC ETCH VIA
valid_mosfet_seq_0930_60,CLEAN AFTER VIA ETCH,CLEAN AFTER ETCH,CLEAN PAD OPENING,CLEAN AFTER METAL ETCH,CLEAN AFTER POLY ETCH
valid_mosfet_seq_0930_80,PASSIVATION ETCH,PASSIVATION ETCH PAD OPENING,SWITCHING TEST,MEASURE PASSIVATION THICKNESS,MEASURE PASSIVATION QUALITY
valid_mosfet_seq_0931_60,DEPOSIT BARRIER METAL,MEASURE VIA CD,DEPOSIT POLYSILICON,IMPLANT WELL,BACKSIDE ETCH CLEAN
valid_mosfet_seq_0931_80,PASSIVATION ETCH PAD OPENING,PASSIVATION ETCH,SWITCHING TEST,VIA ETCH THROUGH DIELECTRIC,DIELECTRIC ETCH VIA
valid_mosfet_seq_0932_60,MEASURE VIA CD,DEPOSIT BARRIER METAL,MEASURE VIA RESISTANCE,DEPOSIT METAL 1,MEASURE GATE CD
valid_mosfet_seq_0932_80,PASSIVATION ETCH PAD OPENING,PASSIVATION ETCH,VIA ETCH THROUGH DIELECTRIC,VIA ETCH,DIELECTRIC ETCH VIA
valid_mosfet_seq_0933_60,DEPOSIT BARRIER METAL,MEASURE VIA CD,BACKSIDE ETCH CLEAN,IMPLANT WELL,DEPOSIT METAL 1
valid_mosfet_seq_0933_80,STRIP PHOTORESIST,STRIP RESIST,HARD BAKE,DEVELOP PHOTORESIST,PARAMETRIC TEST
valid_mosfet_seq_0934_60,MEASURE VIA CD,DEPOSIT BARRIER METAL,SPIN COAT PHOTORESIST,DEPOSIT METAL 1,MEASURE VIA RESISTANCE
valid_mosfet_seq_0934_80,PASSIVATION ETCH,PASSIVATION ETCH PAD OPENING,MEASURE PASSIVATION THICKNESS,MEASURE PASSIVATION QUALITY,VIA ETCH THROUGH DIELECTRIC
valid_mosfet_seq_0935_60,MEASURE VIA CD,DEPOSIT BARRIER METAL,MEASURE SHEET RESISTANCE,MEASURE LINE WIDTH,MEASURE GATE CD
valid_mosfet_seq_0935_80,STRIP RESIST,STRIP PHOTORESIST,HARD BAKE,DEVELOP PHOTORESIST,PARAMETRIC TEST
valid_mosfet_seq_0936_60,MEASURE VIA CD,DEPOSIT BARRIER METAL,SPIN COAT PHOTORESIST,MEASURE GATE CD,MEASURE METAL THICKNESS
valid_mosfet_seq_0936_80,PASSIVATION ETCH,PASSIVATION ETCH PAD OPENING,SWITCHING TEST,MEASURE PASSIVATION THICKNESS,MEASURE PASSIVATION QUALITY
valid_mosfet_seq_0937_60,DEPOSIT BARRIER METAL,MEASURE VIA CD,BACKSIDE ETCH CLEAN,DEPOSIT METAL 1,IMPLANT WELL
valid_mosfet_seq_0937_80,STRIP RESIST,STRIP PHOTORESIST,HARD BAKE,DEVELOP PHOTORESIST,PARAMETRIC TEST
valid_mosfet_seq_0938_60,HARD BAKE,VIA ETCH,DIELECTRIC ETCH VIA,VIA ETCH THROUGH DIELECTRIC,METAL ETCH
valid_mosfet_seq_0938_80,DEVELOP PAD WINDOW,DEVELOP PHOTORESIST,POST EXPOSE BAKE,OPEN PAD WINDOW LITHO,PAD WINDOW LITHO
valid_mosfet_seq_0939_60,MEASURE VIA CD,DEPOSIT BARRIER METAL,DEPOSIT METAL 1,MEASURE GATE CD,MEASURE VIA RESISTANCE
valid_mosfet_seq_0939_80,STRIP PHOTORESIST,STRIP RESIST,HARD BAKE,DEVELOP PHOTORESIST,PARAMETRIC TEST
valid_mosfet_seq_0940_60,CLEAN AFTER VIA ETCH,CLEAN AFTER ETCH,CLEAN PAD OPENING,CLEAN AFTER METAL ETCH,CLEAN AFTER POLY ETCH
valid_mosfet_seq_0940_80,PASSIVATION ETCH,PASSIVATION ETCH PAD OPENING,MEASURE PASSIVATION THICKNESS,MEASURE PASSIVATION QUALITY,SWITCHING TEST
valid_mosfet_seq_0941_60,STRIP PHOTORESIST,STRIP RESIST,HARD BAKE,DEVELOP PHOTORESIST,PRE ANNEAL CHECK
valid_mosfet_seq_0941_80,DEVELOP PAD WINDOW,DEVELOP PHOTORESIST,POST EXPOSE BAKE,OPEN PAD WINDOW LITHO,PAD WINDOW LITHO
valid_mosfet_seq_0942_60,DIELECTRIC ETCH VIA,VIA ETCH THROUGH DIELECTRIC,VIA ETCH,HARD BAKE,DEPOSIT INTERLAYER DIELECTRIC
valid_mosfet_seq_0942_80,PASSIVATION ETCH,PASSIVATION ETCH PAD OPENING,SWITCHING TEST,MEASURE PASSIVATION THICKNESS,MEASURE PASSIVATION QUALITY
valid_mosfet_seq_0943_60,STRIP PHOTORESIST,STRIP RESIST,HARD BAKE,DEVELOP PHOTORESIST,PRE ANNEAL CHECK
valid_mosfet_seq_0943_80,STRIP PHOTORESIST,STRIP RESIST,HARD BAKE,DEVELOP PHOTORESIST,PARAMETRIC TEST
valid_mosfet_seq_0944_60,DEPOSIT BARRIER METAL,MEASURE VIA CD,BACKSIDE ETCH CLEAN,DEPOSIT METAL 1,DEPOSIT PASSIVATION
valid_mosfet_seq_0944_80,PASSIVATION ETCH PAD OPENING,PASSIVATION ETCH,SWITCHING TEST,VIA ETCH THROUGH DIELECTRIC,MEASURE PASSIVATION QUALITY
valid_mosfet_seq_0945_60,STRIP PHOTORESIST,STRIP RESIST,HARD BAKE,DEVELOP PHOTORESIST,PRE ANNEAL CHECK
valid_mosfet_seq_0945_80,PASSIVATION ETCH PAD OPENING,PASSIVATION ETCH,SWITCHING TEST,VIA ETCH THROUGH DIELECTRIC,OXIDE ETCH
valid_mosfet_seq_0946_60,MEASURE VIA CD,DEPOSIT BARRIER METAL,SPIN COAT PHOTORESIST,MEASURE SHEET RESISTANCE,DEPOSIT METAL 1
valid_mosfet_seq_0946_80,PASSIVATION ETCH,PASSIVATION ETCH PAD OPENING,VIA ETCH THROUGH DIELECTRIC,MEASURE PASSIVATION THICKNESS,VIA ETCH
valid_mosfet_seq_0947_60,MEASURE VIA CD,DEPOSIT BARRIER METAL,SPIN COAT PHOTORESIST,MEASURE GATE CD,DEPOSIT METAL 1
valid_mosfet_seq_0947_80,PASSIVATION ETCH PAD OPENING,PASSIVATION ETCH,VIA ETCH THROUGH DIELECTRIC,VIA ETCH,DIELECTRIC ETCH VIA
valid_mosfet_seq_0948_60,MEASURE VIA CD,DEPOSIT BARRIER METAL,MEASURE LINE WIDTH,DEPOSIT PASSIVATION,DEPOSIT PASSIVATION LAYER
valid_mosfet_seq_0948_80,STRIP PHOTORESIST,STRIP RESIST,HARD BAKE,DEVELOP PHOTORESIST,PRE ANNEAL CHECK
valid_mosfet_seq_0949_60,CLEAN AFTER VIA ETCH,CLEAN AFTER ETCH,CLEAN PAD OPENING,CLEAN AFTER METAL ETCH,CLEAN AFTER POLY ETCH
valid_mosfet_seq_0949_80,PASSIVATION ETCH,PASSIVATION ETCH PAD OPENING,SWITCHING TEST,VIA ETCH THROUGH DIELECTRIC,VIA ETCH
valid_mosfet_seq_0950_60,STRIP PHOTORESIST,STRIP RESIST,HARD BAKE,DEVELOP PHOTORESIST,RCA CLEAN 1
valid_mosfet_seq_0950_80,PASSIVATION ETCH PAD OPENING,PASSIVATION ETCH,VIA ETCH,VIA ETCH THROUGH DIELECTRIC,DIELECTRIC ETCH VIA
valid_mosfet_seq_0951_60,STRIP PHOTORESIST,STRIP RESIST,HARD BAKE,DEVELOP PHOTORESIST,PRE ANNEAL CHECK
valid_mosfet_seq_0951_80,PASSIVATION ETCH,PASSIVATION ETCH PAD OPENING,VIA ETCH THROUGH DIELECTRIC,SWITCHING TEST,VIA ETCH
valid_mosfet_seq_0952_60,MEASURE VIA CD,DEPOSIT BARRIER METAL,MEASURE GATE CD,MEASURE VIA RESISTANCE,DEPOSIT METAL 1
valid_mosfet_seq_0952_80,DEVELOP PAD WINDOW,DEVELOP PHOTORESIST,POST EXPOSE BAKE,OPEN PAD WINDOW LITHO,PAD WINDOW LITHO
valid_mosfet_seq_0953_60,CMP METAL,CMP VIA FILL,CMP DIELECTRIC,CMP INTERLAYER DIELECTRIC,MEASURE LINE WIDTH
valid_mosfet_seq_0953_80,MEASURE PAD OPENING,ANISOTROPIC ETCH SPACER,GATE OXIDE GROWTH,HF DIP,BACKSIDE GRIND
valid_mosfet_seq_0954_60,MEASURE VIA CD,DEPOSIT BARRIER METAL,MEASURE GATE CD,MEASURE VIA RESISTANCE,DEPOSIT PASSIVATION
valid_mosfet_seq_0954_80,STRIP PHOTORESIST,STRIP RESIST,DEVELOP PHOTORESIST,HARD BAKE,PARAMETRIC TEST
valid_mosfet_seq_0955_60,MEASURE VIA CD,DEPOSIT BARRIER METAL,DEPOSIT METAL 1,MEASURE VIA RESISTANCE,DEPOSIT PASSIVATION
valid_mosfet_seq_0955_80,PASSIVATION ETCH,PASSIVATION ETCH PAD OPENING,SWITCHING TEST,VIA ETCH THROUGH DIELECTRIC,VIA ETCH
valid_mosfet_seq_0956_60,MEASURE VIA CD,DEPOSIT BARRIER METAL,SPIN COAT PHOTORESIST,MEASURE OPENING CD,MEASURE SHEET RESISTANCE
valid_mosfet_seq_0956_80,CLEAN PAD OPENING,BACKSIDE GRIND,BACKSIDE ETCH CLEAN,CLEAN AFTER ETCH,CLEAN AFTER POLY ETCH
valid_mosfet_seq_0957_60,STRIP RESIST,STRIP PHOTORESIST,HARD BAKE,DEVELOP PHOTORESIST,PRE ANNEAL CHECK
valid_mosfet_seq_0957_80,DEVELOP PAD WINDOW,DEVELOP PHOTORESIST,POST EXPOSE BAKE,PARAMETRIC TEST,THRESHOLD VOLTAGE TEST
valid_mosfet_seq_0958_60,DEPOSIT BARRIER METAL,MEASURE VIA CD,DEPOSIT PASSIVATION,IMPLANT WELL,DEPOSIT PASSIVATION LAYER
valid_mosfet_seq_0958_80,CLEAN PAD OPENING,BACKSIDE GRIND,BACKSIDE ETCH CLEAN,CLEAN AFTER VIA ETCH,CLEAN AFTER POLY ETCH
valid_mosfet_seq_0959_60,CLEAN AFTER VIA ETCH,CLEAN AFTER ETCH,CLEAN PAD OPENING,CLEAN AFTER METAL ETCH,BACKSIDE ETCH CLEAN
valid_mosfet_seq_0959_80,PASSIVATION ETCH,PASSIVATION ETCH PAD OPENING,VIA ETCH THROUGH DIELECTRIC,VIA ETCH,DIELECTRIC ETCH VIA
valid_mosfet_seq_0960_60,DEPOSIT METAL SEED,POLYSILICON ANNEAL,BACKSIDE GRIND,BACKSIDE DRY,SHIP LOT
valid_mosfet_seq_0960_80,CLEAN PAD OPENING,BACKSIDE GRIND,BACKSIDE ETCH CLEAN,CLEAN AFTER VIA ETCH,MEASURE PAD OPENING
valid_mosfet_seq_0961_60,MEASURE VIA CD,DEPOSIT BARRIER METAL,SPIN COAT PHOTORESIST,MEASURE GATE CD,MEASURE METAL THICKNESS
valid_mosfet_seq_0961_80,DEVELOP PHOTORESIST,DEVELOP PAD WINDOW,POST EXPOSE BAKE,STRIP RESIST,PARAMETRIC TEST
valid_mosfet_seq_0962_60,CLEAN AFTER VIA ETCH,CLEAN AFTER ETCH,CLEAN PAD OPENING,CLEAN AFTER METAL ETCH,CLEAN AFTER POLY ETCH
valid_mosfet_seq_0962_80,PASSIVATION ETCH,PASSIVATION ETCH PAD OPENING,VIA ETCH THROUGH DIELECTRIC,DIELECTRIC ETCH VIA,VIA ETCH
valid_mosfet_seq_0963_60,MEASURE VIA CD,DEPOSIT BARRIER METAL,MEASURE GATE CD,MEASURE VIA RESISTANCE,MEASURE SHEET RESISTANCE
valid_mosfet_seq_0963_80,STRIP PHOTORESIST,STRIP RESIST,HARD BAKE,DEVELOP PHOTORESIST,PARAMETRIC TEST
valid_mosfet_seq_0964_60,CLEAN AFTER VIA ETCH,CLEAN AFTER ETCH,CLEAN PAD OPENING,CLEAN AFTER METAL ETCH,CLEAN AFTER POLY ETCH
valid_mosfet_seq_0964_80,PASSIVATION ETCH PAD OPENING,PASSIVATION ETCH,VIA ETCH THROUGH DIELECTRIC,DIELECTRIC ETCH VIA,VIA ETCH
valid_mosfet_seq_0965_60,MEASURE VIA CD,DEPOSIT BARRIER METAL,MEASURE GATE CD,DEPOSIT METAL 1,MEASURE OPENING CD
valid_mosfet_seq_0965_80,PASSIVATION ETCH,PASSIVATION ETCH PAD OPENING,SWITCHING TEST,MEASURE PASSIVATION THICKNESS,MEASURE PASSIVATION QUALITY
valid_mosfet_seq_0966_60,CLEAN AFTER VIA ETCH,CLEAN AFTER ETCH,CLEAN AFTER METAL ETCH,CLEAN PAD OPENING,CLEAN AFTER POLY ETCH
valid_mosfet_seq_0966_80,PASSIVATION ETCH PAD OPENING,PASSIVATION ETCH,VIA ETCH THROUGH DIELECTRIC,DIELECTRIC ETCH VIA,VIA ETCH
valid_mosfet_seq_0967_60,MEASURE VIA CD,DEPOSIT BARRIER METAL,DEPOSIT METAL 1,MEASURE VIA RESISTANCE,DEPOSIT TOP METAL
valid_mosfet_seq_0967_80,PASSIVATION ETCH PAD OPENING,PASSIVATION ETCH,SWITCHING TEST,MEASURE PASSIVATION THICKNESS,THRESHOLD VOLTAGE TEST
valid_mosfet_seq_0968_60,CLEAN AFTER VIA ETCH,CLEAN AFTER ETCH,CLEAN AFTER METAL ETCH,CLEAN PAD OPENING,CLEAN AFTER POLY ETCH
valid_mosfet_seq_0968_80,PASSIVATION ETCH PAD OPENING,PASSIVATION ETCH,SWITCHING TEST,DIELECTRIC ETCH VIA,OXIDE ETCH
valid_mosfet_seq_0969_60,CLEAN AFTER VIA ETCH,CLEAN AFTER ETCH,CLEAN PAD OPENING,CLEAN AFTER METAL ETCH,RCA CLEAN 2
valid_mosfet_seq_0969_80,STRIP PHOTORESIST,STRIP RESIST,HARD BAKE,DEVELOP PHOTORESIST,PARAMETRIC TEST
valid_mosfet_seq_0970_60,CLEAN AFTER VIA ETCH,CLEAN AFTER ETCH,CLEAN AFTER METAL ETCH,CLEAN PAD OPENING,RCA CLEAN 2
valid_mosfet_seq_0970_80,DEVELOP PHOTORESIST,DEVELOP PAD WINDOW,POST EXPOSE BAKE,OPEN PAD WINDOW LITHO,PARAMETRIC TEST
valid_mosfet_seq_0971_60,MEASURE VIA CD,DEPOSIT BARRIER METAL,MEASURE VIA RESISTANCE,DEPOSIT METAL 1,MEASURE GATE CD
valid_mosfet_seq_0971_80,PASSIVATION ETCH,PASSIVATION ETCH PAD OPENING,VIA ETCH,VIA ETCH THROUGH DIELECTRIC,MEASURE PASSIVATION THICKNESS
valid_mosfet_seq_0972_60,DEPOSIT BARRIER METAL,MEASURE VIA CD,DEPOSIT PASSIVATION,DEPOSIT METAL 1,DEPOSIT PASSIVATION LAYER
valid_mosfet_seq_0972_80,STRIP PHOTORESIST,STRIP RESIST,DEVELOP PHOTORESIST,HARD BAKE,PARAMETRIC TEST
valid_mosfet_seq_0973_60,DEPOSIT METAL SEED,BACKSIDE GRIND,POLYSILICON ANNEAL,BACKSIDE DRY,SHIP LOT
valid_mosfet_seq_0973_80,CLEAN PAD OPENING,BACKSIDE GRIND,BACKSIDE RINSE,BACKSIDE ETCH CLEAN,BACKSIDE DRY
valid_mosfet_seq_0974_60,CLEAN AFTER VIA ETCH,CLEAN AFTER ETCH,CLEAN AFTER METAL ETCH,CLEAN PAD OPENING,BACKSIDE ETCH CLEAN
valid_mosfet_seq_0974_80,PASSIVATION ETCH PAD OPENING,PASSIVATION ETCH,SWITCHING TEST,VIA ETCH THROUGH DIELECTRIC,MEASURE PASSIVATION THICKNESS
valid_mosfet_seq_0975_60,DEPOSIT BARRIER METAL,MEASURE VIA CD,DEPOSIT POLYSILICON,DEPOSIT PASSIVATION,DEPOSIT METAL 1
valid_mosfet_seq_0975_80,CLEAN PAD OPENING,BACKSIDE ETCH CLEAN,BACKSIDE GRIND,CLEAN AFTER VIA ETCH,CLEAN AFTER ETCH
valid_mosfet_seq_0976_60,DEPOSIT METAL SEED,BACKSIDE GRIND,POLYSILICON ANNEAL,BACKSIDE DRY,CLEAN AFTER VIA ETCH
valid_mosfet_seq_0976_80,CLEAN PAD OPENING,BACKSIDE GRIND,BACKSIDE ETCH CLEAN,CLEAN AFTER VIA ETCH,CLEAN AFTER ETCH
valid_mosfet_seq_0977_60,STRIP PHOTORESIST,STRIP RESIST,HARD BAKE,DEVELOP PHOTORESIST,PRE ANNEAL CHECK
valid_mosfet_seq_0977_80,PASSIVATION ETCH PAD OPENING,PASSIVATION ETCH,SWITCHING TEST,MEASURE PASSIVATION THICKNESS,MEASURE PASSIVATION QUALITY
valid_mosfet_seq_0978_60,STRIP PHOTORESIST,STRIP RESIST,HARD BAKE,DEVELOP PHOTORESIST,POST EXPOSE BAKE
valid_mosfet_seq_0978_80,STRIP PHOTORESIST,STRIP RESIST,HARD BAKE,DEVELOP PHOTORESIST,PARAMETRIC TEST
valid_mosfet_seq_0979_60,MEASURE VIA CD,DEPOSIT BARRIER METAL,DEPOSIT METAL 1,MEASURE VIA RESISTANCE,DEPOSIT TOP METAL
valid_mosfet_seq_0979_80,STRIP PHOTORESIST,STRIP RESIST,HARD BAKE,DEVELOP PHOTORESIST,PARAMETRIC TEST
valid_mosfet_seq_0980_60,MEASURE VIA CD,DEPOSIT BARRIER METAL,MEASURE GATE CD,MEASURE VIA RESISTANCE,DEPOSIT METAL 1
valid_mosfet_seq_0980_80,DEVELOP PAD WINDOW,DEVELOP PHOTORESIST,POST EXPOSE BAKE,OPEN PAD WINDOW LITHO,PAD WINDOW LITHO
valid_mosfet_seq_0981_60,DEPOSIT METAL SEED,BACKSIDE GRIND,POLYSILICON ANNEAL,BACKSIDE DRY,DEPOSIT BARRIER METAL
valid_mosfet_seq_0981_80,STRIP PHOTORESIST,STRIP RESIST,HARD BAKE,DEVELOP PHOTORESIST,PARAMETRIC TEST
valid_mosfet_seq_0982_60,DEPOSIT BARRIER METAL,MEASURE VIA CD,IMPLANT WELL,BACKSIDE ETCH CLEAN,DEPOSIT POLYSILICON
valid_mosfet_seq_0982_80,STRIP PHOTORESIST,STRIP RESIST,HARD BAKE,DEVELOP PHOTORESIST,PRE ANNEAL CHECK
valid_mosfet_seq_0983_60,MEASURE VIA CD,DEPOSIT BARRIER METAL,DEPOSIT METAL 1,MEASURE VIA RESISTANCE,SPIN COAT PHOTORESIST
valid_mosfet_seq_0983_80,PASSIVATION ETCH PAD OPENING,PASSIVATION ETCH,SWITCHING TEST,VIA ETCH,VIA ETCH THROUGH DIELECTRIC
valid_mosfet_seq_0984_60,MEASURE VIA CD,DEPOSIT BARRIER METAL,SPIN COAT PHOTORESIST,MEASURE METAL THICKNESS,MEASURE OPENING CD
valid_mosfet_seq_0984_80,STRIP RESIST,STRIP PHOTORESIST,HARD BAKE,DEVELOP PHOTORESIST,PARAMETRIC TEST
valid_mosfet_seq_0985_60,CLEAN AFTER VIA ETCH,CLEAN AFTER ETCH,CLEAN AFTER METAL ETCH,CLEAN PAD OPENING,BACKSIDE ETCH CLEAN
valid_mosfet_seq_0985_80,STRIP PHOTORESIST,STRIP RESIST,HARD BAKE,DEVELOP PHOTORESIST,PARAMETRIC TEST
valid_mosfet_seq_0986_60,MEASURE VIA CD,DEPOSIT BARRIER METAL,SPIN COAT PHOTORESIST,DEPOSIT METAL 1,MEASURE VIA RESISTANCE
valid_mosfet_seq_0986_80,STRIP PHOTORESIST,STRIP RESIST,HARD BAKE,DEVELOP PHOTORESIST,PARAMETRIC TEST
valid_mosfet_seq_0987_60,DEPOSIT BARRIER METAL,MEASURE VIA CD,BACKSIDE ETCH CLEAN,DEPOSIT METAL 1,IMPLANT WELL
valid_mosfet_seq_0987_80,STRIP PHOTORESIST,STRIP RESIST,DEVELOP PHOTORESIST,HARD BAKE,PARAMETRIC TEST
valid_mosfet_seq_0988_60,VIA ETCH THROUGH DIELECTRIC,VIA ETCH,DIELECTRIC ETCH VIA,HARD BAKE,METAL ETCH
valid_mosfet_seq_0988_80,DEVELOP PAD WINDOW,DEVELOP PHOTORESIST,POST EXPOSE BAKE,OPEN PAD WINDOW LITHO,PAD WINDOW LITHO
valid_mosfet_seq_0989_60,MEASURE VIA CD,DEPOSIT BARRIER METAL,SPIN COAT PHOTORESIST,MEASURE GATE CD,MEASURE METAL THICKNESS
valid_mosfet_seq_0989_80,CLEAN PAD OPENING,BACKSIDE ETCH CLEAN,BACKSIDE GRIND,CLEAN AFTER ETCH,BACKSIDE RINSE
valid_mosfet_seq_0990_60,MEASURE VIA CD,DEPOSIT BARRIER METAL,DEPOSIT METAL 1,SPIN COAT PHOTORESIST,MEASURE GATE CD
valid_mosfet_seq_0990_80,PASSIVATION ETCH PAD OPENING,PASSIVATION ETCH,VIA ETCH,VIA ETCH THROUGH DIELECTRIC,DIELECTRIC ETCH VIA
valid_mosfet_seq_0991_60,DEPOSIT BARRIER METAL,MEASURE VIA CD,BACKSIDE ETCH CLEAN,IMPLANT WELL,DEPOSIT POLYSILICON
valid_mosfet_seq_0991_80,PASSIVATION ETCH PAD OPENING,PASSIVATION ETCH,SWITCHING TEST,THRESHOLD VOLTAGE TEST,MEASURE PASSIVATION THICKNESS
valid_mosfet_seq_0992_60,CLEAN AFTER VIA ETCH,CLEAN AFTER ETCH,ALIGN MASK LEVEL 3,CLEAN PAD OPENING,CLEAN AFTER METAL ETCH
valid_mosfet_seq_0992_80,STRIP RESIST,STRIP PHOTORESIST,HARD BAKE,DEVELOP PHOTORESIST,PRE ANNEAL CHECK
valid_mosfet_seq_0993_60,CLEAN AFTER VIA ETCH,CLEAN AFTER ETCH,CLEAN PAD OPENING,CLEAN AFTER METAL ETCH,CLEAN AFTER POLY ETCH
valid_mosfet_seq_0993_80,PASSIVATION ETCH PAD OPENING,PASSIVATION ETCH,MEASURE PASSIVATION THICKNESS,MEASURE PASSIVATION QUALITY,SWITCHING TEST
valid_mosfet_seq_0994_60,MEASURE VIA CD,DEPOSIT BARRIER METAL,MEASURE OPENING CD,MEASURE GATE CD,SPIN COAT PHOTORESIST
valid_mosfet_seq_0994_80,STRIP RESIST,STRIP PHOTORESIST,HARD BAKE,DEVELOP PHOTORESIST,PRE ANNEAL CHECK
valid_mosfet_seq_0995_60,MEASURE VIA CD,DEPOSIT BARRIER METAL,SPIN COAT PHOTORESIST,DEPOSIT METAL 1,MEASURE METAL THICKNESS
valid_mosfet_seq_0995_80,STRIP PHOTORESIST,STRIP RESIST,HARD BAKE,DEVELOP PHOTORESIST,PARAMETRIC TEST
valid_mosfet_seq_0996_60,DEPOSIT BARRIER METAL,MEASURE VIA CD,BACKSIDE ETCH CLEAN,IMPLANT WELL,DEPOSIT POLYSILICON
valid_mosfet_seq_0996_80,STRIP PHOTORESIST,STRIP RESIST,DEVELOP PHOTORESIST,HARD BAKE,PARAMETRIC TEST
valid_mosfet_seq_0997_60,MEASURE VIA CD,DEPOSIT BARRIER METAL,DEPOSIT METAL 1,MEASURE OPENING CD,MEASURE GATE CD
valid_mosfet_seq_0997_80,STRIP RESIST,STRIP PHOTORESIST,HARD BAKE,DEVELOP PHOTORESIST,PARAMETRIC TEST
valid_mosfet_seq_0998_60,DEPOSIT BARRIER METAL,MEASURE VIA CD,BACKSIDE ETCH CLEAN,IMPLANT WELL,DEPOSIT POLYSILICON
valid_mosfet_seq_0998_80,STRIP RESIST,STRIP PHOTORESIST,HARD BAKE,DEVELOP PHOTORESIST,PARAMETRIC TEST
valid_mosfet_seq_0999_60,MEASURE VIA CD,DEPOSIT BARRIER METAL,SPIN COAT PHOTORESIST,DEPOSIT METAL 1,MEASURE VIA RESISTANCE
valid_mosfet_seq_0999_80,PASSIVATION ETCH,PASSIVATION ETCH PAD OPENING,MEASURE PASSIVATION THICKNESS,MEASURE PASSIVATION QUALITY,SWITCHING TEST
valid_mosfet_seq_1000_60,DEPOSIT METAL SEED,POLYSILICON ANNEAL,BACKSIDE GRIND,BACKSIDE DRY,DEPOSIT BARRIER METAL
valid_mosfet_seq_1000_80,CLEAN PAD OPENING,BACKSIDE ETCH CLEAN,CLEAN AFTER ETCH,CLEAN AFTER POLY ETCH,BACKSIDE GRIND
